run,time,length,uniformity,uniformity_BL
run-endocytosis2_baseline_zero_diffusion0000-0002,0.1,7,0.3096276152440627,1.2064708207490358
run-endocytosis2_baseline_zero_diffusion0000-0004,0.1,3,0.11673057234930928,0.9734644666628014
run-endocytosis2_baseline_zero_diffusion0000-0008,0.1,12,0.2720923255663572,0.8481111879445943
run-endocytosis2_baseline_zero_diffusion0000-0009,0.1,4,0.15416670345371242,0.7006630339177661
run-endocytosis2_baseline_zero_diffusion0000-0015,0.1,3,0.1385716992030417,0.7449333260470661
run-endocytosis2_baseline_zero_diffusion0000-0016,0.1,8,0.6651852678571089,1.2794420720207629
run-endocytosis2_baseline_zero_diffusion0000-0017,0.1,2,0.11681579269218667,0.08657516783464358
run-endocytosis2_baseline_zero_diffusion0000-0018,0.1,14,0.6475444781881877,1.2079959582204725
run-endocytosis2_baseline_zero_diffusion0000-0019,0.1,3,0.09981482770874828,0.8869933134837953
run-endocytosis2_baseline_zero_diffusion0000-0022,0.1,7,0.33886064084377554,1.1511472488128536
run-endocytosis2_baseline_zero_diffusion0000-0023,0.1,6,0.07686179500205403,1.0465607674252353
run-endocytosis2_baseline_zero_diffusion0000-0024,0.1,3,0.09260078428566065,0.25502829354321466
run-endocytosis2_baseline_zero_diffusion0000-0027,0.1,11,0.3864850304575902,1.0682957490876668
run-endocytosis2_baseline_zero_diffusion0000-0032,0.1,6,0.2905785507900662,0.7987977829332364
run-endocytosis2_baseline_zero_diffusion0000-0041,0.1,6,0.33565378156690917,0.973919045519194
run-endocytosis2_baseline_zero_diffusion0000-0042,0.1,6,0.33454924088161175,0.8617800532949605
run-endocytosis2_baseline_zero_diffusion0000-0045,0.1,3,0.15708932782564045,0.33165955860631047
run-endocytosis2_baseline_zero_diffusion0000-0000,0.2,6,0.2896815785486164,1.0976390024112932
run-endocytosis2_baseline_zero_diffusion0000-0002,0.2,12,0.46038169385309824,1.2733097732834682
run-endocytosis2_baseline_zero_diffusion0000-0004,0.2,12,0.7222710394431728,0.9771897311767277
run-endocytosis2_baseline_zero_diffusion0000-0007,0.2,5,0.17960637305788563,0.499142209572933
run-endocytosis2_baseline_zero_diffusion0000-0008,0.2,24,0.6642231544765925,1.3090199431694476
run-endocytosis2_baseline_zero_diffusion0000-0011,0.2,11,0.42110383510442073,1.2049790787242407
run-endocytosis2_baseline_zero_diffusion0000-0012,0.2,9,0.4032265779346196,1.0750204575100695
run-endocytosis2_baseline_zero_diffusion0000-0013,0.2,6,0.08639669031579289,0.9039779784209645
run-endocytosis2_baseline_zero_diffusion0000-0014,0.2,6,0.2764376635345511,1.1272547458722681
run-endocytosis2_baseline_zero_diffusion0000-0015,0.2,3,0.13068416147033557,0.6648430332911845
run-endocytosis2_baseline_zero_diffusion0000-0016,0.2,16,1.1898081196678985,1.2082520754864834
run-endocytosis2_baseline_zero_diffusion0000-0017,0.2,2,0.04555698039758327,0.5815868044740578
run-endocytosis2_baseline_zero_diffusion0000-0018,0.2,15,1.0399643005120525,1.1482937120695074
run-endocytosis2_baseline_zero_diffusion0000-0019,0.2,7,0.37333597098414417,1.0336295715409234
run-endocytosis2_baseline_zero_diffusion0000-0020,0.2,6,0.5561429922438261,1.1863673525268954
run-endocytosis2_baseline_zero_diffusion0000-0021,0.2,9,0.40468191672233056,0.9541369504602635
run-endocytosis2_baseline_zero_diffusion0000-0022,0.2,9,0.4088861896693312,1.1509893027544762
run-endocytosis2_baseline_zero_diffusion0000-0023,0.2,15,1.0311592082579284,1.2768590351864026
run-endocytosis2_baseline_zero_diffusion0000-0024,0.2,12,1.0195742546985775,1.1216575325638005
run-endocytosis2_baseline_zero_diffusion0000-0027,0.2,5,0.25715003558038063,1.096289051961648
run-endocytosis2_baseline_zero_diffusion0000-0028,0.2,8,0.27532415383119613,1.20024138345453
run-endocytosis2_baseline_zero_diffusion0000-0029,0.2,6,0.3438061282518037,0.975897025107649
run-endocytosis2_baseline_zero_diffusion0000-0031,0.2,11,0.8136272106728217,1.2301550764023497
run-endocytosis2_baseline_zero_diffusion0000-0032,0.2,26,1.2840453392467936,1.3502593890232795
run-endocytosis2_baseline_zero_diffusion0000-0035,0.2,4,0.13975578468633332,0.5130838830665414
run-endocytosis2_baseline_zero_diffusion0000-0037,0.2,7,0.29760631693995254,1.113222283839506
run-endocytosis2_baseline_zero_diffusion0000-0041,0.2,19,0.637915566648907,1.26771480513148
run-endocytosis2_baseline_zero_diffusion0000-0042,0.2,10,0.48930221735984225,1.0942558010484353
run-endocytosis2_baseline_zero_diffusion0000-0045,0.2,3,0.2230685017638232,0.8608296739869566
run-endocytosis2_baseline_zero_diffusion0000-0047,0.2,17,0.3711671749098291,1.2061951502381398
run-endocytosis2_baseline_zero_diffusion0000-0048,0.2,5,0.2349256690751631,1.0924742886485954
run-endocytosis2_baseline_zero_diffusion0000-0000,0.3,16,0.9287288772791308,1.1400471976296211
run-endocytosis2_baseline_zero_diffusion0000-0002,0.3,12,0.48916987551921665,1.1786483090449138
run-endocytosis2_baseline_zero_diffusion0000-0004,0.3,14,0.7131989171288762,1.031132151122653
run-endocytosis2_baseline_zero_diffusion0000-0005,0.3,13,0.49209815150514413,1.081839934121377
run-endocytosis2_baseline_zero_diffusion0000-0006,0.3,11,0.7085857651794194,1.0860225917191657
run-endocytosis2_baseline_zero_diffusion0000-0007,0.3,10,0.36538921033303073,1.0673323531532928
run-endocytosis2_baseline_zero_diffusion0000-0008,0.3,18,1.0594787380062063,1.3070372351497128
run-endocytosis2_baseline_zero_diffusion0000-0011,0.3,11,0.41221198027781214,0.9464368353453815
run-endocytosis2_baseline_zero_diffusion0000-0012,0.3,24,0.7426665098229983,1.238560355493202
run-endocytosis2_baseline_zero_diffusion0000-0013,0.3,15,0.8359262628937522,1.2320108648479775
run-endocytosis2_baseline_zero_diffusion0000-0014,0.3,23,1.2909315328184172,1.298239531131614
run-endocytosis2_baseline_zero_diffusion0000-0015,0.3,3,0.13655121337903098,0.7316601403107509
run-endocytosis2_baseline_zero_diffusion0000-0016,0.3,24,0.9759634902607737,1.2251895882428856
run-endocytosis2_baseline_zero_diffusion0000-0017,0.3,2,0.03749093255489244,0.2782096730075929
run-endocytosis2_baseline_zero_diffusion0000-0018,0.3,15,1.0271629668306983,1.3276174803338023
run-endocytosis2_baseline_zero_diffusion0000-0019,0.3,29,1.0048724586390931,1.3821604348989716
run-endocytosis2_baseline_zero_diffusion0000-0021,0.3,20,0.46362342028139203,1.3572875794156092
run-endocytosis2_baseline_zero_diffusion0000-0022,0.3,15,0.7719935907989431,1.1666487906499843
run-endocytosis2_baseline_zero_diffusion0000-0023,0.3,22,0.9806118244285058,1.3800585942979675
run-endocytosis2_baseline_zero_diffusion0000-0024,0.3,14,1.1546541151534622,1.223301040557876
run-endocytosis2_baseline_zero_diffusion0000-0027,0.3,5,0.2710530745753621,0.9763418271221571
run-endocytosis2_baseline_zero_diffusion0000-0028,0.3,10,0.4818731854571101,1.1901911270394017
run-endocytosis2_baseline_zero_diffusion0000-0029,0.3,11,0.9006037770926199,1.2563258081167845
run-endocytosis2_baseline_zero_diffusion0000-0030,0.3,10,0.42076893123173265,1.2430269189536292
run-endocytosis2_baseline_zero_diffusion0000-0031,0.3,31,0.9794672173215956,1.3843504699433409
run-endocytosis2_baseline_zero_diffusion0000-0032,0.3,34,1.224854014007601,1.327262912288551
run-endocytosis2_baseline_zero_diffusion0000-0033,0.3,16,0.47464081277190484,0.9582924128034505
run-endocytosis2_baseline_zero_diffusion0000-0035,0.3,4,0.15202686384655628,0.865576890398488
run-endocytosis2_baseline_zero_diffusion0000-0037,0.3,7,0.47399203541486834,0.7980079288481287
run-endocytosis2_baseline_zero_diffusion0000-0039,0.3,15,0.8228301007516445,1.222374670159443
run-endocytosis2_baseline_zero_diffusion0000-0041,0.3,27,1.2902389051817553,1.4138487339844745
run-endocytosis2_baseline_zero_diffusion0000-0042,0.3,10,0.4820276825224452,1.1429652723139099
run-endocytosis2_baseline_zero_diffusion0000-0043,0.3,4,0.07783440512471618,0.7841297101128151
run-endocytosis2_baseline_zero_diffusion0000-0045,0.3,7,0.4163950594354755,0.5714368301439134
run-endocytosis2_baseline_zero_diffusion0000-0046,0.3,5,0.21456931413712121,0.9556450290225272
run-endocytosis2_baseline_zero_diffusion0000-0047,0.3,20,0.3239051004975595,1.3377770582560147
run-endocytosis2_baseline_zero_diffusion0000-0048,0.3,9,0.4375426938742004,1.1649799404768073
run-endocytosis2_baseline_zero_diffusion0000-0000,0.4,17,0.8890768703408611,1.209210540830783
run-endocytosis2_baseline_zero_diffusion0000-0002,0.4,12,0.5268867228724243,1.2800325029380089
run-endocytosis2_baseline_zero_diffusion0000-0004,0.4,14,0.6871674367984771,1.242219581793176
run-endocytosis2_baseline_zero_diffusion0000-0005,0.4,38,0.6367860027741962,1.4038181880564484
run-endocytosis2_baseline_zero_diffusion0000-0006,0.4,16,0.6418502395132915,1.170844718742635
run-endocytosis2_baseline_zero_diffusion0000-0007,0.4,34,0.703050019877407,1.238215755929245
run-endocytosis2_baseline_zero_diffusion0000-0008,0.4,22,1.1875094385986398,1.2870481866160373
run-endocytosis2_baseline_zero_diffusion0000-0009,0.4,11,0.47436403432514496,1.0938018578190185
run-endocytosis2_baseline_zero_diffusion0000-0010,0.4,6,0.001293052412956186,1.0935914569753467
run-endocytosis2_baseline_zero_diffusion0000-0011,0.4,11,0.4081593295605277,0.9735521236852743
run-endocytosis2_baseline_zero_diffusion0000-0012,0.4,14,1.0233111179580798,1.2102920461715811
run-endocytosis2_baseline_zero_diffusion0000-0013,0.4,15,0.8830671794234232,1.171823746880713
run-endocytosis2_baseline_zero_diffusion0000-0014,0.4,23,1.2591375942851921,1.3756087248297348
run-endocytosis2_baseline_zero_diffusion0000-0015,0.4,3,0.1392170008503406,0.9033159343374972
run-endocytosis2_baseline_zero_diffusion0000-0016,0.4,25,0.8665503555972065,1.3873616661578823
run-endocytosis2_baseline_zero_diffusion0000-0017,0.4,2,0.15118499985326328,0.6414760677235971
run-endocytosis2_baseline_zero_diffusion0000-0018,0.4,15,1.0750662612947206,1.3377643372700667
run-endocytosis2_baseline_zero_diffusion0000-0019,0.4,35,1.1131731430695744,1.4312575869064694
run-endocytosis2_baseline_zero_diffusion0000-0020,0.4,3,0.018741710210804285,0.9459808761258813
run-endocytosis2_baseline_zero_diffusion0000-0021,0.4,20,0.432031839467794,1.3356942787903077
run-endocytosis2_baseline_zero_diffusion0000-0022,0.4,19,0.8257212530752325,1.2705794625334312
run-endocytosis2_baseline_zero_diffusion0000-0023,0.4,32,0.8093264047207916,1.3530804693688396
run-endocytosis2_baseline_zero_diffusion0000-0024,0.4,14,1.1548980672414997,1.305516846927685
run-endocytosis2_baseline_zero_diffusion0000-0025,0.4,10,0.015460387792845642,1.0455558558214513
run-endocytosis2_baseline_zero_diffusion0000-0027,0.4,16,0.3475572935108009,1.1667319097120945
run-endocytosis2_baseline_zero_diffusion0000-0028,0.4,13,0.6922391884745625,1.1897433608134254
run-endocytosis2_baseline_zero_diffusion0000-0029,0.4,16,0.46660260509292995,0.9743993758587797
run-endocytosis2_baseline_zero_diffusion0000-0030,0.4,10,0.42751181275859773,1.126564693379462
run-endocytosis2_baseline_zero_diffusion0000-0031,0.4,35,0.8602581421949477,1.2873400771014807
run-endocytosis2_baseline_zero_diffusion0000-0032,0.4,34,1.2296448342129862,1.3508983747388739
run-endocytosis2_baseline_zero_diffusion0000-0033,0.4,21,0.8259762463945705,1.3884476136032355
run-endocytosis2_baseline_zero_diffusion0000-0035,0.4,4,0.13768722800430466,0.9076011611903138
run-endocytosis2_baseline_zero_diffusion0000-0037,0.4,7,0.4901020598514183,1.2433505621840182
run-endocytosis2_baseline_zero_diffusion0000-0038,0.4,20,0.637553379833163,1.3772045539677333
run-endocytosis2_baseline_zero_diffusion0000-0039,0.4,19,0.9389379864079848,1.3216734355691064
run-endocytosis2_baseline_zero_diffusion0000-0040,0.4,4,0.1040958142310735,1.0585895014636475
run-endocytosis2_baseline_zero_diffusion0000-0041,0.4,27,1.2426462575918467,1.314317220870027
run-endocytosis2_baseline_zero_diffusion0000-0042,0.4,10,0.5136801992398565,0.9687324250919613
run-endocytosis2_baseline_zero_diffusion0000-0043,0.4,4,0.06605968334363332,1.0214000155014007
run-endocytosis2_baseline_zero_diffusion0000-0044,0.4,14,0.6971506726152078,1.2024257150408815
run-endocytosis2_baseline_zero_diffusion0000-0045,0.4,7,0.44058952979852095,0.8874991222280382
run-endocytosis2_baseline_zero_diffusion0000-0046,0.4,8,0.7006375222033048,1.1582105315363638
run-endocytosis2_baseline_zero_diffusion0000-0047,0.4,20,0.34229784967066723,1.2295525544400123
run-endocytosis2_baseline_zero_diffusion0000-0048,0.4,12,0.5623947065041539,0.986233978571079
run-endocytosis2_baseline_zero_diffusion0000-0000,0.5,17,0.9354680031997792,1.3013080012959846
run-endocytosis2_baseline_zero_diffusion0000-0001,0.5,11,0.46029703899354235,1.087404845374095
run-endocytosis2_baseline_zero_diffusion0000-0002,0.5,12,0.6066930933707178,1.368091857102626
run-endocytosis2_baseline_zero_diffusion0000-0004,0.5,23,1.3112420535053366,1.2441703315227959
run-endocytosis2_baseline_zero_diffusion0000-0005,0.5,48,1.036836448382692,1.304014657347906
run-endocytosis2_baseline_zero_diffusion0000-0006,0.5,20,0.28482049310865865,1.3681551170797364
run-endocytosis2_baseline_zero_diffusion0000-0007,0.5,34,0.7879612381762895,1.3590725174286853
run-endocytosis2_baseline_zero_diffusion0000-0008,0.5,27,1.1507679996236266,1.3334879747330013
run-endocytosis2_baseline_zero_diffusion0000-0009,0.5,16,0.5018338449921529,1.1159010856215419
run-endocytosis2_baseline_zero_diffusion0000-0010,0.5,6,0.26561485470464086,0.7582771675803051
run-endocytosis2_baseline_zero_diffusion0000-0011,0.5,11,0.3622894787753814,0.9768543011561852
run-endocytosis2_baseline_zero_diffusion0000-0012,0.5,20,1.3200749219105703,1.1940580238506275
run-endocytosis2_baseline_zero_diffusion0000-0013,0.5,37,1.2511977974956143,1.2185907338438988
run-endocytosis2_baseline_zero_diffusion0000-0014,0.5,23,1.2690614583764364,1.2776448819858608
run-endocytosis2_baseline_zero_diffusion0000-0015,0.5,3,0.14715661065438246,0.64128301304419
run-endocytosis2_baseline_zero_diffusion0000-0016,0.5,35,1.1326490576736443,1.3852667181652345
run-endocytosis2_baseline_zero_diffusion0000-0017,0.5,2,0.06571369687393402,0.7395886389244176
run-endocytosis2_baseline_zero_diffusion0000-0018,0.5,15,1.1092495545158287,1.326442132705374
run-endocytosis2_baseline_zero_diffusion0000-0019,0.5,40,1.1874184380631339,1.3506193137238474
run-endocytosis2_baseline_zero_diffusion0000-0020,0.5,3,0.1325427326414086,1.0272466682105774
run-endocytosis2_baseline_zero_diffusion0000-0021,0.5,20,0.3806615895613692,1.3147595173941975
run-endocytosis2_baseline_zero_diffusion0000-0022,0.5,23,0.8285683964142302,1.1954043600865019
run-endocytosis2_baseline_zero_diffusion0000-0023,0.5,32,0.9133591879320777,1.4216946337856935
run-endocytosis2_baseline_zero_diffusion0000-0024,0.5,14,1.166333339174239,1.2006765682927818
run-endocytosis2_baseline_zero_diffusion0000-0027,0.5,16,0.40503687572422375,1.334446621799041
run-endocytosis2_baseline_zero_diffusion0000-0028,0.5,13,0.7351510449165714,1.021245207583169
run-endocytosis2_baseline_zero_diffusion0000-0029,0.5,21,0.40741291313586436,1.2010424503077695
run-endocytosis2_baseline_zero_diffusion0000-0030,0.5,10,0.8677200038160632,1.1590308854038598
run-endocytosis2_baseline_zero_diffusion0000-0031,0.5,37,1.1225725938309046,1.3509044750697055
run-endocytosis2_baseline_zero_diffusion0000-0032,0.5,38,1.144423351348743,1.4013761128759323
run-endocytosis2_baseline_zero_diffusion0000-0033,0.5,25,0.8934129425172543,1.3511515601368158
run-endocytosis2_baseline_zero_diffusion0000-0035,0.5,12,0.8431723572737269,1.0031555648424515
run-endocytosis2_baseline_zero_diffusion0000-0037,0.5,7,0.5431577461595576,0.8330396309321998
run-endocytosis2_baseline_zero_diffusion0000-0038,0.5,32,1.2617177537833184,1.4085927088686878
run-endocytosis2_baseline_zero_diffusion0000-0039,0.5,19,0.8235592008921281,1.3459817901808977
run-endocytosis2_baseline_zero_diffusion0000-0040,0.5,4,0.1734206065910071,0.726884250024082
run-endocytosis2_baseline_zero_diffusion0000-0041,0.5,53,1.03796922739114,1.4288064569385106
run-endocytosis2_baseline_zero_diffusion0000-0042,0.5,10,0.4717934112873621,1.1853021722661459
run-endocytosis2_baseline_zero_diffusion0000-0043,0.5,4,0.07407192128802786,1.0046337958382021
run-endocytosis2_baseline_zero_diffusion0000-0044,0.5,25,1.203571377188808,1.3151676527498175
run-endocytosis2_baseline_zero_diffusion0000-0045,0.5,7,0.43607072389518575,1.035931710429351
run-endocytosis2_baseline_zero_diffusion0000-0046,0.5,8,0.7243708672536356,0.8987454142226798
run-endocytosis2_baseline_zero_diffusion0000-0047,0.5,20,0.32851988068663096,1.2025510813540097
run-endocytosis2_baseline_zero_diffusion0000-0048,0.5,12,0.5199677773639766,0.817698805772509
run-endocytosis2_baseline_zero_diffusion0000-0000,0.6,17,0.9264857349155878,0.9275529753024596
run-endocytosis2_baseline_zero_diffusion0000-0001,0.6,44,0.7642320250292576,1.3755229503137718
run-endocytosis2_baseline_zero_diffusion0000-0002,0.6,12,0.5774125626608813,0.8507653589919009
run-endocytosis2_baseline_zero_diffusion0000-0004,0.6,23,1.3260898127593461,1.3244488934494196
run-endocytosis2_baseline_zero_diffusion0000-0005,0.6,41,0.8307490580221932,1.3737552334642074
run-endocytosis2_baseline_zero_diffusion0000-0006,0.6,23,0.29020502621564326,1.3319280920722087
run-endocytosis2_baseline_zero_diffusion0000-0007,0.6,34,0.8710716628910875,1.3097338613872689
run-endocytosis2_baseline_zero_diffusion0000-0008,0.6,29,1.114114983866226,1.275169840467608
run-endocytosis2_baseline_zero_diffusion0000-0009,0.6,18,0.5889048883246443,1.0349596722423753
run-endocytosis2_baseline_zero_diffusion0000-0010,0.6,32,0.5308459201104887,1.368515155062402
run-endocytosis2_baseline_zero_diffusion0000-0011,0.6,11,0.36777159984641483,0.7269498231874372
run-endocytosis2_baseline_zero_diffusion0000-0012,0.6,20,1.296619245129613,1.3534863833223423
run-endocytosis2_baseline_zero_diffusion0000-0013,0.6,41,1.2328274721296015,1.384259849068309
run-endocytosis2_baseline_zero_diffusion0000-0014,0.6,23,1.196831348925902,1.1018531571332582
run-endocytosis2_baseline_zero_diffusion0000-0016,0.6,35,1.2376767326901232,1.280355119617347
run-endocytosis2_baseline_zero_diffusion0000-0017,0.6,14,0.8643249745319553,1.2671462379099958
run-endocytosis2_baseline_zero_diffusion0000-0018,0.6,15,1.0817035269714141,1.285437730072436
run-endocytosis2_baseline_zero_diffusion0000-0019,0.6,54,1.2444543275953306,1.416556883729694
run-endocytosis2_baseline_zero_diffusion0000-0020,0.6,3,0.09799195818275375,0.9494878318989138
run-endocytosis2_baseline_zero_diffusion0000-0021,0.6,51,0.7667957864476119,1.3668208990273705
run-endocytosis2_baseline_zero_diffusion0000-0022,0.6,30,0.71411191534257,1.2048180329193126
run-endocytosis2_baseline_zero_diffusion0000-0023,0.6,57,0.9485411944241828,1.4355441223403347
run-endocytosis2_baseline_zero_diffusion0000-0024,0.6,17,1.2355956127840226,1.2930117570213455
run-endocytosis2_baseline_zero_diffusion0000-0025,0.6,8,0.5735958534488195,1.1614857313395384
run-endocytosis2_baseline_zero_diffusion0000-0027,0.6,16,0.38761369913372135,1.0796610417706614
run-endocytosis2_baseline_zero_diffusion0000-0028,0.6,20,0.952624524895063,1.1928978870970184
run-endocytosis2_baseline_zero_diffusion0000-0029,0.6,23,0.427236819767125,1.313182417380497
run-endocytosis2_baseline_zero_diffusion0000-0030,0.6,10,0.8532000780849731,1.2288993565452888
run-endocytosis2_baseline_zero_diffusion0000-0031,0.6,47,0.9259532299111471,1.403355161340739
run-endocytosis2_baseline_zero_diffusion0000-0032,0.6,39,1.1802696308778189,1.3045258466480272
run-endocytosis2_baseline_zero_diffusion0000-0033,0.6,25,1.0225169832822265,1.3517014478531795
run-endocytosis2_baseline_zero_diffusion0000-0035,0.6,12,0.9650459144720059,1.2132408060504254
run-endocytosis2_baseline_zero_diffusion0000-0037,0.6,7,0.5450154723185476,1.2138555624609535
run-endocytosis2_baseline_zero_diffusion0000-0038,0.6,35,1.341704402355027,1.321284062133437
run-endocytosis2_baseline_zero_diffusion0000-0039,0.6,19,0.8746147851621209,1.3149023871349939
run-endocytosis2_baseline_zero_diffusion0000-0040,0.6,4,0.118034370008951,0.6782849954018135
run-endocytosis2_baseline_zero_diffusion0000-0041,0.6,58,1.0559057541805186,1.4163461988238486
run-endocytosis2_baseline_zero_diffusion0000-0042,0.6,41,1.1560108064744128,1.3756627610737326
run-endocytosis2_baseline_zero_diffusion0000-0043,0.6,4,0.06658174614318257,1.0689378434701173
run-endocytosis2_baseline_zero_diffusion0000-0044,0.6,52,1.1350879530069256,1.3487231295033604
run-endocytosis2_baseline_zero_diffusion0000-0045,0.6,7,0.4335478311629628,1.026117513103396
run-endocytosis2_baseline_zero_diffusion0000-0046,0.6,5,0.25927492906811955,0.9956324203985943
run-endocytosis2_baseline_zero_diffusion0000-0047,0.6,29,0.8267412673399607,1.3463840887200011
run-endocytosis2_baseline_zero_diffusion0000-0048,0.6,33,1.1576992685630672,1.2896944686747998
run-endocytosis2_baseline_zero_diffusion0000-0000,0.7,17,0.7747397784338061,1.0703899718115695
run-endocytosis2_baseline_zero_diffusion0000-0001,0.7,56,0.7867266457826032,1.325720481543819
run-endocytosis2_baseline_zero_diffusion0000-0002,0.7,12,0.5833954912413117,1.2395790451503532
run-endocytosis2_baseline_zero_diffusion0000-0004,0.7,52,0.9704014049678775,1.2881552583842364
run-endocytosis2_baseline_zero_diffusion0000-0005,0.7,41,0.7994489421910903,1.4355483174146586
run-endocytosis2_baseline_zero_diffusion0000-0006,0.7,23,0.37251047101534374,1.206410940900759
run-endocytosis2_baseline_zero_diffusion0000-0007,0.7,34,0.830706978619279,1.3790809206063777
run-endocytosis2_baseline_zero_diffusion0000-0008,0.7,29,1.1298822327117808,1.3167337960524175
run-endocytosis2_baseline_zero_diffusion0000-0009,0.7,18,0.301833761670971,1.22943882398207
run-endocytosis2_baseline_zero_diffusion0000-0010,0.7,33,0.6937482920098683,1.3568614380912416
run-endocytosis2_baseline_zero_diffusion0000-0011,0.7,11,0.3757515735723178,1.072609317701112
run-endocytosis2_baseline_zero_diffusion0000-0012,0.7,20,1.291246478577964,1.2855523170083965
run-endocytosis2_baseline_zero_diffusion0000-0013,0.7,54,0.9842627578291077,1.4336413593295267
run-endocytosis2_baseline_zero_diffusion0000-0014,0.7,23,1.2235348804622441,1.337221089743235
run-endocytosis2_baseline_zero_diffusion0000-0016,0.7,35,1.2379063526466187,1.0697154916924718
run-endocytosis2_baseline_zero_diffusion0000-0017,0.7,19,0.8373119780136618,1.3282746365073248
run-endocytosis2_baseline_zero_diffusion0000-0018,0.7,15,0.714954007622934,1.2403548546693626
run-endocytosis2_baseline_zero_diffusion0000-0019,0.7,56,1.2450506436681985,1.2516751388004057
run-endocytosis2_baseline_zero_diffusion0000-0020,0.7,3,0.048058512305138024,0.47713889044739544
run-endocytosis2_baseline_zero_diffusion0000-0021,0.7,46,0.8102485064794864,1.4222742224965779
run-endocytosis2_baseline_zero_diffusion0000-0022,0.7,35,0.7839401532511887,1.317048533876126
run-endocytosis2_baseline_zero_diffusion0000-0023,0.7,57,0.9481103418062997,1.4001761250808564
run-endocytosis2_baseline_zero_diffusion0000-0024,0.7,25,1.1707630296779588,1.3426066609643672
run-endocytosis2_baseline_zero_diffusion0000-0025,0.7,8,0.636721106562941,1.238600514042295
run-endocytosis2_baseline_zero_diffusion0000-0027,0.7,16,0.37879194457150267,1.2192388814818083
run-endocytosis2_baseline_zero_diffusion0000-0028,0.7,25,1.1481973821303042,1.2248192655802597
run-endocytosis2_baseline_zero_diffusion0000-0029,0.7,23,0.41880804993715626,1.3342205588635672
run-endocytosis2_baseline_zero_diffusion0000-0030,0.7,10,0.8635644959406427,1.1838477823035867
run-endocytosis2_baseline_zero_diffusion0000-0031,0.7,57,1.002836898682059,1.4303385407262166
run-endocytosis2_baseline_zero_diffusion0000-0032,0.7,44,1.134433157825566,1.3897670483505329
run-endocytosis2_baseline_zero_diffusion0000-0033,0.7,25,1.106020952853513,0.9656588974922348
run-endocytosis2_baseline_zero_diffusion0000-0035,0.7,12,0.9719386116171191,1.2094109351089666
run-endocytosis2_baseline_zero_diffusion0000-0037,0.7,7,0.5398138896780202,1.1180152681484432
run-endocytosis2_baseline_zero_diffusion0000-0038,0.7,35,1.3397033307256998,1.3099317166478712
run-endocytosis2_baseline_zero_diffusion0000-0039,0.7,19,0.9200245220489226,1.1629370041025195
run-endocytosis2_baseline_zero_diffusion0000-0040,0.7,4,0.11540905335998386,0.6958851084880253
run-endocytosis2_baseline_zero_diffusion0000-0041,0.7,61,1.1495933185834193,1.451805198814558
run-endocytosis2_baseline_zero_diffusion0000-0042,0.7,43,0.9737262789880626,1.3649852385261725
run-endocytosis2_baseline_zero_diffusion0000-0043,0.7,4,0.12922970820459567,1.0983416995293882
run-endocytosis2_baseline_zero_diffusion0000-0044,0.7,52,1.2154821599484895,1.3978332130239828
run-endocytosis2_baseline_zero_diffusion0000-0045,0.7,7,0.4475916232534096,1.0777015531990148
run-endocytosis2_baseline_zero_diffusion0000-0046,0.7,5,0.2593490671074703,0.39838499723681253
run-endocytosis2_baseline_zero_diffusion0000-0047,0.7,33,0.7457952911855958,1.3645651752367838
run-endocytosis2_baseline_zero_diffusion0000-0048,0.7,33,1.2244905485636286,1.3127580251052828
run-endocytosis2_baseline_zero_diffusion0000-0000,0.8,17,0.8087783172836365,1.2128231902860502
run-endocytosis2_baseline_zero_diffusion0000-0001,0.8,47,0.7438026144286543,1.3650657447447359
run-endocytosis2_baseline_zero_diffusion0000-0002,0.8,12,0.591536859875871,0.9313480183456593
run-endocytosis2_baseline_zero_diffusion0000-0004,0.8,52,0.885029395099859,1.3929226869755615
run-endocytosis2_baseline_zero_diffusion0000-0005,0.8,38,0.995246008342614,1.3408930458641422
run-endocytosis2_baseline_zero_diffusion0000-0006,0.8,23,0.36506400493133073,1.1661833644445374
run-endocytosis2_baseline_zero_diffusion0000-0007,0.8,44,1.1615763599296773,1.4156035789516457
run-endocytosis2_baseline_zero_diffusion0000-0008,0.8,23,0.8148625383091432,1.4173506359622259
run-endocytosis2_baseline_zero_diffusion0000-0009,0.8,18,0.3363667443239029,1.3677960208949582
run-endocytosis2_baseline_zero_diffusion0000-0010,0.8,33,0.641888006645739,1.3429775582920873
run-endocytosis2_baseline_zero_diffusion0000-0011,0.8,27,0.9767799998901536,1.2786712610608686
run-endocytosis2_baseline_zero_diffusion0000-0012,0.8,20,1.294373551590745,1.167733949799693
run-endocytosis2_baseline_zero_diffusion0000-0013,0.8,68,0.8968618152849296,1.4255843231585592
run-endocytosis2_baseline_zero_diffusion0000-0014,0.8,23,1.2276512736933436,1.0739247970909012
run-endocytosis2_baseline_zero_diffusion0000-0016,0.8,35,1.2616882500092865,1.3491671509167285
run-endocytosis2_baseline_zero_diffusion0000-0017,0.8,25,0.6302381385023177,1.291361319222579
run-endocytosis2_baseline_zero_diffusion0000-0018,0.8,15,0.9525555445467963,1.2591778163272973
run-endocytosis2_baseline_zero_diffusion0000-0019,0.8,56,1.232247258692358,1.3809077888884556
run-endocytosis2_baseline_zero_diffusion0000-0020,0.8,11,0.9698557755481454,1.092741005138092
run-endocytosis2_baseline_zero_diffusion0000-0021,0.8,46,0.7648939608714734,1.3835223193269268
run-endocytosis2_baseline_zero_diffusion0000-0022,0.8,31,0.7038619702154699,1.2386146946117338
run-endocytosis2_baseline_zero_diffusion0000-0023,0.8,79,1.2649802441836915,1.3304194302432397
run-endocytosis2_baseline_zero_diffusion0000-0024,0.8,25,1.1666941150870385,1.2998400352894792
run-endocytosis2_baseline_zero_diffusion0000-0025,0.8,8,0.7132360290645794,1.1693880750684102
run-endocytosis2_baseline_zero_diffusion0000-0027,0.8,16,0.3944445070816267,1.3911671995671553
run-endocytosis2_baseline_zero_diffusion0000-0028,0.8,40,1.2261134383696366,1.3004570229870769
run-endocytosis2_baseline_zero_diffusion0000-0029,0.8,23,0.4529932274627082,1.4300641187248937
run-endocytosis2_baseline_zero_diffusion0000-0030,0.8,13,0.9808848694032586,1.3844350239282364
run-endocytosis2_baseline_zero_diffusion0000-0031,0.8,67,0.9389272053154605,1.3864961225414316
run-endocytosis2_baseline_zero_diffusion0000-0032,0.8,49,1.0773029840067632,1.372248613997233
run-endocytosis2_baseline_zero_diffusion0000-0033,0.8,31,1.1590791876171669,1.3178766131730022
run-endocytosis2_baseline_zero_diffusion0000-0035,0.8,12,0.9670617679918948,1.2664393199617041
run-endocytosis2_baseline_zero_diffusion0000-0037,0.8,7,0.5513016533516639,1.0458058120711078
run-endocytosis2_baseline_zero_diffusion0000-0038,0.8,35,1.3524099009478947,1.3731612997139888
run-endocytosis2_baseline_zero_diffusion0000-0039,0.8,19,0.7900412044642339,1.2974758220501013
run-endocytosis2_baseline_zero_diffusion0000-0040,0.8,4,0.11451263797738065,0.8757371938368312
run-endocytosis2_baseline_zero_diffusion0000-0041,0.8,61,1.1256500167248686,1.4332307812818716
run-endocytosis2_baseline_zero_diffusion0000-0042,0.8,43,0.9647151769528933,1.360613953748468
run-endocytosis2_baseline_zero_diffusion0000-0043,0.8,4,0.024234509613038524,0.6418600141425527
run-endocytosis2_baseline_zero_diffusion0000-0044,0.8,59,1.1332908754616466,1.3946030620862795
run-endocytosis2_baseline_zero_diffusion0000-0045,0.8,7,0.5044028767782824,1.0675320393192878
run-endocytosis2_baseline_zero_diffusion0000-0046,0.8,5,0.3149520822792118,1.03109698473476
run-endocytosis2_baseline_zero_diffusion0000-0047,0.8,38,0.660359839017823,1.1155176713300885
run-endocytosis2_baseline_zero_diffusion0000-0048,0.8,33,1.2233425215402403,1.361314195017942
run-endocytosis2_baseline_zero_diffusion0000-0000,0.9,17,1.1157780538984832,0.895396250193166
run-endocytosis2_baseline_zero_diffusion0000-0001,0.9,47,0.7619721154683818,1.439561436091168
run-endocytosis2_baseline_zero_diffusion0000-0002,0.9,18,0.41970996294191854,1.1675374955552873
run-endocytosis2_baseline_zero_diffusion0000-0004,0.9,52,0.8904718899527883,1.2900354215036836
run-endocytosis2_baseline_zero_diffusion0000-0005,0.9,38,0.9852169585281554,1.351290655126947
run-endocytosis2_baseline_zero_diffusion0000-0006,0.9,23,0.3732445666981441,1.3452439395370481
run-endocytosis2_baseline_zero_diffusion0000-0007,0.9,48,1.2007674700256248,1.3968863504261217
run-endocytosis2_baseline_zero_diffusion0000-0008,0.9,23,0.8014052456645865,1.1733685588005167
run-endocytosis2_baseline_zero_diffusion0000-0009,0.9,18,0.5444067212926254,1.067770851510333
run-endocytosis2_baseline_zero_diffusion0000-0010,0.9,33,0.7594265886727115,1.294410093994108
run-endocytosis2_baseline_zero_diffusion0000-0011,0.9,11,0.31472140090443346,1.1599079396102638
run-endocytosis2_baseline_zero_diffusion0000-0012,0.9,20,1.2879495953441156,1.3147248549430746
run-endocytosis2_baseline_zero_diffusion0000-0013,0.9,81,0.711622853308629,1.4841660843234041
run-endocytosis2_baseline_zero_diffusion0000-0014,0.9,23,1.2589132550651845,1.27502987895791
run-endocytosis2_baseline_zero_diffusion0000-0016,0.9,35,1.2342655766102766,1.2036944006336705
run-endocytosis2_baseline_zero_diffusion0000-0017,0.9,26,0.6050113599774315,1.4194460986447692
run-endocytosis2_baseline_zero_diffusion0000-0018,0.9,15,0.897025119021669,1.217890502782769
run-endocytosis2_baseline_zero_diffusion0000-0019,0.9,66,1.222014548067882,1.4044630650333778
run-endocytosis2_baseline_zero_diffusion0000-0020,0.9,11,0.9164980886120686,0.9423393737132015
run-endocytosis2_baseline_zero_diffusion0000-0021,0.9,88,1.069311910160363,1.3488532369367374
run-endocytosis2_baseline_zero_diffusion0000-0022,0.9,40,0.8019668859686473,1.4247620896080306
run-endocytosis2_baseline_zero_diffusion0000-0023,0.9,84,1.26725043971678,1.3950685638038696
run-endocytosis2_baseline_zero_diffusion0000-0024,0.9,35,1.2483957375417556,1.357097028375964
run-endocytosis2_baseline_zero_diffusion0000-0025,0.9,8,0.6925129866030499,1.0889403612539785
run-endocytosis2_baseline_zero_diffusion0000-0027,0.9,16,0.4074968054923618,1.1023165940924071
run-endocytosis2_baseline_zero_diffusion0000-0028,0.9,43,1.3379279293631636,1.3006395184763646
run-endocytosis2_baseline_zero_diffusion0000-0029,0.9,29,0.4061815343096993,1.160629290881095
run-endocytosis2_baseline_zero_diffusion0000-0030,0.9,27,1.1740755298395125,1.4002560775397044
run-endocytosis2_baseline_zero_diffusion0000-0031,0.9,81,0.861484199791181,1.4716356434433364
run-endocytosis2_baseline_zero_diffusion0000-0032,0.9,54,1.0223266599356464,1.4247056095079316
run-endocytosis2_baseline_zero_diffusion0000-0033,0.9,38,1.133139804161955,1.3163398951775396
run-endocytosis2_baseline_zero_diffusion0000-0035,0.9,4,0.18304946603867855,1.0462798512430362
run-endocytosis2_baseline_zero_diffusion0000-0037,0.9,7,0.5603488158883885,0.8236786597592058
run-endocytosis2_baseline_zero_diffusion0000-0038,0.9,35,1.389050019938397,1.3664968743855965
run-endocytosis2_baseline_zero_diffusion0000-0039,0.9,19,0.789445684829029,1.2230382749532671
run-endocytosis2_baseline_zero_diffusion0000-0040,0.9,4,0.10603861753781807,1.0611252684251113
run-endocytosis2_baseline_zero_diffusion0000-0041,0.9,67,0.998286988011457,1.3865348364212926
run-endocytosis2_baseline_zero_diffusion0000-0042,0.9,46,0.9195833859964694,1.3492974417211903
run-endocytosis2_baseline_zero_diffusion0000-0043,0.9,4,0.014300217899096523,0.726039942211553
run-endocytosis2_baseline_zero_diffusion0000-0044,0.9,62,1.1870097448065806,1.4282323715577165
run-endocytosis2_baseline_zero_diffusion0000-0045,0.9,7,0.4421463751612964,0.9411079851480606
run-endocytosis2_baseline_zero_diffusion0000-0046,0.9,5,0.3151593470703573,0.9206220981878013
run-endocytosis2_baseline_zero_diffusion0000-0047,0.9,43,0.6429741504766265,1.474648098777867
run-endocytosis2_baseline_zero_diffusion0000-0048,0.9,33,1.1884830727662354,1.3446172188274765
run-endocytosis2_baseline_zero_diffusion0000-0000,1.0,17,1.1388452280255041,1.2600748688250558
run-endocytosis2_baseline_zero_diffusion0000-0001,1.0,47,0.7698099567564981,1.364403775248886
run-endocytosis2_baseline_zero_diffusion0000-0002,1.0,18,0.4940813757039728,1.356612533728573
run-endocytosis2_baseline_zero_diffusion0000-0004,1.0,52,0.9074953056055393,1.3889698690471537
run-endocytosis2_baseline_zero_diffusion0000-0005,1.0,38,0.94412169480678,1.2546193303768467
run-endocytosis2_baseline_zero_diffusion0000-0006,1.0,23,0.39913403489163035,1.3311918305126704
run-endocytosis2_baseline_zero_diffusion0000-0007,1.0,56,1.2412188555612174,1.3009136616845107
run-endocytosis2_baseline_zero_diffusion0000-0008,1.0,23,0.8202668859750111,1.2051295341750394
run-endocytosis2_baseline_zero_diffusion0000-0009,1.0,41,0.6017868266679305,1.3773069622809955
run-endocytosis2_baseline_zero_diffusion0000-0010,1.0,33,0.8272307018195048,1.288600526760819
run-endocytosis2_baseline_zero_diffusion0000-0011,1.0,11,0.3653956417486708,1.0375478147549961
run-endocytosis2_baseline_zero_diffusion0000-0012,1.0,20,1.2889582024027304,1.2693718689813431
run-endocytosis2_baseline_zero_diffusion0000-0013,1.0,108,1.019734473676809,1.3396001144722482
run-endocytosis2_baseline_zero_diffusion0000-0014,1.0,23,1.235515341070053,1.2478376237598527
run-endocytosis2_baseline_zero_diffusion0000-0016,1.0,35,1.229202188694484,1.4320206776637219
run-endocytosis2_baseline_zero_diffusion0000-0017,1.0,26,0.5846464926658305,1.3417805431080436
run-endocytosis2_baseline_zero_diffusion0000-0018,1.0,15,0.8021468149952976,1.2422610563439407
run-endocytosis2_baseline_zero_diffusion0000-0019,1.0,68,1.2447983630757655,1.3285084705617942
run-endocytosis2_baseline_zero_diffusion0000-0020,1.0,11,0.9421066920765466,1.0509533067860293
run-endocytosis2_baseline_zero_diffusion0000-0021,1.0,69,0.9698382132987039,1.4080429979539417
run-endocytosis2_baseline_zero_diffusion0000-0022,1.0,48,0.9604808592559546,1.417020718922175
run-endocytosis2_baseline_zero_diffusion0000-0023,1.0,93,1.2762074765236506,1.4700498657224053
run-endocytosis2_baseline_zero_diffusion0000-0024,1.0,32,1.2964856660750543,1.4131102313191064
run-endocytosis2_baseline_zero_diffusion0000-0025,1.0,8,0.7076137075014614,1.2909546292343377
run-endocytosis2_baseline_zero_diffusion0000-0027,1.0,16,0.4222619840828885,1.2637112997014721
run-endocytosis2_baseline_zero_diffusion0000-0028,1.0,43,1.3763802397350005,1.3973925226677713
run-endocytosis2_baseline_zero_diffusion0000-0029,1.0,37,0.4211313827107068,1.2252154698479611
run-endocytosis2_baseline_zero_diffusion0000-0030,1.0,27,1.2382027404479699,1.2230162027354727
run-endocytosis2_baseline_zero_diffusion0000-0031,1.0,86,0.8953748407394836,1.324460367876149
run-endocytosis2_baseline_zero_diffusion0000-0032,1.0,63,0.9432689753184701,1.4313187138141372
run-endocytosis2_baseline_zero_diffusion0000-0033,1.0,47,1.0610778439014368,1.4311073725863743
run-endocytosis2_baseline_zero_diffusion0000-0035,1.0,4,0.10626481306024993,0.6846715551910685
run-endocytosis2_baseline_zero_diffusion0000-0037,1.0,7,0.572421954826448,0.9418304341021453
run-endocytosis2_baseline_zero_diffusion0000-0038,1.0,35,1.2786826068094932,1.4479758633896413
run-endocytosis2_baseline_zero_diffusion0000-0039,1.0,19,0.7991404674521729,1.2434037370566047
run-endocytosis2_baseline_zero_diffusion0000-0040,1.0,4,0.11346840411990655,1.1186043784935176
run-endocytosis2_baseline_zero_diffusion0000-0041,1.0,67,0.9389020130944395,1.3850242359948033
run-endocytosis2_baseline_zero_diffusion0000-0042,1.0,54,0.8012912118952734,1.375212442035969
run-endocytosis2_baseline_zero_diffusion0000-0043,1.0,4,0.040762907838141293,0.87532397264524
run-endocytosis2_baseline_zero_diffusion0000-0044,1.0,65,1.1947137486407378,1.32404428987474
run-endocytosis2_baseline_zero_diffusion0000-0045,1.0,7,0.44100583479861544,0.8939729518598064
run-endocytosis2_baseline_zero_diffusion0000-0046,1.0,5,0.323184031711625,1.1733814270013723
run-endocytosis2_baseline_zero_diffusion0000-0047,1.0,48,0.536179473465368,1.380572957060713
run-endocytosis2_baseline_zero_diffusion0000-0048,1.0,33,1.2430896385353907,1.3840034668414953
run-endocytosis2_baseline_zero_diffusion0000-0000,1.1,17,1.203157278255787,1.2950621403171434
run-endocytosis2_baseline_zero_diffusion0000-0001,1.1,47,0.7912936741196316,1.3954865767290539
run-endocytosis2_baseline_zero_diffusion0000-0002,1.1,21,0.6439748511366993,1.194398422244873
run-endocytosis2_baseline_zero_diffusion0000-0003,1.1,19,0.7535650849169611,1.3711708410911716
run-endocytosis2_baseline_zero_diffusion0000-0004,1.1,52,0.8914677298525164,1.4424924585934922
run-endocytosis2_baseline_zero_diffusion0000-0005,1.1,38,0.9529968528717194,1.0958176511837296
run-endocytosis2_baseline_zero_diffusion0000-0006,1.1,23,0.3772898940049447,1.28750869990834
run-endocytosis2_baseline_zero_diffusion0000-0007,1.1,65,1.2197403210821955,1.2740437322700937
run-endocytosis2_baseline_zero_diffusion0000-0008,1.1,23,0.7927715545383747,1.1982586587988968
run-endocytosis2_baseline_zero_diffusion0000-0009,1.1,51,0.6664987859555787,1.3434323842556166
run-endocytosis2_baseline_zero_diffusion0000-0010,1.1,33,0.8558233257491775,1.139819041049054
run-endocytosis2_baseline_zero_diffusion0000-0011,1.1,11,0.2696583190756954,1.2133639589403882
run-endocytosis2_baseline_zero_diffusion0000-0012,1.1,20,1.2947718905948482,1.0755639760480094
run-endocytosis2_baseline_zero_diffusion0000-0013,1.1,108,1.0325572706253408,1.4475262111106861
run-endocytosis2_baseline_zero_diffusion0000-0014,1.1,23,1.2025925481629953,1.0925211744238377
run-endocytosis2_baseline_zero_diffusion0000-0016,1.1,35,1.242189419782155,1.3262040746710966
run-endocytosis2_baseline_zero_diffusion0000-0017,1.1,40,1.0003608038966172,1.2230334100649483
run-endocytosis2_baseline_zero_diffusion0000-0018,1.1,15,0.630905646746398,1.2744822212527258
run-endocytosis2_baseline_zero_diffusion0000-0019,1.1,75,1.1934066441746043,1.386609901385036
run-endocytosis2_baseline_zero_diffusion0000-0020,1.1,11,1.0361427612402978,1.2703179820508752
run-endocytosis2_baseline_zero_diffusion0000-0021,1.1,112,0.8645976930105974,1.3907401160019788
run-endocytosis2_baseline_zero_diffusion0000-0022,1.1,60,1.1679262031116902,1.3992084099380646
run-endocytosis2_baseline_zero_diffusion0000-0023,1.1,98,1.303159401124747,1.460003932815129
run-endocytosis2_baseline_zero_diffusion0000-0024,1.1,28,1.0424173894408508,1.3433460292573827
run-endocytosis2_baseline_zero_diffusion0000-0025,1.1,8,0.7057784856979344,0.9832848411861681
run-endocytosis2_baseline_zero_diffusion0000-0027,1.1,16,0.40995725733724453,0.9754453759667617
run-endocytosis2_baseline_zero_diffusion0000-0028,1.1,43,1.3424648610591288,1.324635961035725
run-endocytosis2_baseline_zero_diffusion0000-0029,1.1,41,0.3423230569968616,1.3854962132660853
run-endocytosis2_baseline_zero_diffusion0000-0030,1.1,27,1.1752024998372392,1.3100154967243123
run-endocytosis2_baseline_zero_diffusion0000-0031,1.1,86,0.7866054003307107,1.3743696405782728
run-endocytosis2_baseline_zero_diffusion0000-0032,1.1,69,1.0352578141076263,1.371197035590861
run-endocytosis2_baseline_zero_diffusion0000-0033,1.1,59,1.1200032866404137,1.3337090577522803
run-endocytosis2_baseline_zero_diffusion0000-0035,1.1,4,0.09570695660597073,0.6615371190300786
run-endocytosis2_baseline_zero_diffusion0000-0037,1.1,7,0.560156401615528,0.6783452314682527
run-endocytosis2_baseline_zero_diffusion0000-0038,1.1,35,1.2973401118693664,1.3123236813454193
run-endocytosis2_baseline_zero_diffusion0000-0039,1.1,19,0.8047142845808894,1.3415837508997253
run-endocytosis2_baseline_zero_diffusion0000-0040,1.1,4,0.11307895852892869,0.597670235618898
run-endocytosis2_baseline_zero_diffusion0000-0041,1.1,67,1.0535901752556511,1.4598840759772997
run-endocytosis2_baseline_zero_diffusion0000-0042,1.1,60,0.825082283257948,1.3781381669482198
run-endocytosis2_baseline_zero_diffusion0000-0043,1.1,4,0.04382644170477734,0.756224732452578
run-endocytosis2_baseline_zero_diffusion0000-0044,1.1,101,1.3018184962752428,1.4366335645809818
run-endocytosis2_baseline_zero_diffusion0000-0045,1.1,7,0.4129702186617017,1.1280545928223054
run-endocytosis2_baseline_zero_diffusion0000-0046,1.1,5,0.3047058825382578,0.9470965808721469
run-endocytosis2_baseline_zero_diffusion0000-0047,1.1,50,0.475138992971762,1.3847703864507386
run-endocytosis2_baseline_zero_diffusion0000-0048,1.1,33,1.2157903274129076,1.348010391387877
run-endocytosis2_baseline_zero_diffusion0000-0049,1.1,2,0.04115996956025114,0.2530443011304979
run-endocytosis2_baseline_zero_diffusion0000-0000,1.2,17,1.1888963703172766,1.1449938931422186
run-endocytosis2_baseline_zero_diffusion0000-0001,1.2,47,0.8441107886483875,1.4027158439743403
run-endocytosis2_baseline_zero_diffusion0000-0002,1.2,21,0.6700578543733356,1.229039768965631
run-endocytosis2_baseline_zero_diffusion0000-0003,1.2,22,0.5846030896480827,1.1511038823610418
run-endocytosis2_baseline_zero_diffusion0000-0004,1.2,57,0.7951597935018873,1.413859055155777
run-endocytosis2_baseline_zero_diffusion0000-0005,1.2,38,0.9632302865285765,1.4496969622173688
run-endocytosis2_baseline_zero_diffusion0000-0006,1.2,23,0.3810726367949262,1.1431973849724255
run-endocytosis2_baseline_zero_diffusion0000-0007,1.2,65,1.0285545856417864,1.461423876083491
run-endocytosis2_baseline_zero_diffusion0000-0008,1.2,23,0.8227533714098473,1.3342424329699005
run-endocytosis2_baseline_zero_diffusion0000-0009,1.2,61,0.5946693080268279,1.392757213725717
run-endocytosis2_baseline_zero_diffusion0000-0010,1.2,42,1.295997129450234,1.2904448438477276
run-endocytosis2_baseline_zero_diffusion0000-0011,1.2,40,1.2384738952598164,1.3687815777241688
run-endocytosis2_baseline_zero_diffusion0000-0012,1.2,20,1.231629003570674,1.336196816647583
run-endocytosis2_baseline_zero_diffusion0000-0013,1.2,108,0.9374919306744658,1.4480889519145008
run-endocytosis2_baseline_zero_diffusion0000-0014,1.2,23,1.255357380205175,1.4028152239319147
run-endocytosis2_baseline_zero_diffusion0000-0016,1.2,35,1.2210694093516707,1.428876690967909
run-endocytosis2_baseline_zero_diffusion0000-0017,1.2,40,0.8836243748313931,1.3952794873781005
run-endocytosis2_baseline_zero_diffusion0000-0018,1.2,15,0.5744482598532973,1.118139744270691
run-endocytosis2_baseline_zero_diffusion0000-0019,1.2,84,1.1579184823023247,1.433689094804171
run-endocytosis2_baseline_zero_diffusion0000-0020,1.2,6,0.7272784529260472,0.8072700878210894
run-endocytosis2_baseline_zero_diffusion0000-0021,1.2,115,0.8995428992860047,1.4649403043248796
run-endocytosis2_baseline_zero_diffusion0000-0022,1.2,66,1.2237616553124555,1.3108420791726276
run-endocytosis2_baseline_zero_diffusion0000-0023,1.2,100,1.352691404915099,1.446362737659379
run-endocytosis2_baseline_zero_diffusion0000-0024,1.2,32,1.2029802406916326,1.3245734177838282
run-endocytosis2_baseline_zero_diffusion0000-0025,1.2,8,0.7014432358837364,1.2016890297515395
run-endocytosis2_baseline_zero_diffusion0000-0027,1.2,16,0.39601084300606226,1.3019999500892632
run-endocytosis2_baseline_zero_diffusion0000-0028,1.2,47,1.2618105801812491,1.3205075306702339
run-endocytosis2_baseline_zero_diffusion0000-0029,1.2,41,0.43866917505893466,1.3549482305403755
run-endocytosis2_baseline_zero_diffusion0000-0030,1.2,27,1.18021620789628,1.2820074156782946
run-endocytosis2_baseline_zero_diffusion0000-0031,1.2,94,0.8184085469796949,1.3943994994657731
run-endocytosis2_baseline_zero_diffusion0000-0032,1.2,74,1.1532143761912146,1.4655415343462552
run-endocytosis2_baseline_zero_diffusion0000-0033,1.2,64,1.187221272904587,1.4595311741018586
run-endocytosis2_baseline_zero_diffusion0000-0035,1.2,4,0.11961126495663188,1.0802677916570187
run-endocytosis2_baseline_zero_diffusion0000-0037,1.2,7,0.5751356214309127,1.1476397230366477
run-endocytosis2_baseline_zero_diffusion0000-0038,1.2,35,1.2476249490998703,1.350894833006449
run-endocytosis2_baseline_zero_diffusion0000-0039,1.2,19,0.7464554115813162,1.343729020146289
run-endocytosis2_baseline_zero_diffusion0000-0040,1.2,4,0.16066150138103374,1.0898399902230989
run-endocytosis2_baseline_zero_diffusion0000-0041,1.2,74,1.0930721609309535,1.439165035735926
run-endocytosis2_baseline_zero_diffusion0000-0042,1.2,71,0.827865071133616,1.386326433631518
run-endocytosis2_baseline_zero_diffusion0000-0043,1.2,4,0.043052510965192914,0.9221601456528791
run-endocytosis2_baseline_zero_diffusion0000-0044,1.2,105,1.3243717149009242,1.4143498615283485
run-endocytosis2_baseline_zero_diffusion0000-0045,1.2,7,0.42602807632694706,1.1004367648823248
run-endocytosis2_baseline_zero_diffusion0000-0046,1.2,5,0.3864366884814421,0.7273531519914221
run-endocytosis2_baseline_zero_diffusion0000-0047,1.2,50,0.637262274679363,1.3031769828458293
run-endocytosis2_baseline_zero_diffusion0000-0048,1.2,33,1.203923911202541,1.293670188846265
run-endocytosis2_baseline_zero_diffusion0000-0049,1.2,2,-0.00151745797012115,0.466516177533435
run-endocytosis2_baseline_zero_diffusion0000-0000,1.3,17,1.190381592674017,1.2608926945929706
run-endocytosis2_baseline_zero_diffusion0000-0001,1.3,47,0.8175349661306153,1.3985303036885877
run-endocytosis2_baseline_zero_diffusion0000-0002,1.3,21,0.6936604842749858,1.1236588642436278
run-endocytosis2_baseline_zero_diffusion0000-0003,1.3,33,0.4745093020299662,1.3883063258515205
run-endocytosis2_baseline_zero_diffusion0000-0004,1.3,65,0.8244769061781911,1.339843108250801
run-endocytosis2_baseline_zero_diffusion0000-0005,1.3,74,1.2992481675908476,1.4086301402670605
run-endocytosis2_baseline_zero_diffusion0000-0006,1.3,23,0.36984236228663137,1.2578357874832635
run-endocytosis2_baseline_zero_diffusion0000-0007,1.3,68,1.0707016529033229,1.4592130318841323
run-endocytosis2_baseline_zero_diffusion0000-0008,1.3,23,0.8723781331146432,1.1490739552106675
run-endocytosis2_baseline_zero_diffusion0000-0009,1.3,71,0.5202804735264284,1.3319445553118339
run-endocytosis2_baseline_zero_diffusion0000-0010,1.3,63,1.4342108242968807,1.3421046267959293
run-endocytosis2_baseline_zero_diffusion0000-0011,1.3,40,1.1738087347157156,1.3430565596110564
run-endocytosis2_baseline_zero_diffusion0000-0012,1.3,20,1.2731204957327158,1.3524534815832268
run-endocytosis2_baseline_zero_diffusion0000-0013,1.3,108,0.9202927241923475,1.297716484023962
run-endocytosis2_baseline_zero_diffusion0000-0014,1.3,23,1.2350545729292202,1.3153374061844658
run-endocytosis2_baseline_zero_diffusion0000-0016,1.3,43,1.085756280095969,1.1009891288113574
run-endocytosis2_baseline_zero_diffusion0000-0017,1.3,40,0.8885153364048842,1.3898260027436695
run-endocytosis2_baseline_zero_diffusion0000-0018,1.3,20,0.46317168546858145,1.2806799571351628
run-endocytosis2_baseline_zero_diffusion0000-0019,1.3,94,1.1498367870939712,1.4228024850028842
run-endocytosis2_baseline_zero_diffusion0000-0020,1.3,3,0.06804523747706037,0.7997966200614213
run-endocytosis2_baseline_zero_diffusion0000-0021,1.3,163,0.8263170173294865,1.4565153763730612
run-endocytosis2_baseline_zero_diffusion0000-0022,1.3,71,1.248107646742414,1.4217080755400895
run-endocytosis2_baseline_zero_diffusion0000-0023,1.3,100,1.3551833296740237,1.4679237719127352
run-endocytosis2_baseline_zero_diffusion0000-0024,1.3,48,0.920339313329516,1.3111384056481188
run-endocytosis2_baseline_zero_diffusion0000-0025,1.3,8,0.6868684651857611,1.2584182414867249
run-endocytosis2_baseline_zero_diffusion0000-0027,1.3,31,0.24954468970973287,1.212086991914615
run-endocytosis2_baseline_zero_diffusion0000-0028,1.3,52,1.232073949105091,1.3931081160358876
run-endocytosis2_baseline_zero_diffusion0000-0029,1.3,41,0.6067836849451337,1.4258065676768144
run-endocytosis2_baseline_zero_diffusion0000-0030,1.3,27,1.215381682809137,1.0881904806847864
run-endocytosis2_baseline_zero_diffusion0000-0031,1.3,103,0.7697866143836761,1.4514899322585397
run-endocytosis2_baseline_zero_diffusion0000-0032,1.3,74,1.1089116009125601,1.4638513895798186
run-endocytosis2_baseline_zero_diffusion0000-0033,1.3,65,1.21897919318313,1.418314908367012
run-endocytosis2_baseline_zero_diffusion0000-0035,1.3,4,0.08820655284905898,0.9651006899137922
run-endocytosis2_baseline_zero_diffusion0000-0037,1.3,7,0.5675788811184048,1.0331558870119917
run-endocytosis2_baseline_zero_diffusion0000-0038,1.3,35,1.2442770464758166,1.372848486966506
run-endocytosis2_baseline_zero_diffusion0000-0039,1.3,19,0.7690387763000761,1.2555213122525057
run-endocytosis2_baseline_zero_diffusion0000-0040,1.3,4,0.17788449019336383,0.7804769087067881
run-endocytosis2_baseline_zero_diffusion0000-0041,1.3,76,1.3577726929288254,1.4769406700187446
run-endocytosis2_baseline_zero_diffusion0000-0042,1.3,80,0.8918563390208238,1.4501603651336668
run-endocytosis2_baseline_zero_diffusion0000-0043,1.3,4,0.04105489060050904,1.0224739281516515
run-endocytosis2_baseline_zero_diffusion0000-0044,1.3,114,1.2150062132693353,1.3791572508967356
run-endocytosis2_baseline_zero_diffusion0000-0045,1.3,7,0.406771498347239,1.1160061710095794
run-endocytosis2_baseline_zero_diffusion0000-0046,1.3,5,0.3248044405286379,0.8227703191882173
run-endocytosis2_baseline_zero_diffusion0000-0047,1.3,50,0.7835857855108093,1.1837118407967893
run-endocytosis2_baseline_zero_diffusion0000-0048,1.3,40,1.1117267326185423,1.2926583697234673
run-endocytosis2_baseline_zero_diffusion0000-0049,1.3,2,0.017485646387393805,0.6029511798979036
run-endocytosis2_baseline_zero_diffusion0000-0000,1.4,17,1.194587701528302,1.1569050808171721
run-endocytosis2_baseline_zero_diffusion0000-0001,1.4,54,0.7351644743851199,1.294452504771248
run-endocytosis2_baseline_zero_diffusion0000-0002,1.4,21,0.6736096955968603,1.1630887951464195
run-endocytosis2_baseline_zero_diffusion0000-0003,1.4,56,0.683807099861164,1.4027764623659806
run-endocytosis2_baseline_zero_diffusion0000-0004,1.4,65,0.8254294121716194,1.3653141117741008
run-endocytosis2_baseline_zero_diffusion0000-0005,1.4,74,1.262369488366471,1.4329932866022959
run-endocytosis2_baseline_zero_diffusion0000-0006,1.4,23,0.37859307190682046,1.1294488135137524
run-endocytosis2_baseline_zero_diffusion0000-0007,1.4,75,1.1796086335775604,1.3924776703261652
run-endocytosis2_baseline_zero_diffusion0000-0008,1.4,23,0.7930956526162755,1.349549535299164
run-endocytosis2_baseline_zero_diffusion0000-0009,1.4,83,0.41445382353106486,1.373708019191167
run-endocytosis2_baseline_zero_diffusion0000-0010,1.4,78,1.3588526434081658,1.4042427521443364
run-endocytosis2_baseline_zero_diffusion0000-0011,1.4,40,1.161002185432631,1.386218726527382
run-endocytosis2_baseline_zero_diffusion0000-0012,1.4,20,1.318396726747413,1.1965520672187284
run-endocytosis2_baseline_zero_diffusion0000-0013,1.4,101,0.77886030157915,1.4260498878833905
run-endocytosis2_baseline_zero_diffusion0000-0014,1.4,38,0.8512142240309116,1.3136056030193095
run-endocytosis2_baseline_zero_diffusion0000-0016,1.4,49,1.0232120731624583,1.4612869352284572
run-endocytosis2_baseline_zero_diffusion0000-0017,1.4,40,0.9113785675887122,1.434755115552241
run-endocytosis2_baseline_zero_diffusion0000-0018,1.4,25,0.4200847109946546,1.3068044442473
run-endocytosis2_baseline_zero_diffusion0000-0019,1.4,98,1.1722844839093973,1.444961247597305
run-endocytosis2_baseline_zero_diffusion0000-0021,1.4,195,0.9763195432314891,1.3961066556001538
run-endocytosis2_baseline_zero_diffusion0000-0022,1.4,76,1.2919027612118763,1.4734876386322413
run-endocytosis2_baseline_zero_diffusion0000-0023,1.4,104,1.2824118192273775,1.3239242182423778
run-endocytosis2_baseline_zero_diffusion0000-0024,1.4,53,0.8937881411359555,1.2452071278194006
run-endocytosis2_baseline_zero_diffusion0000-0025,1.4,8,0.6808977803227733,0.8650815323939709
run-endocytosis2_baseline_zero_diffusion0000-0027,1.4,31,0.3445620651913983,1.2480261767770315
run-endocytosis2_baseline_zero_diffusion0000-0028,1.4,57,1.1550193133609497,1.439237406590268
run-endocytosis2_baseline_zero_diffusion0000-0029,1.4,46,0.4334245857608796,1.4211733569893965
run-endocytosis2_baseline_zero_diffusion0000-0030,1.4,27,1.2383044939707715,1.3592794127184964
run-endocytosis2_baseline_zero_diffusion0000-0031,1.4,112,0.7336122782475888,1.4006650242853549
run-endocytosis2_baseline_zero_diffusion0000-0032,1.4,74,1.0568204878192837,1.4384097571616594
run-endocytosis2_baseline_zero_diffusion0000-0033,1.4,72,1.2248981409511766,1.4426992670992673
run-endocytosis2_baseline_zero_diffusion0000-0035,1.4,4,0.21703656211208178,0.984559797894278
run-endocytosis2_baseline_zero_diffusion0000-0037,1.4,7,0.5670821100620116,0.992487745938361
run-endocytosis2_baseline_zero_diffusion0000-0038,1.4,35,1.1952280441825593,1.3658884415661083
run-endocytosis2_baseline_zero_diffusion0000-0039,1.4,19,0.764940901719045,1.3455338138198285
run-endocytosis2_baseline_zero_diffusion0000-0040,1.4,4,0.10747874527774193,0.9629037022382768
run-endocytosis2_baseline_zero_diffusion0000-0041,1.4,85,1.2558173321493653,1.4457990286111864
run-endocytosis2_baseline_zero_diffusion0000-0042,1.4,87,0.9831684596056849,1.3769583359716784
run-endocytosis2_baseline_zero_diffusion0000-0043,1.4,4,0.14990638163059034,0.8253130165743235
run-endocytosis2_baseline_zero_diffusion0000-0044,1.4,123,1.1845862850358813,1.4732552120157785
run-endocytosis2_baseline_zero_diffusion0000-0045,1.4,7,0.4637105540178166,1.0971058495355734
run-endocytosis2_baseline_zero_diffusion0000-0046,1.4,5,0.30620299787233196,0.9709422159705586
run-endocytosis2_baseline_zero_diffusion0000-0047,1.4,50,0.7636790193690304,1.3415180042147528
run-endocytosis2_baseline_zero_diffusion0000-0048,1.4,40,1.0793354647804163,1.2778185991663102
run-endocytosis2_baseline_zero_diffusion0000-0049,1.4,2,0.02132198673758179,0.23732677770967903
run-endocytosis2_baseline_zero_diffusion0000-0000,1.5,17,1.1810802202389528,1.2894839507112423
run-endocytosis2_baseline_zero_diffusion0000-0001,1.5,47,0.8794556157760347,1.3942597202664149
run-endocytosis2_baseline_zero_diffusion0000-0002,1.5,21,0.6471353862621585,1.1125268163603454
run-endocytosis2_baseline_zero_diffusion0000-0003,1.5,71,0.61870517325715,1.363270264913451
run-endocytosis2_baseline_zero_diffusion0000-0004,1.5,70,0.7703514605758822,1.3909723788186386
run-endocytosis2_baseline_zero_diffusion0000-0005,1.5,74,1.2805481945240806,1.4416706745913208
run-endocytosis2_baseline_zero_diffusion0000-0006,1.5,23,0.38894599614043845,1.353364490626096
run-endocytosis2_baseline_zero_diffusion0000-0007,1.5,79,1.1737085798641251,1.356710945887106
run-endocytosis2_baseline_zero_diffusion0000-0008,1.5,23,0.7865138755667561,1.141293722172948
run-endocytosis2_baseline_zero_diffusion0000-0009,1.5,89,0.43628444755018525,1.4672791178763016
run-endocytosis2_baseline_zero_diffusion0000-0010,1.5,93,1.295203543820473,1.3787356822623622
run-endocytosis2_baseline_zero_diffusion0000-0011,1.5,40,1.1223497656791925,1.3833117463769695
run-endocytosis2_baseline_zero_diffusion0000-0012,1.5,20,1.2565109721229732,1.2227149605706227
run-endocytosis2_baseline_zero_diffusion0000-0013,1.5,105,0.8051647106624831,1.4957723926462063
run-endocytosis2_baseline_zero_diffusion0000-0014,1.5,38,0.9091872079585588,1.3294277188807886
run-endocytosis2_baseline_zero_diffusion0000-0016,1.5,50,1.0104336719494253,1.4028211032044207
run-endocytosis2_baseline_zero_diffusion0000-0017,1.5,40,1.0740042501883766,1.3151276410403232
run-endocytosis2_baseline_zero_diffusion0000-0018,1.5,29,0.32204947728861155,1.2175732853241024
run-endocytosis2_baseline_zero_diffusion0000-0019,1.5,103,1.1782107607495202,1.444670619716366
run-endocytosis2_baseline_zero_diffusion0000-0020,1.5,12,0.4685958730648685,1.0537277948623944
run-endocytosis2_baseline_zero_diffusion0000-0021,1.5,196,1.0058984476245905,1.4975484504263605
run-endocytosis2_baseline_zero_diffusion0000-0022,1.5,81,1.2936912662496598,1.4865669450375936
run-endocytosis2_baseline_zero_diffusion0000-0023,1.5,108,1.1995820838677578,1.4102249217779137
run-endocytosis2_baseline_zero_diffusion0000-0024,1.5,46,1.083584618543206,1.3874359272668126
run-endocytosis2_baseline_zero_diffusion0000-0025,1.5,8,0.6989204403988938,0.9170287210601705
run-endocytosis2_baseline_zero_diffusion0000-0027,1.5,16,0.4140763696744487,1.2346803498255854
run-endocytosis2_baseline_zero_diffusion0000-0028,1.5,80,1.1035350311520185,1.4680372665320267
run-endocytosis2_baseline_zero_diffusion0000-0029,1.5,51,0.48014637012258077,1.4277009634878404
run-endocytosis2_baseline_zero_diffusion0000-0030,1.5,34,1.4064752223156765,1.1935732929358451
run-endocytosis2_baseline_zero_diffusion0000-0031,1.5,119,0.6817183618861654,1.4518587363442188
run-endocytosis2_baseline_zero_diffusion0000-0032,1.5,80,1.1587570180349047,1.4733765520856736
run-endocytosis2_baseline_zero_diffusion0000-0033,1.5,74,1.2600398846758258,1.2980267001447037
run-endocytosis2_baseline_zero_diffusion0000-0034,1.5,5,0.1691114524118844,0.7891288599846935
run-endocytosis2_baseline_zero_diffusion0000-0035,1.5,4,0.20569156282474776,0.9647313977121762
run-endocytosis2_baseline_zero_diffusion0000-0037,1.5,7,0.5660293819579876,1.1431229449735896
run-endocytosis2_baseline_zero_diffusion0000-0038,1.5,35,1.2428246006331642,1.2873151533443716
run-endocytosis2_baseline_zero_diffusion0000-0039,1.5,19,0.7620043047638022,1.2845109230194631
run-endocytosis2_baseline_zero_diffusion0000-0040,1.5,4,0.11592310415156937,1.1444929223667517
run-endocytosis2_baseline_zero_diffusion0000-0041,1.5,92,1.24518244292023,1.444288089110863
run-endocytosis2_baseline_zero_diffusion0000-0042,1.5,90,0.9555066296908373,1.2859512312552095
run-endocytosis2_baseline_zero_diffusion0000-0043,1.5,4,0.11480190939353285,0.8903478025387881
run-endocytosis2_baseline_zero_diffusion0000-0044,1.5,128,1.2082150851722895,1.4311643789808197
run-endocytosis2_baseline_zero_diffusion0000-0045,1.5,7,0.48619084859019024,0.8634391328081774
run-endocytosis2_baseline_zero_diffusion0000-0046,1.5,5,0.24230516976638405,1.0911495295573759
run-endocytosis2_baseline_zero_diffusion0000-0047,1.5,50,0.906311888038348,1.3804011223707062
run-endocytosis2_baseline_zero_diffusion0000-0048,1.5,40,1.1096881404979153,1.3390527305066338
run-endocytosis2_baseline_zero_diffusion0000-0049,1.5,2,0.022640518044819924,0.7489291103778011
run-endocytosis2_baseline_zero_diffusion0000-0000,1.6,17,1.1728667251468194,1.156371951424398
run-endocytosis2_baseline_zero_diffusion0000-0001,1.6,47,0.8385670472592663,1.4078078943989085
run-endocytosis2_baseline_zero_diffusion0000-0002,1.6,21,0.6577807133294102,1.2369903020620512
run-endocytosis2_baseline_zero_diffusion0000-0003,1.6,85,0.7341945659371533,1.4113995154267516
run-endocytosis2_baseline_zero_diffusion0000-0004,1.6,70,0.7095893824418361,1.426572126533129
run-endocytosis2_baseline_zero_diffusion0000-0005,1.6,78,1.3221713247635396,1.3389075924594
run-endocytosis2_baseline_zero_diffusion0000-0006,1.6,26,0.858548566191435,1.33609964383924
run-endocytosis2_baseline_zero_diffusion0000-0007,1.6,79,1.0968214638006872,1.4191304133399785
run-endocytosis2_baseline_zero_diffusion0000-0008,1.6,23,0.8370352607519655,1.2991069229433732
run-endocytosis2_baseline_zero_diffusion0000-0009,1.6,94,0.4968508259491904,1.4373423911440504
run-endocytosis2_baseline_zero_diffusion0000-0010,1.6,107,1.169437793578842,1.4820034685274206
run-endocytosis2_baseline_zero_diffusion0000-0011,1.6,40,1.144730392588321,1.2597719683805215
run-endocytosis2_baseline_zero_diffusion0000-0012,1.6,20,1.2206320634377887,1.3325349555284034
run-endocytosis2_baseline_zero_diffusion0000-0013,1.6,112,0.7271523618099432,1.461344564953002
run-endocytosis2_baseline_zero_diffusion0000-0014,1.6,48,1.0909410179285868,1.3620226658256736
run-endocytosis2_baseline_zero_diffusion0000-0016,1.6,50,0.9385915315275833,1.3849639507374873
run-endocytosis2_baseline_zero_diffusion0000-0017,1.6,40,1.1501938671053105,1.3746645666204542
run-endocytosis2_baseline_zero_diffusion0000-0018,1.6,29,0.32778797679628746,1.2206310036639227
run-endocytosis2_baseline_zero_diffusion0000-0019,1.6,103,1.1860545433568688,1.385886441596576
run-endocytosis2_baseline_zero_diffusion0000-0020,1.6,12,0.6860126972443118,0.8900540279461314
run-endocytosis2_baseline_zero_diffusion0000-0021,1.6,196,1.0734178385499569,1.4854977422769944
run-endocytosis2_baseline_zero_diffusion0000-0022,1.6,83,1.2657728759134343,1.3406308036423984
run-endocytosis2_baseline_zero_diffusion0000-0023,1.6,113,1.1657589841184768,1.3734272860183947
run-endocytosis2_baseline_zero_diffusion0000-0024,1.6,46,1.0834440600713577,1.3467804779360244
run-endocytosis2_baseline_zero_diffusion0000-0025,1.6,8,0.666688523996546,0.8563328955464771
run-endocytosis2_baseline_zero_diffusion0000-0027,1.6,16,0.4141727542542084,1.3251357765015852
run-endocytosis2_baseline_zero_diffusion0000-0028,1.6,92,1.1808376599415467,1.4308017508642366
run-endocytosis2_baseline_zero_diffusion0000-0029,1.6,56,0.45677620447769374,1.3185969509456594
run-endocytosis2_baseline_zero_diffusion0000-0030,1.6,42,1.2894619407635268,1.406343255355582
run-endocytosis2_baseline_zero_diffusion0000-0031,1.6,112,0.5670198291821889,1.474590535623561
run-endocytosis2_baseline_zero_diffusion0000-0032,1.6,84,1.0818878551851911,1.4141371187947895
run-endocytosis2_baseline_zero_diffusion0000-0033,1.6,74,1.1960562987406993,1.3754303320648442
run-endocytosis2_baseline_zero_diffusion0000-0034,1.6,5,0.3931107253256365,0.8768252345073695
run-endocytosis2_baseline_zero_diffusion0000-0035,1.6,4,0.22544431405877297,0.9974433988819775
run-endocytosis2_baseline_zero_diffusion0000-0037,1.6,7,0.5784783010326511,0.921996350496179
run-endocytosis2_baseline_zero_diffusion0000-0038,1.6,38,1.1283654921508963,1.2967156547010954
run-endocytosis2_baseline_zero_diffusion0000-0039,1.6,19,0.8191990507351588,1.2894700829137469
run-endocytosis2_baseline_zero_diffusion0000-0040,1.6,4,0.1483072188277259,1.1240080329776092
run-endocytosis2_baseline_zero_diffusion0000-0041,1.6,92,1.1996147983889034,1.3594493053045982
run-endocytosis2_baseline_zero_diffusion0000-0042,1.6,62,0.9688298110151113,1.4333715956464221
run-endocytosis2_baseline_zero_diffusion0000-0043,1.6,4,0.0911631059876492,1.0912722249849836
run-endocytosis2_baseline_zero_diffusion0000-0044,1.6,138,1.1796913744370225,1.490270774753179
run-endocytosis2_baseline_zero_diffusion0000-0045,1.6,7,0.4475185184242547,1.160828146995823
run-endocytosis2_baseline_zero_diffusion0000-0046,1.6,5,0.31426060405483747,0.5246451342387699
run-endocytosis2_baseline_zero_diffusion0000-0047,1.6,50,0.9756527221138419,1.3460377215865331
run-endocytosis2_baseline_zero_diffusion0000-0048,1.6,40,1.1679128860230465,1.2613915267106988
run-endocytosis2_baseline_zero_diffusion0000-0049,1.6,9,0.8256353791833392,1.0560629900867498
run-endocytosis2_baseline_zero_diffusion0000-0000,1.7,17,1.215041321424323,1.1877182715470465
run-endocytosis2_baseline_zero_diffusion0000-0001,1.7,47,0.8112552138470196,1.2867452156886856
run-endocytosis2_baseline_zero_diffusion0000-0002,1.7,21,0.6765450655502455,1.401312055626024
run-endocytosis2_baseline_zero_diffusion0000-0003,1.7,102,0.7044789583779772,1.3511603394972769
run-endocytosis2_baseline_zero_diffusion0000-0004,1.7,70,0.7309624260070817,1.3877222259515902
run-endocytosis2_baseline_zero_diffusion0000-0005,1.7,78,1.3422558064524939,1.4152376276337861
run-endocytosis2_baseline_zero_diffusion0000-0006,1.7,26,1.072278860636478,1.3295063935411064
run-endocytosis2_baseline_zero_diffusion0000-0007,1.7,143,1.3342909517626096,1.479537751521299
run-endocytosis2_baseline_zero_diffusion0000-0008,1.7,23,0.7820843605673243,1.1527501936334255
run-endocytosis2_baseline_zero_diffusion0000-0009,1.7,104,0.4451377211033367,1.44291490129548
run-endocytosis2_baseline_zero_diffusion0000-0010,1.7,118,1.0553326442306528,1.4427359701081093
run-endocytosis2_baseline_zero_diffusion0000-0011,1.7,40,1.162755666991988,1.4316822351887972
run-endocytosis2_baseline_zero_diffusion0000-0012,1.7,20,1.236575205857851,1.3195317353048894
run-endocytosis2_baseline_zero_diffusion0000-0013,1.7,134,0.7876020877970032,1.5130066340158614
run-endocytosis2_baseline_zero_diffusion0000-0014,1.7,61,0.9195501604729533,1.2735082459888138
run-endocytosis2_baseline_zero_diffusion0000-0016,1.7,55,0.9270362618346438,1.432017358436407
run-endocytosis2_baseline_zero_diffusion0000-0017,1.7,40,1.1998934792601457,1.4375273649991083
run-endocytosis2_baseline_zero_diffusion0000-0018,1.7,29,0.42274059400017516,1.3637862325242518
run-endocytosis2_baseline_zero_diffusion0000-0019,1.7,103,1.1483086875854958,1.4459208413154232
run-endocytosis2_baseline_zero_diffusion0000-0020,1.7,12,0.6842845513798838,0.9765008339945191
run-endocytosis2_baseline_zero_diffusion0000-0021,1.7,201,1.1143384911020202,1.4252490211015827
run-endocytosis2_baseline_zero_diffusion0000-0022,1.7,83,1.2355842459782485,1.3998895476563646
run-endocytosis2_baseline_zero_diffusion0000-0023,1.7,114,1.1656951506814803,1.4093118715649533
run-endocytosis2_baseline_zero_diffusion0000-0024,1.7,46,1.0845292281436332,1.3418548859330717
run-endocytosis2_baseline_zero_diffusion0000-0025,1.7,8,0.6750015317149721,1.291072174708715
run-endocytosis2_baseline_zero_diffusion0000-0027,1.7,16,0.36346356896907106,1.2581857284082896
run-endocytosis2_baseline_zero_diffusion0000-0028,1.7,94,1.2934033298283076,1.4615542990631083
run-endocytosis2_baseline_zero_diffusion0000-0029,1.7,60,0.4556282780031513,1.3243563529901714
run-endocytosis2_baseline_zero_diffusion0000-0030,1.7,47,1.2246513185976695,1.3842913555310696
run-endocytosis2_baseline_zero_diffusion0000-0031,1.7,114,0.5568884748273009,1.46288963658549
run-endocytosis2_baseline_zero_diffusion0000-0032,1.7,89,1.057545988132984,1.382822668994118
run-endocytosis2_baseline_zero_diffusion0000-0033,1.7,80,1.165069562234494,1.4522267902670403
run-endocytosis2_baseline_zero_diffusion0000-0034,1.7,5,0.2062066827433353,1.0509048588269079
run-endocytosis2_baseline_zero_diffusion0000-0035,1.7,4,0.22896159690898243,0.9391257706830888
run-endocytosis2_baseline_zero_diffusion0000-0037,1.7,7,0.5283839099250793,1.2311053328522072
run-endocytosis2_baseline_zero_diffusion0000-0038,1.7,42,1.0578492653297398,1.2183565173656081
run-endocytosis2_baseline_zero_diffusion0000-0039,1.7,19,0.8369363770834264,1.0777290631567593
run-endocytosis2_baseline_zero_diffusion0000-0040,1.7,4,0.1032829359228733,0.7409778316464526
run-endocytosis2_baseline_zero_diffusion0000-0041,1.7,107,1.13678492091891,1.4230244456391692
run-endocytosis2_baseline_zero_diffusion0000-0042,1.7,62,0.9879972589125681,1.4521137964620494
run-endocytosis2_baseline_zero_diffusion0000-0043,1.7,4,0.12075134416811917,1.0027817035536466
run-endocytosis2_baseline_zero_diffusion0000-0044,1.7,133,1.0052132037802695,1.4214524661638053
run-endocytosis2_baseline_zero_diffusion0000-0045,1.7,7,0.4499177990204881,1.1782332541070837
run-endocytosis2_baseline_zero_diffusion0000-0046,1.7,9,0.8247863614201902,1.1670239076581046
run-endocytosis2_baseline_zero_diffusion0000-0047,1.7,50,0.9914118513512651,1.3531976024312142
run-endocytosis2_baseline_zero_diffusion0000-0048,1.7,47,1.0746335720322184,1.4509869925703271
run-endocytosis2_baseline_zero_diffusion0000-0049,1.7,9,0.841306839953709,1.0295202455488928
run-endocytosis2_baseline_zero_diffusion0000-0000,1.8,17,1.1783578781829027,1.1378715126328454
run-endocytosis2_baseline_zero_diffusion0000-0001,1.8,52,0.8621709448012901,1.4357093289943768
run-endocytosis2_baseline_zero_diffusion0000-0002,1.8,21,0.6143021159969816,1.0095928645929002
run-endocytosis2_baseline_zero_diffusion0000-0003,1.8,106,0.6983692792800046,1.3730739462553732
run-endocytosis2_baseline_zero_diffusion0000-0004,1.8,70,0.7287893131033494,1.4527472716244818
run-endocytosis2_baseline_zero_diffusion0000-0005,1.8,75,1.3307036934820877,1.41094781037623
run-endocytosis2_baseline_zero_diffusion0000-0006,1.8,26,1.031406581688459,1.2129855756609875
run-endocytosis2_baseline_zero_diffusion0000-0007,1.8,153,1.2913672937199012,1.50367793396622
run-endocytosis2_baseline_zero_diffusion0000-0008,1.8,23,0.852873109895987,1.10750309622631
run-endocytosis2_baseline_zero_diffusion0000-0009,1.8,119,0.453507743690188,1.462089526853638
run-endocytosis2_baseline_zero_diffusion0000-0010,1.8,122,1.1657817743826886,1.4718151087996485
run-endocytosis2_baseline_zero_diffusion0000-0011,1.8,40,1.1507713310012764,1.3791822499173136
run-endocytosis2_baseline_zero_diffusion0000-0012,1.8,20,1.2253609291830674,1.239524537403613
run-endocytosis2_baseline_zero_diffusion0000-0013,1.8,138,0.8724535637004811,1.4627843821521025
run-endocytosis2_baseline_zero_diffusion0000-0014,1.8,71,0.9444637107888049,1.40212516407681
run-endocytosis2_baseline_zero_diffusion0000-0016,1.8,59,0.8690577971598512,1.2454294732003754
run-endocytosis2_baseline_zero_diffusion0000-0017,1.8,40,1.1992769769551863,1.3613792340256885
run-endocytosis2_baseline_zero_diffusion0000-0018,1.8,32,0.40022699382464877,1.3894285789349086
run-endocytosis2_baseline_zero_diffusion0000-0019,1.8,109,1.1584107082986972,1.473470210500131
run-endocytosis2_baseline_zero_diffusion0000-0020,1.8,12,0.7031220433088816,1.2275662956580775
run-endocytosis2_baseline_zero_diffusion0000-0021,1.8,170,1.10389706649723,1.4701223440315698
run-endocytosis2_baseline_zero_diffusion0000-0022,1.8,89,1.1266580851959704,1.4273696697100222
run-endocytosis2_baseline_zero_diffusion0000-0023,1.8,137,1.3715862671660297,1.3882371061129053
run-endocytosis2_baseline_zero_diffusion0000-0024,1.8,46,1.1007520307572392,1.2891064517732345
run-endocytosis2_baseline_zero_diffusion0000-0025,1.8,35,1.0759857142555398,1.335352139898092
run-endocytosis2_baseline_zero_diffusion0000-0027,1.8,52,0.5399932156133653,1.4436125970326397
run-endocytosis2_baseline_zero_diffusion0000-0028,1.8,94,1.225612308680639,1.4539194610217552
run-endocytosis2_baseline_zero_diffusion0000-0029,1.8,60,0.36915949661050096,1.1502931167202495
run-endocytosis2_baseline_zero_diffusion0000-0030,1.8,56,1.1852063902232457,1.4745381403901212
run-endocytosis2_baseline_zero_diffusion0000-0031,1.8,119,0.5330998737914692,1.3929380812510441
run-endocytosis2_baseline_zero_diffusion0000-0032,1.8,97,0.9664881983056184,1.4461443980624125
run-endocytosis2_baseline_zero_diffusion0000-0033,1.8,85,1.2357914537736125,1.4603564542688638
run-endocytosis2_baseline_zero_diffusion0000-0034,1.8,5,0.20974366674601952,1.0435948647566309
run-endocytosis2_baseline_zero_diffusion0000-0035,1.8,4,0.14524052895341955,0.9217787724141778
run-endocytosis2_baseline_zero_diffusion0000-0037,1.8,7,0.5366037666843442,0.8871824519934443
run-endocytosis2_baseline_zero_diffusion0000-0038,1.8,43,1.061333232369127,1.3898357680804143
run-endocytosis2_baseline_zero_diffusion0000-0039,1.8,19,0.7563480250539202,1.1124677748048062
run-endocytosis2_baseline_zero_diffusion0000-0040,1.8,4,0.06507108851066756,0.9345477278404785
run-endocytosis2_baseline_zero_diffusion0000-0041,1.8,120,1.2616497500220472,1.4870393375793278
run-endocytosis2_baseline_zero_diffusion0000-0042,1.8,96,1.0056980445686277,1.4601208376355401
run-endocytosis2_baseline_zero_diffusion0000-0043,1.8,4,0.16565222181218497,0.27968549931701725
run-endocytosis2_baseline_zero_diffusion0000-0044,1.8,137,0.9306704612393115,1.3788392395896254
run-endocytosis2_baseline_zero_diffusion0000-0045,1.8,7,0.472461322789254,1.0188367877227913
run-endocytosis2_baseline_zero_diffusion0000-0046,1.8,9,0.8000825714958866,1.1004509318121032
run-endocytosis2_baseline_zero_diffusion0000-0047,1.8,50,1.01003767518395,1.4314469311719995
run-endocytosis2_baseline_zero_diffusion0000-0048,1.8,54,0.9534306275755636,1.413460599847407
run-endocytosis2_baseline_zero_diffusion0000-0049,1.8,9,0.7594176935615058,1.0063392088094392
run-endocytosis2_baseline_zero_diffusion0000-0000,1.9,17,1.186192896800065,1.2063331048769104
run-endocytosis2_baseline_zero_diffusion0000-0001,1.9,52,0.9609224721958516,1.3575093862971697
run-endocytosis2_baseline_zero_diffusion0000-0002,1.9,21,0.6531369539515938,1.3881066356694267
run-endocytosis2_baseline_zero_diffusion0000-0003,1.9,116,0.8803722393935384,1.4813817131419906
run-endocytosis2_baseline_zero_diffusion0000-0004,1.9,70,0.6807998210175917,1.4226120797944048
run-endocytosis2_baseline_zero_diffusion0000-0005,1.9,77,1.29876474176888,1.48156306731233
run-endocytosis2_baseline_zero_diffusion0000-0006,1.9,32,0.7083903231496391,1.3223730992135525
run-endocytosis2_baseline_zero_diffusion0000-0007,1.9,162,1.276869393184834,1.4326902516108113
run-endocytosis2_baseline_zero_diffusion0000-0008,1.9,23,0.8379130608089749,1.3837278311548598
run-endocytosis2_baseline_zero_diffusion0000-0009,1.9,132,0.4904116993049856,1.448209516608335
run-endocytosis2_baseline_zero_diffusion0000-0010,1.9,126,1.1108934736083946,1.470292490439735
run-endocytosis2_baseline_zero_diffusion0000-0011,1.9,40,1.0862154403339725,1.458962613928881
run-endocytosis2_baseline_zero_diffusion0000-0012,1.9,20,1.2448083442984839,1.013284601045996
run-endocytosis2_baseline_zero_diffusion0000-0013,1.9,143,0.8982294836819347,1.4589087450483826
run-endocytosis2_baseline_zero_diffusion0000-0014,1.9,83,0.8961372611098138,1.456122379403368
run-endocytosis2_baseline_zero_diffusion0000-0016,1.9,64,0.8152052755500726,1.3421233481412207
run-endocytosis2_baseline_zero_diffusion0000-0017,1.9,40,1.1872270214805427,1.3996515122551687
run-endocytosis2_baseline_zero_diffusion0000-0018,1.9,36,0.3267275940811596,1.3534445446398635
run-endocytosis2_baseline_zero_diffusion0000-0019,1.9,107,1.2230350072067053,1.4761554288902652
run-endocytosis2_baseline_zero_diffusion0000-0020,1.9,12,0.6837281749877389,1.1523096150782612
run-endocytosis2_baseline_zero_diffusion0000-0021,1.9,175,1.1030171963564896,1.4790834631665504
run-endocytosis2_baseline_zero_diffusion0000-0022,1.9,96,1.2384284648270099,1.4397443505412095
run-endocytosis2_baseline_zero_diffusion0000-0023,1.9,151,1.426656664850028,1.4020510266620254
run-endocytosis2_baseline_zero_diffusion0000-0024,1.9,50,1.0203235210692139,1.446206079728395
run-endocytosis2_baseline_zero_diffusion0000-0025,1.9,39,1.0432323655472415,1.3887404218273607
run-endocytosis2_baseline_zero_diffusion0000-0027,1.9,52,0.4982027712364354,1.4265815749516748
run-endocytosis2_baseline_zero_diffusion0000-0028,1.9,101,1.3032288160306933,1.377106790207953
run-endocytosis2_baseline_zero_diffusion0000-0029,1.9,60,0.389233332286103,1.3906114137789043
run-endocytosis2_baseline_zero_diffusion0000-0030,1.9,74,1.3398222848957075,1.3426039789474247
run-endocytosis2_baseline_zero_diffusion0000-0031,1.9,121,0.4433378663502803,1.4715418889087748
run-endocytosis2_baseline_zero_diffusion0000-0032,1.9,104,0.9314412752765376,1.4441286175425054
run-endocytosis2_baseline_zero_diffusion0000-0033,1.9,86,1.2860240679635524,1.4141929368576842
run-endocytosis2_baseline_zero_diffusion0000-0034,1.9,5,0.35086107103909625,1.1209136406546087
run-endocytosis2_baseline_zero_diffusion0000-0035,1.9,4,0.09345360512962997,1.1015885521476942
run-endocytosis2_baseline_zero_diffusion0000-0037,1.9,7,0.5217534770380656,1.1332254482277957
run-endocytosis2_baseline_zero_diffusion0000-0038,1.9,49,0.9602783439873586,1.3858365726540387
run-endocytosis2_baseline_zero_diffusion0000-0039,1.9,19,0.8529673287624552,1.042752287688768
run-endocytosis2_baseline_zero_diffusion0000-0040,1.9,4,0.055726745545895184,0.800358541419055
run-endocytosis2_baseline_zero_diffusion0000-0041,1.9,135,1.2778320840767907,1.4490843579860428
run-endocytosis2_baseline_zero_diffusion0000-0042,1.9,97,0.8737458848968289,1.4856696055645853
run-endocytosis2_baseline_zero_diffusion0000-0043,1.9,4,0.13320280941629314,0.8863161426389778
run-endocytosis2_baseline_zero_diffusion0000-0044,1.9,186,1.0990272841253648,1.4840560410567658
run-endocytosis2_baseline_zero_diffusion0000-0045,1.9,7,0.5462129692508066,1.0631167523995182
run-endocytosis2_baseline_zero_diffusion0000-0046,1.9,9,0.8336818873934676,1.1612511310691203
run-endocytosis2_baseline_zero_diffusion0000-0047,1.9,50,1.0028959431957567,1.4483725860279861
run-endocytosis2_baseline_zero_diffusion0000-0048,1.9,69,0.8946167383756868,1.4376314967924841
run-endocytosis2_baseline_zero_diffusion0000-0049,1.9,19,1.1994958955043202,1.0021377019736635
run-endocytosis2_baseline_zero_diffusion0000-0000,2.0,17,1.1979806266728394,1.3065730732969045
run-endocytosis2_baseline_zero_diffusion0000-0001,2.0,52,0.9688278000209294,1.360307084929142
run-endocytosis2_baseline_zero_diffusion0000-0002,2.0,21,0.6523652913541473,1.317799659204089
run-endocytosis2_baseline_zero_diffusion0000-0003,2.0,126,0.9330176314476307,1.4632656227498846
run-endocytosis2_baseline_zero_diffusion0000-0004,2.0,70,0.6721401120816345,1.3964642107761513
run-endocytosis2_baseline_zero_diffusion0000-0005,2.0,85,1.1428650141708407,1.3806944691805243
run-endocytosis2_baseline_zero_diffusion0000-0006,2.0,52,0.9566180232075285,1.3103525507758016
run-endocytosis2_baseline_zero_diffusion0000-0007,2.0,169,1.248766430655415,1.3998590704655673
run-endocytosis2_baseline_zero_diffusion0000-0008,2.0,23,0.8598461176523688,1.2620477318044374
run-endocytosis2_baseline_zero_diffusion0000-0009,2.0,144,0.44896351279803826,1.4377896586007406
run-endocytosis2_baseline_zero_diffusion0000-0010,2.0,126,1.0881160877528744,1.463886704151475
run-endocytosis2_baseline_zero_diffusion0000-0011,2.0,40,1.1605003686286317,1.3420638873129926
run-endocytosis2_baseline_zero_diffusion0000-0012,2.0,20,1.2221241164295782,1.3467190717043274
run-endocytosis2_baseline_zero_diffusion0000-0013,2.0,153,0.9738532548165202,1.4697872552394378
run-endocytosis2_baseline_zero_diffusion0000-0014,2.0,86,0.7953556252806958,1.473427548838612
run-endocytosis2_baseline_zero_diffusion0000-0016,2.0,67,0.8445842094237554,1.3068520897025908
run-endocytosis2_baseline_zero_diffusion0000-0017,2.0,40,1.2004368309481848,1.287338214909302
run-endocytosis2_baseline_zero_diffusion0000-0018,2.0,41,0.37291873001480935,1.2001886243278845
run-endocytosis2_baseline_zero_diffusion0000-0019,2.0,130,1.1928456826363134,1.4608461210789865
run-endocytosis2_baseline_zero_diffusion0000-0020,2.0,12,0.6806915881723292,1.2158425139802818
run-endocytosis2_baseline_zero_diffusion0000-0021,2.0,179,1.0339744994728959,1.4586277463853587
run-endocytosis2_baseline_zero_diffusion0000-0022,2.0,101,1.2628671182465392,1.3874580954111875
run-endocytosis2_baseline_zero_diffusion0000-0023,2.0,210,1.3811078921009563,1.4924504418470534
run-endocytosis2_baseline_zero_diffusion0000-0024,2.0,55,1.0626588558337142,1.4527154067377561
run-endocytosis2_baseline_zero_diffusion0000-0025,2.0,44,1.0347401892746686,1.3891898377087148
run-endocytosis2_baseline_zero_diffusion0000-0027,2.0,65,0.4326627743509597,1.4133471232894008
run-endocytosis2_baseline_zero_diffusion0000-0028,2.0,105,1.3603187614475125,1.3420858354286778
run-endocytosis2_baseline_zero_diffusion0000-0029,2.0,60,0.367916439804685,1.4636068546673573
run-endocytosis2_baseline_zero_diffusion0000-0030,2.0,80,1.3161523191515452,1.4084992448028557
run-endocytosis2_baseline_zero_diffusion0000-0031,2.0,126,0.4441413375375629,1.482113343528196
run-endocytosis2_baseline_zero_diffusion0000-0032,2.0,109,0.9374420249042427,1.4615948381575736
run-endocytosis2_baseline_zero_diffusion0000-0033,2.0,82,1.2606408185974387,1.4847361999534698
run-endocytosis2_baseline_zero_diffusion0000-0034,2.0,5,0.34810669948925144,0.9555581361950659
run-endocytosis2_baseline_zero_diffusion0000-0035,2.0,4,0.14134993937936713,0.7553234771775887
run-endocytosis2_baseline_zero_diffusion0000-0037,2.0,7,0.5153434684579432,0.9421809979420761
run-endocytosis2_baseline_zero_diffusion0000-0038,2.0,50,0.8905752667603278,1.2969541249676293
run-endocytosis2_baseline_zero_diffusion0000-0039,2.0,19,0.8793680841701433,1.3014104822476207
run-endocytosis2_baseline_zero_diffusion0000-0040,2.0,4,0.09666633254693102,0.9603466134227624
run-endocytosis2_baseline_zero_diffusion0000-0041,2.0,141,1.245055819146776,1.489474397176241
run-endocytosis2_baseline_zero_diffusion0000-0042,2.0,106,0.8711616661399489,1.4733943916682726
run-endocytosis2_baseline_zero_diffusion0000-0043,2.0,4,0.11699701183929112,1.0339483478166875
run-endocytosis2_baseline_zero_diffusion0000-0044,2.0,200,1.0481513787381966,1.4975131002597732
run-endocytosis2_baseline_zero_diffusion0000-0046,2.0,9,0.8058133274087522,1.0552393267241191
run-endocytosis2_baseline_zero_diffusion0000-0047,2.0,55,1.010081395001543,1.423650592336728
run-endocytosis2_baseline_zero_diffusion0000-0048,2.0,79,0.7894043481450116,1.45474533125458
run-endocytosis2_baseline_zero_diffusion0000-0049,2.0,19,1.1357413729185393,1.1922772905796928
run-endocytosis2_baseline_zero_diffusion0000-0000,2.1,17,1.2094173600455922,1.2185988169599127
run-endocytosis2_baseline_zero_diffusion0000-0001,2.1,67,0.991935079524208,1.3854049221280447
run-endocytosis2_baseline_zero_diffusion0000-0002,2.1,21,0.6869556417852746,0.9353150928949681
run-endocytosis2_baseline_zero_diffusion0000-0003,2.1,135,0.92753913215429,1.4235856902086077
run-endocytosis2_baseline_zero_diffusion0000-0004,2.1,70,0.6641875284565852,1.416374232259761
run-endocytosis2_baseline_zero_diffusion0000-0005,2.1,90,1.047413882347302,1.4244096096467962
run-endocytosis2_baseline_zero_diffusion0000-0006,2.1,62,1.0530074208994162,1.4195442997570134
run-endocytosis2_baseline_zero_diffusion0000-0007,2.1,94,1.0150276047045363,1.4655686430824744
run-endocytosis2_baseline_zero_diffusion0000-0008,2.1,23,0.8432502092035924,1.2651909466062943
run-endocytosis2_baseline_zero_diffusion0000-0009,2.1,152,0.5128066756463352,1.425231073980033
run-endocytosis2_baseline_zero_diffusion0000-0010,2.1,129,1.127548282543679,1.4868963143127667
run-endocytosis2_baseline_zero_diffusion0000-0011,2.1,40,1.165328655944807,1.3440135947681033
run-endocytosis2_baseline_zero_diffusion0000-0012,2.1,20,1.2219272224136617,1.3644588022492479
run-endocytosis2_baseline_zero_diffusion0000-0013,2.1,161,0.9285360742547949,1.4106849079260249
run-endocytosis2_baseline_zero_diffusion0000-0014,2.1,86,0.8106577750790369,1.4156476969382752
run-endocytosis2_baseline_zero_diffusion0000-0016,2.1,70,0.8360571341605948,1.41906596323361
run-endocytosis2_baseline_zero_diffusion0000-0017,2.1,40,1.2207373760948328,1.4253406914933
run-endocytosis2_baseline_zero_diffusion0000-0018,2.1,45,0.4153003165141289,1.3340024800399144
run-endocytosis2_baseline_zero_diffusion0000-0019,2.1,151,1.2838988753886726,1.4847187597660618
run-endocytosis2_baseline_zero_diffusion0000-0020,2.1,12,0.6786257828586392,1.0409662612651127
run-endocytosis2_baseline_zero_diffusion0000-0021,2.1,179,1.0418629026087165,1.4715420996458737
run-endocytosis2_baseline_zero_diffusion0000-0022,2.1,106,1.2414880953339968,1.4072535456173048
run-endocytosis2_baseline_zero_diffusion0000-0023,2.1,189,1.3850292058522498,1.483070733012725
run-endocytosis2_baseline_zero_diffusion0000-0024,2.1,60,1.0057801768625199,1.4416814706138588
run-endocytosis2_baseline_zero_diffusion0000-0025,2.1,45,1.1162876317073929,1.3724078567463895
run-endocytosis2_baseline_zero_diffusion0000-0027,2.1,75,0.5196383539928584,1.4769016234165548
run-endocytosis2_baseline_zero_diffusion0000-0028,2.1,73,1.0311457917063882,1.4215652740823566
run-endocytosis2_baseline_zero_diffusion0000-0029,2.1,60,0.3942646086096031,1.364589708899886
run-endocytosis2_baseline_zero_diffusion0000-0030,2.1,107,1.3329976120488678,1.4657280728496531
run-endocytosis2_baseline_zero_diffusion0000-0031,2.1,129,0.4947240965203068,1.468092610528677
run-endocytosis2_baseline_zero_diffusion0000-0032,2.1,114,0.8606511504077778,1.444382659245675
run-endocytosis2_baseline_zero_diffusion0000-0033,2.1,82,1.227850725927875,1.4244520656792994
run-endocytosis2_baseline_zero_diffusion0000-0034,2.1,5,0.3846709307057785,0.8135250145818379
run-endocytosis2_baseline_zero_diffusion0000-0035,2.1,11,0.578093023735409,1.1472789547332087
run-endocytosis2_baseline_zero_diffusion0000-0037,2.1,7,0.5395965172608352,1.0187704965672637
run-endocytosis2_baseline_zero_diffusion0000-0038,2.1,55,0.8801623785340882,1.2978117400138014
run-endocytosis2_baseline_zero_diffusion0000-0039,2.1,19,0.9174272224304161,1.2824374041090414
run-endocytosis2_baseline_zero_diffusion0000-0040,2.1,4,0.05733653304425701,0.9628022505941253
run-endocytosis2_baseline_zero_diffusion0000-0041,2.1,153,1.241290677091515,1.5028176200693986
run-endocytosis2_baseline_zero_diffusion0000-0042,2.1,116,0.8908640279359055,1.4313178510617321
run-endocytosis2_baseline_zero_diffusion0000-0043,2.1,4,0.2148527854076434,0.9845516482210395
run-endocytosis2_baseline_zero_diffusion0000-0044,2.1,214,0.9887092900310779,1.500013099981247
run-endocytosis2_baseline_zero_diffusion0000-0046,2.1,14,0.6909882047196367,1.1677580312397844
run-endocytosis2_baseline_zero_diffusion0000-0047,2.1,55,0.9948020466732015,1.388067477514163
run-endocytosis2_baseline_zero_diffusion0000-0048,2.1,85,0.736646337850874,1.36296463893683
run-endocytosis2_baseline_zero_diffusion0000-0049,2.1,19,1.0325215785551962,1.2346743063095031
run-endocytosis2_baseline_zero_diffusion0000-0000,2.2,17,1.212613393750698,1.2526004430036775
run-endocytosis2_baseline_zero_diffusion0000-0001,2.2,77,0.9598858228605893,1.3729544026901226
run-endocytosis2_baseline_zero_diffusion0000-0002,2.2,24,0.5940261693029992,1.2251205180934783
run-endocytosis2_baseline_zero_diffusion0000-0003,2.2,143,1.0024226691999263,1.4987272878999331
run-endocytosis2_baseline_zero_diffusion0000-0004,2.2,70,0.7365945418331725,1.4505563246808286
run-endocytosis2_baseline_zero_diffusion0000-0005,2.2,97,0.9549055711962624,1.3960110698134414
run-endocytosis2_baseline_zero_diffusion0000-0006,2.2,75,1.0523777369663767,1.3877006539538135
run-endocytosis2_baseline_zero_diffusion0000-0007,2.2,94,0.9965366303462305,1.3869780954153321
run-endocytosis2_baseline_zero_diffusion0000-0008,2.2,23,0.9186368595166299,1.312279482200463
run-endocytosis2_baseline_zero_diffusion0000-0009,2.2,157,0.5549818288920974,1.4416540209671824
run-endocytosis2_baseline_zero_diffusion0000-0010,2.2,143,1.065954321659611,1.4943131848092621
run-endocytosis2_baseline_zero_diffusion0000-0011,2.2,40,1.1679798073025731,1.3400432193063931
run-endocytosis2_baseline_zero_diffusion0000-0012,2.2,20,1.2380845539924294,1.103270617327357
run-endocytosis2_baseline_zero_diffusion0000-0013,2.2,169,0.8632518886666516,1.499042363680926
run-endocytosis2_baseline_zero_diffusion0000-0014,2.2,71,0.8662988708171204,1.3751824270380946
run-endocytosis2_baseline_zero_diffusion0000-0016,2.2,81,0.824111171216878,1.3514278376151336
run-endocytosis2_baseline_zero_diffusion0000-0017,2.2,40,1.1950686846618832,1.3118118330236483
run-endocytosis2_baseline_zero_diffusion0000-0018,2.2,45,0.5198558105216624,1.3038200321497073
run-endocytosis2_baseline_zero_diffusion0000-0019,2.2,157,1.2777625329876208,1.47615187323999
run-endocytosis2_baseline_zero_diffusion0000-0020,2.2,12,0.7007889406407756,1.094792669388474
run-endocytosis2_baseline_zero_diffusion0000-0021,2.2,227,1.1550903841288618,1.3927582440916015
run-endocytosis2_baseline_zero_diffusion0000-0022,2.2,108,1.2569409846254205,1.4445554553751447
run-endocytosis2_baseline_zero_diffusion0000-0023,2.2,162,1.438285600254509,1.4139944276736032
run-endocytosis2_baseline_zero_diffusion0000-0024,2.2,65,0.9306754127016725,1.4525780646659976
run-endocytosis2_baseline_zero_diffusion0000-0025,2.2,45,1.109662689430225,1.4102198710472311
run-endocytosis2_baseline_zero_diffusion0000-0027,2.2,75,0.5106619340403467,1.4175537004819219
run-endocytosis2_baseline_zero_diffusion0000-0028,2.2,77,1.0277780852764282,1.4028333622095301
run-endocytosis2_baseline_zero_diffusion0000-0029,2.2,60,0.4172026665553201,1.4367283543141058
run-endocytosis2_baseline_zero_diffusion0000-0030,2.2,111,1.2838431075821772,1.39567983202941
run-endocytosis2_baseline_zero_diffusion0000-0031,2.2,135,0.4025749386639186,1.4303025258263522
run-endocytosis2_baseline_zero_diffusion0000-0032,2.2,116,0.887040665478793,1.4510317680976397
run-endocytosis2_baseline_zero_diffusion0000-0033,2.2,82,1.1692376124148938,1.3828071380284368
run-endocytosis2_baseline_zero_diffusion0000-0034,2.2,5,0.3854436103952741,0.4998788378879999
run-endocytosis2_baseline_zero_diffusion0000-0035,2.2,4,0.18768206824458766,0.8620435195004594
run-endocytosis2_baseline_zero_diffusion0000-0037,2.2,7,0.560080079420485,0.8898544841041532
run-endocytosis2_baseline_zero_diffusion0000-0038,2.2,60,0.8544369267860267,1.2952675344565459
run-endocytosis2_baseline_zero_diffusion0000-0039,2.2,19,0.8264929574379501,1.3345163555748525
run-endocytosis2_baseline_zero_diffusion0000-0040,2.2,4,0.10955250273710115,0.18084892320438484
run-endocytosis2_baseline_zero_diffusion0000-0041,2.2,163,1.1922797409901404,1.4356714558155141
run-endocytosis2_baseline_zero_diffusion0000-0042,2.2,123,0.9334183801928705,1.4563757585844157
run-endocytosis2_baseline_zero_diffusion0000-0043,2.2,4,0.19078530808293293,0.9591349136984995
run-endocytosis2_baseline_zero_diffusion0000-0044,2.2,159,0.8398996081443477,1.4857921853691232
run-endocytosis2_baseline_zero_diffusion0000-0046,2.2,16,0.7234801394973658,1.3273098261162144
run-endocytosis2_baseline_zero_diffusion0000-0047,2.2,55,1.0518205824994622,1.422569036104691
run-endocytosis2_baseline_zero_diffusion0000-0048,2.2,86,0.7769041112872597,1.4528025827303834
run-endocytosis2_baseline_zero_diffusion0000-0049,2.2,19,1.0334752319254679,1.266750385808474
run-endocytosis2_baseline_zero_diffusion0000-0000,2.3,17,1.2403913793382841,1.377953089583068
run-endocytosis2_baseline_zero_diffusion0000-0001,2.3,67,1.0594985805213695,1.3849124727382325
run-endocytosis2_baseline_zero_diffusion0000-0002,2.3,25,0.6253850786747323,1.3427540106349565
run-endocytosis2_baseline_zero_diffusion0000-0003,2.3,148,1.0551353318688759,1.4261827920002914
run-endocytosis2_baseline_zero_diffusion0000-0004,2.3,70,0.7268456871130665,1.3718103142259506
run-endocytosis2_baseline_zero_diffusion0000-0005,2.3,97,0.9387177705426145,1.3586491757997956
run-endocytosis2_baseline_zero_diffusion0000-0006,2.3,90,1.121805165485478,1.4833087389788326
run-endocytosis2_baseline_zero_diffusion0000-0007,2.3,94,1.0103919024482622,1.3939319337896752
run-endocytosis2_baseline_zero_diffusion0000-0008,2.3,35,0.8972226429962118,1.3189079116283255
run-endocytosis2_baseline_zero_diffusion0000-0009,2.3,162,0.49905922404238123,1.4370370470185851
run-endocytosis2_baseline_zero_diffusion0000-0010,2.3,152,0.9901177211904865,1.4993115606217184
run-endocytosis2_baseline_zero_diffusion0000-0011,2.3,40,1.1816192877002203,1.4207527710912602
run-endocytosis2_baseline_zero_diffusion0000-0012,2.3,20,1.243886928638743,1.3112105475467257
run-endocytosis2_baseline_zero_diffusion0000-0013,2.3,177,0.8777737480843701,1.4784363647401393
run-endocytosis2_baseline_zero_diffusion0000-0014,2.3,86,0.8307650992088956,1.3632317577047588
run-endocytosis2_baseline_zero_diffusion0000-0016,2.3,84,0.7209244192808018,1.416901917005615
run-endocytosis2_baseline_zero_diffusion0000-0017,2.3,58,0.9216636109440371,1.3599224421641987
run-endocytosis2_baseline_zero_diffusion0000-0018,2.3,45,0.4992132626464565,1.4074231653588989
run-endocytosis2_baseline_zero_diffusion0000-0019,2.3,176,1.2430677769138918,1.45847851888359
run-endocytosis2_baseline_zero_diffusion0000-0020,2.3,12,0.6950852036517389,1.1388827089103783
run-endocytosis2_baseline_zero_diffusion0000-0021,2.3,238,1.136202778278446,1.4390605363771463
run-endocytosis2_baseline_zero_diffusion0000-0022,2.3,108,1.2114834862058868,1.4592185271443845
run-endocytosis2_baseline_zero_diffusion0000-0023,2.3,177,1.2535788331282367,1.4472685214133307
run-endocytosis2_baseline_zero_diffusion0000-0024,2.3,69,0.8977023689680987,1.414972126570369
run-endocytosis2_baseline_zero_diffusion0000-0025,2.3,45,1.1103788480055343,1.3614046580625236
run-endocytosis2_baseline_zero_diffusion0000-0027,2.3,81,0.5618595830063682,1.30701088253038
run-endocytosis2_baseline_zero_diffusion0000-0028,2.3,87,1.1549365431711607,1.4207258674889152
run-endocytosis2_baseline_zero_diffusion0000-0029,2.3,65,0.4954221049224439,1.2794024605542222
run-endocytosis2_baseline_zero_diffusion0000-0030,2.3,113,1.2355806276475092,1.4981540092389725
run-endocytosis2_baseline_zero_diffusion0000-0031,2.3,140,0.4862645710130886,1.4392661143648517
run-endocytosis2_baseline_zero_diffusion0000-0032,2.3,116,0.9062973031182311,1.4397037478730708
run-endocytosis2_baseline_zero_diffusion0000-0033,2.3,82,1.1328473904646745,1.4436965205207033
run-endocytosis2_baseline_zero_diffusion0000-0034,2.3,5,0.3311560088564496,1.1956727661772848
run-endocytosis2_baseline_zero_diffusion0000-0035,2.3,4,0.17605967667570366,0.6998961307410567
run-endocytosis2_baseline_zero_diffusion0000-0037,2.3,7,0.5750788853886517,1.098007897277524
run-endocytosis2_baseline_zero_diffusion0000-0038,2.3,61,0.8126671793618669,1.3108067325043118
run-endocytosis2_baseline_zero_diffusion0000-0039,2.3,19,0.8525182089807544,1.1578239950479765
run-endocytosis2_baseline_zero_diffusion0000-0040,2.3,4,0.18727007361390324,0.6844022825598806
run-endocytosis2_baseline_zero_diffusion0000-0041,2.3,175,1.201425423455,1.4714519376827175
run-endocytosis2_baseline_zero_diffusion0000-0042,2.3,128,0.89937869756661,1.4529475518797772
run-endocytosis2_baseline_zero_diffusion0000-0043,2.3,4,0.15088930386402377,1.1292703016083712
run-endocytosis2_baseline_zero_diffusion0000-0044,2.3,159,0.879890024072868,1.4919526075976643
run-endocytosis2_baseline_zero_diffusion0000-0046,2.3,17,0.7296933573576175,1.2085475987624519
run-endocytosis2_baseline_zero_diffusion0000-0047,2.3,55,1.050664458888762,1.4293415502536333
run-endocytosis2_baseline_zero_diffusion0000-0048,2.3,86,0.8276519113668155,1.453520035623634
run-endocytosis2_baseline_zero_diffusion0000-0049,2.3,19,1.0382536280307597,0.9733332559692311
run-endocytosis2_baseline_zero_diffusion0000-0000,2.4,17,1.2396317828134,0.9994386682126191
run-endocytosis2_baseline_zero_diffusion0000-0001,2.4,67,1.0213609957199412,1.3389936089372436
run-endocytosis2_baseline_zero_diffusion0000-0002,2.4,25,0.6053653678800422,1.2517906402026524
run-endocytosis2_baseline_zero_diffusion0000-0003,2.4,148,1.047620736163395,1.4290146776763897
run-endocytosis2_baseline_zero_diffusion0000-0004,2.4,82,0.7932717986668344,1.485631050736425
run-endocytosis2_baseline_zero_diffusion0000-0005,2.4,97,0.9094169469218142,1.3480169225915641
run-endocytosis2_baseline_zero_diffusion0000-0006,2.4,112,1.064392561874405,1.404115926097413
run-endocytosis2_baseline_zero_diffusion0000-0007,2.4,94,0.9971425117282418,1.3124456142130208
run-endocytosis2_baseline_zero_diffusion0000-0008,2.4,35,1.0055813492471724,1.1845574544129138
run-endocytosis2_baseline_zero_diffusion0000-0009,2.4,163,0.4830320365067078,1.4561773823632218
run-endocytosis2_baseline_zero_diffusion0000-0010,2.4,165,0.9764790449242685,1.489046351137869
run-endocytosis2_baseline_zero_diffusion0000-0011,2.4,40,1.1407596553776747,1.3627351484194559
run-endocytosis2_baseline_zero_diffusion0000-0012,2.4,20,1.23480369489782,1.2549352768243516
run-endocytosis2_baseline_zero_diffusion0000-0013,2.4,185,0.8646471052563348,1.4203438456122577
run-endocytosis2_baseline_zero_diffusion0000-0014,2.4,86,0.8674661385766163,1.374266538989446
run-endocytosis2_baseline_zero_diffusion0000-0016,2.4,84,0.7666589849418253,1.272078975280349
run-endocytosis2_baseline_zero_diffusion0000-0017,2.4,63,0.934383754885501,1.3478208221311458
run-endocytosis2_baseline_zero_diffusion0000-0018,2.4,52,0.7125656329367308,1.3740474591669998
run-endocytosis2_baseline_zero_diffusion0000-0019,2.4,186,1.2040840996688016,1.367996655993644
run-endocytosis2_baseline_zero_diffusion0000-0020,2.4,12,0.6738191797976977,1.1078586089140274
run-endocytosis2_baseline_zero_diffusion0000-0021,2.4,245,1.1434616007448537,1.5021578882210318
run-endocytosis2_baseline_zero_diffusion0000-0022,2.4,112,1.2455250433630412,1.4912591619291682
run-endocytosis2_baseline_zero_diffusion0000-0023,2.4,186,1.2370349879288942,1.494812173317034
run-endocytosis2_baseline_zero_diffusion0000-0024,2.4,69,0.8343173712414109,1.472839184768344
run-endocytosis2_baseline_zero_diffusion0000-0025,2.4,49,1.0677481254213486,1.3314593168547828
run-endocytosis2_baseline_zero_diffusion0000-0027,2.4,91,0.574041142666698,1.408291565336067
run-endocytosis2_baseline_zero_diffusion0000-0028,2.4,87,1.1714869179353475,1.4438109203508538
run-endocytosis2_baseline_zero_diffusion0000-0029,2.4,72,0.48573005857127693,1.4269064040201114
run-endocytosis2_baseline_zero_diffusion0000-0030,2.4,102,1.1952282734836215,1.4927763226231743
run-endocytosis2_baseline_zero_diffusion0000-0031,2.4,145,0.7342207615429691,1.4663705023265285
run-endocytosis2_baseline_zero_diffusion0000-0032,2.4,116,0.9010976711457265,1.3924540384203532
run-endocytosis2_baseline_zero_diffusion0000-0033,2.4,82,1.0695036560124906,1.4470465496088094
run-endocytosis2_baseline_zero_diffusion0000-0034,2.4,5,0.33781913085801896,0.9566670052172184
run-endocytosis2_baseline_zero_diffusion0000-0035,2.4,4,0.1954330982200645,0.35349040390740716
run-endocytosis2_baseline_zero_diffusion0000-0037,2.4,7,0.563720439635055,1.1253643939150408
run-endocytosis2_baseline_zero_diffusion0000-0038,2.4,64,0.8254427097028265,1.394029843646179
run-endocytosis2_baseline_zero_diffusion0000-0039,2.4,19,0.8881444700843217,1.2734990922776566
run-endocytosis2_baseline_zero_diffusion0000-0040,2.4,4,0.04641009578879185,0.5528641119854292
run-endocytosis2_baseline_zero_diffusion0000-0041,2.4,194,1.1726917006266178,1.4707064250981372
run-endocytosis2_baseline_zero_diffusion0000-0042,2.4,132,0.8914557381525694,1.434410263042409
run-endocytosis2_baseline_zero_diffusion0000-0043,2.4,4,0.17562541118184516,0.9476224065171373
run-endocytosis2_baseline_zero_diffusion0000-0044,2.4,181,1.0071643215615957,1.4290615096543278
run-endocytosis2_baseline_zero_diffusion0000-0046,2.4,17,0.7038911703823479,0.8466936921825375
run-endocytosis2_baseline_zero_diffusion0000-0047,2.4,55,1.038750848938169,1.3134442071998873
run-endocytosis2_baseline_zero_diffusion0000-0048,2.4,86,0.8175396079843713,1.468581765630653
run-endocytosis2_baseline_zero_diffusion0000-0049,2.4,19,1.01253840378893,1.236217332195251
run-endocytosis2_baseline_zero_diffusion0000-0000,2.5,17,1.2324121123959988,1.1634733703284335
run-endocytosis2_baseline_zero_diffusion0000-0001,2.5,87,0.9587234042422286,1.3021316138933043
run-endocytosis2_baseline_zero_diffusion0000-0002,2.5,29,0.5789212389021839,1.2876157761088831
run-endocytosis2_baseline_zero_diffusion0000-0003,2.5,166,1.1498824505139167,1.4861139157174088
run-endocytosis2_baseline_zero_diffusion0000-0004,2.5,82,0.7777146237233579,1.3762040927091412
run-endocytosis2_baseline_zero_diffusion0000-0005,2.5,97,0.9431222682722795,1.4946824896978914
run-endocytosis2_baseline_zero_diffusion0000-0006,2.5,132,1.2453486716023376,1.3317792371279245
run-endocytosis2_baseline_zero_diffusion0000-0007,2.5,94,1.037640070468206,1.4020261990798246
run-endocytosis2_baseline_zero_diffusion0000-0008,2.5,35,1.0139471857182025,1.417003856837362
run-endocytosis2_baseline_zero_diffusion0000-0009,2.5,163,0.4601464849865471,1.3994221641771152
run-endocytosis2_baseline_zero_diffusion0000-0010,2.5,170,1.026254576131087,1.507586169815756
run-endocytosis2_baseline_zero_diffusion0000-0011,2.5,40,1.1292246397337384,1.3705617954097293
run-endocytosis2_baseline_zero_diffusion0000-0012,2.5,20,1.214072200995161,1.3643799435739505
run-endocytosis2_baseline_zero_diffusion0000-0013,2.5,187,0.8798150865293929,1.3417124899541504
run-endocytosis2_baseline_zero_diffusion0000-0014,2.5,86,0.9865553503017302,1.4706056334801558
run-endocytosis2_baseline_zero_diffusion0000-0016,2.5,84,0.7420938654646463,1.4676706949251686
run-endocytosis2_baseline_zero_diffusion0000-0017,2.5,73,0.8771403602004103,1.3824250003128407
run-endocytosis2_baseline_zero_diffusion0000-0018,2.5,52,0.7283048636700671,1.3822915463017948
run-endocytosis2_baseline_zero_diffusion0000-0019,2.5,196,1.1799310192549803,1.503642689798007
run-endocytosis2_baseline_zero_diffusion0000-0020,2.5,12,0.6640199227449749,1.2858558408834009
run-endocytosis2_baseline_zero_diffusion0000-0021,2.5,245,1.167998409731082,1.4673571448165228
run-endocytosis2_baseline_zero_diffusion0000-0022,2.5,117,1.2379541968044816,1.4284649865741397
run-endocytosis2_baseline_zero_diffusion0000-0023,2.5,191,1.3251790758586857,1.4730635721460528
run-endocytosis2_baseline_zero_diffusion0000-0024,2.5,69,1.03294803182721,1.4635404565653531
run-endocytosis2_baseline_zero_diffusion0000-0025,2.5,52,1.0307177304632273,1.427606459804282
run-endocytosis2_baseline_zero_diffusion0000-0027,2.5,91,0.45522438572903834,1.4470116290726873
run-endocytosis2_baseline_zero_diffusion0000-0028,2.5,87,1.2092054100624514,1.4726403095432317
run-endocytosis2_baseline_zero_diffusion0000-0029,2.5,83,0.49634282692857346,1.431324894029393
run-endocytosis2_baseline_zero_diffusion0000-0030,2.5,107,1.3259727148609453,1.4847097425592128
run-endocytosis2_baseline_zero_diffusion0000-0031,2.5,145,0.8237801232084319,1.4932748650602166
run-endocytosis2_baseline_zero_diffusion0000-0032,2.5,116,0.8793214457078803,1.3706136135281222
run-endocytosis2_baseline_zero_diffusion0000-0033,2.5,82,1.2074120646315054,1.4203965626287172
run-endocytosis2_baseline_zero_diffusion0000-0034,2.5,5,0.3737910122320014,0.8388491540698687
run-endocytosis2_baseline_zero_diffusion0000-0035,2.5,4,0.15430993377202928,0.9989647482968262
run-endocytosis2_baseline_zero_diffusion0000-0037,2.5,7,0.5477838182631929,1.2145434057050362
run-endocytosis2_baseline_zero_diffusion0000-0038,2.5,64,0.8781861394820247,1.305360017692528
run-endocytosis2_baseline_zero_diffusion0000-0039,2.5,19,0.8808618137876953,1.1731617604864626
run-endocytosis2_baseline_zero_diffusion0000-0040,2.5,4,0.03863336666582917,0.5717702041932388
run-endocytosis2_baseline_zero_diffusion0000-0041,2.5,207,1.137363293414753,1.4497053673409441
run-endocytosis2_baseline_zero_diffusion0000-0042,2.5,140,0.9169745327960679,1.4421234058588985
run-endocytosis2_baseline_zero_diffusion0000-0043,2.5,4,0.1815301697570204,0.689299717138529
run-endocytosis2_baseline_zero_diffusion0000-0044,2.5,258,1.1541231249147554,1.4788564271949474
run-endocytosis2_baseline_zero_diffusion0000-0046,2.5,17,0.7095280795196127,1.1560241604960733
run-endocytosis2_baseline_zero_diffusion0000-0047,2.5,55,1.100062822722296,1.361640350765558
run-endocytosis2_baseline_zero_diffusion0000-0048,2.5,86,0.7913605964986501,1.4213113504702841
run-endocytosis2_baseline_zero_diffusion0000-0049,2.5,19,1.008048480220289,1.2055994635402942
run-endocytosis2_baseline_zero_diffusion0000-0000,2.6,17,1.2078259399182747,1.3300738563575987
run-endocytosis2_baseline_zero_diffusion0000-0001,2.6,67,1.0804295019430585,1.391094928753752
run-endocytosis2_baseline_zero_diffusion0000-0002,2.6,34,0.6425957954965756,1.3842085479781305
run-endocytosis2_baseline_zero_diffusion0000-0003,2.6,186,1.198094313911704,1.4611865045591788
run-endocytosis2_baseline_zero_diffusion0000-0004,2.6,82,0.7993240515006146,1.4827638089099848
run-endocytosis2_baseline_zero_diffusion0000-0005,2.6,97,0.9074665249656342,1.3658567203056835
run-endocytosis2_baseline_zero_diffusion0000-0006,2.6,142,1.3209652006544108,1.4319082017616034
run-endocytosis2_baseline_zero_diffusion0000-0007,2.6,94,0.978542323214883,1.4301627411793405
run-endocytosis2_baseline_zero_diffusion0000-0008,2.6,35,1.0489889862480806,1.4113248332432882
run-endocytosis2_baseline_zero_diffusion0000-0009,2.6,163,0.4650276215519511,1.4236297329387404
run-endocytosis2_baseline_zero_diffusion0000-0010,2.6,174,1.0552807586662751,1.4705971957856865
run-endocytosis2_baseline_zero_diffusion0000-0011,2.6,40,1.1506972400046398,1.1647639789882644
run-endocytosis2_baseline_zero_diffusion0000-0012,2.6,20,1.2324490894529498,1.2218943517603496
run-endocytosis2_baseline_zero_diffusion0000-0013,2.6,192,0.8578252641938048,1.4904297048015795
run-endocytosis2_baseline_zero_diffusion0000-0014,2.6,86,1.0039151739271301,1.4601155845823492
run-endocytosis2_baseline_zero_diffusion0000-0016,2.6,88,0.7305024395684997,1.4101133542274606
run-endocytosis2_baseline_zero_diffusion0000-0017,2.6,82,0.6898611601898474,1.4271353204800215
run-endocytosis2_baseline_zero_diffusion0000-0018,2.6,55,0.7405566803491981,1.4077629134183285
run-endocytosis2_baseline_zero_diffusion0000-0019,2.6,211,1.1069107540633714,1.4188048785065805
run-endocytosis2_baseline_zero_diffusion0000-0020,2.6,12,0.6883445683118986,1.2003174830049683
run-endocytosis2_baseline_zero_diffusion0000-0021,2.6,245,1.1378069889538018,1.488414550949724
run-endocytosis2_baseline_zero_diffusion0000-0022,2.6,128,1.174972731199729,1.4630183591450903
run-endocytosis2_baseline_zero_diffusion0000-0023,2.6,196,1.2804036754044512,1.4314273012688894
run-endocytosis2_baseline_zero_diffusion0000-0024,2.6,69,0.9411591445284062,1.405798639341265
run-endocytosis2_baseline_zero_diffusion0000-0025,2.6,53,1.061802042712424,1.4117522464359717
run-endocytosis2_baseline_zero_diffusion0000-0027,2.6,96,0.42009107060948647,1.4601867340779966
run-endocytosis2_baseline_zero_diffusion0000-0028,2.6,90,1.2652248471753884,1.4120565447870859
run-endocytosis2_baseline_zero_diffusion0000-0029,2.6,88,0.42300509633721894,1.3841047273508524
run-endocytosis2_baseline_zero_diffusion0000-0030,2.6,112,1.1782923398484706,1.4227939717015399
run-endocytosis2_baseline_zero_diffusion0000-0031,2.6,145,0.8554481030133403,1.3942459740360351
run-endocytosis2_baseline_zero_diffusion0000-0032,2.6,116,0.825337016430213,1.4272982417187812
run-endocytosis2_baseline_zero_diffusion0000-0033,2.6,82,1.2036538973779813,1.4504764980979945
run-endocytosis2_baseline_zero_diffusion0000-0034,2.6,5,0.38696162452229377,0.7740540318302895
run-endocytosis2_baseline_zero_diffusion0000-0035,2.6,4,0.1585120442683099,0.8552779853281601
run-endocytosis2_baseline_zero_diffusion0000-0037,2.6,7,0.5251782327561538,1.0268258383991269
run-endocytosis2_baseline_zero_diffusion0000-0038,2.6,64,0.8004547357669896,1.4252934553877388
run-endocytosis2_baseline_zero_diffusion0000-0039,2.6,19,0.8205076913329091,1.2171544057850439
run-endocytosis2_baseline_zero_diffusion0000-0040,2.6,4,0.16505057153105285,0.769635748099964
run-endocytosis2_baseline_zero_diffusion0000-0041,2.6,222,1.1156329522179798,1.4978971288200111
run-endocytosis2_baseline_zero_diffusion0000-0042,2.6,145,0.913271546184516,1.4694156824134907
run-endocytosis2_baseline_zero_diffusion0000-0043,2.6,4,0.16710943823575097,0.8499914052189131
run-endocytosis2_baseline_zero_diffusion0000-0044,2.6,283,1.1478714013830116,1.4444503641638755
run-endocytosis2_baseline_zero_diffusion0000-0046,2.6,17,0.6945225381969414,1.1965598069986505
run-endocytosis2_baseline_zero_diffusion0000-0047,2.6,55,1.107334926706147,1.3980434551121046
run-endocytosis2_baseline_zero_diffusion0000-0048,2.6,93,0.7525497770111115,1.4367089771558446
run-endocytosis2_baseline_zero_diffusion0000-0049,2.6,19,0.9810366537159242,1.2857400839271662
run-endocytosis2_baseline_zero_diffusion0000-0000,2.7,17,1.2008939303032093,1.0602441329036418
run-endocytosis2_baseline_zero_diffusion0000-0001,2.7,102,0.9315509926595555,1.4355480505446188
run-endocytosis2_baseline_zero_diffusion0000-0002,2.7,42,0.7272982079685858,1.2063955361274912
run-endocytosis2_baseline_zero_diffusion0000-0003,2.7,196,1.1431235501747106,1.4729332579152699
run-endocytosis2_baseline_zero_diffusion0000-0004,2.7,87,0.8463866530068519,1.353531940788247
run-endocytosis2_baseline_zero_diffusion0000-0005,2.7,97,1.0629506520279381,1.2687596366503804
run-endocytosis2_baseline_zero_diffusion0000-0006,2.7,151,1.321314473362551,1.4694410619267375
run-endocytosis2_baseline_zero_diffusion0000-0007,2.7,105,1.0476046266522123,1.4151997470189224
run-endocytosis2_baseline_zero_diffusion0000-0008,2.7,35,0.9616202563752072,1.370908166906825
run-endocytosis2_baseline_zero_diffusion0000-0009,2.7,166,0.5051308263473855,1.4384433950236917
run-endocytosis2_baseline_zero_diffusion0000-0010,2.7,182,1.0198390278757279,1.4628574222265223
run-endocytosis2_baseline_zero_diffusion0000-0011,2.7,37,1.1314590227340937,1.1904211561370552
run-endocytosis2_baseline_zero_diffusion0000-0012,2.7,20,1.2144257047139924,0.8910802219636786
run-endocytosis2_baseline_zero_diffusion0000-0013,2.7,202,0.9033275682344208,1.4843908137983142
run-endocytosis2_baseline_zero_diffusion0000-0014,2.7,86,0.903528311434717,1.3720578031312436
run-endocytosis2_baseline_zero_diffusion0000-0016,2.7,92,0.6949747299701716,1.3262915666197235
run-endocytosis2_baseline_zero_diffusion0000-0017,2.7,92,0.6858532570229511,1.4556533639380256
run-endocytosis2_baseline_zero_diffusion0000-0018,2.7,60,0.7882175855452265,1.4371711109463403
run-endocytosis2_baseline_zero_diffusion0000-0019,2.7,218,1.1080119591692204,1.4896215002652076
run-endocytosis2_baseline_zero_diffusion0000-0020,2.7,12,0.6654369274984382,0.9395744569227487
run-endocytosis2_baseline_zero_diffusion0000-0021,2.7,245,1.1678789561312928,1.48655866848774
run-endocytosis2_baseline_zero_diffusion0000-0022,2.7,138,1.0861331888070067,1.4719693172565627
run-endocytosis2_baseline_zero_diffusion0000-0023,2.7,197,1.2778494030310594,1.4843806153843968
run-endocytosis2_baseline_zero_diffusion0000-0024,2.7,69,0.9534555878299054,1.3462567684802076
run-endocytosis2_baseline_zero_diffusion0000-0025,2.7,55,1.1255862263796774,1.419361508330235
run-endocytosis2_baseline_zero_diffusion0000-0027,2.7,101,0.4603013530069253,1.3664235854092392
run-endocytosis2_baseline_zero_diffusion0000-0028,2.7,90,1.2289980672389607,1.4692834850777294
run-endocytosis2_baseline_zero_diffusion0000-0029,2.7,93,0.4304417859309977,1.3461013674786846
run-endocytosis2_baseline_zero_diffusion0000-0030,2.7,117,1.066239109839671,1.3896853850935802
run-endocytosis2_baseline_zero_diffusion0000-0031,2.7,145,0.870748613908007,1.4779869404665293
run-endocytosis2_baseline_zero_diffusion0000-0032,2.7,116,0.8599196647295136,1.505230481628634
run-endocytosis2_baseline_zero_diffusion0000-0033,2.7,82,1.192018675394151,1.276913790940011
run-endocytosis2_baseline_zero_diffusion0000-0034,2.7,5,0.38133816330788806,0.9537091182352324
run-endocytosis2_baseline_zero_diffusion0000-0035,2.7,4,0.11128004613898224,0.4139417332876518
run-endocytosis2_baseline_zero_diffusion0000-0037,2.7,7,0.46608447637801764,0.8639138227847469
run-endocytosis2_baseline_zero_diffusion0000-0038,2.7,64,0.8650850478320273,1.4418313921578079
run-endocytosis2_baseline_zero_diffusion0000-0039,2.7,19,0.8745027039308981,1.268554293613266
run-endocytosis2_baseline_zero_diffusion0000-0040,2.7,4,0.19248534783077242,0.8068005870780013
run-endocytosis2_baseline_zero_diffusion0000-0041,2.7,239,1.1031654064199343,1.486970067024684
run-endocytosis2_baseline_zero_diffusion0000-0042,2.7,149,0.8999863167544121,1.4615413865521238
run-endocytosis2_baseline_zero_diffusion0000-0043,2.7,4,0.16959889226188118,0.8489824587766829
run-endocytosis2_baseline_zero_diffusion0000-0044,2.7,308,1.1182004584471879,1.512679467204013
run-endocytosis2_baseline_zero_diffusion0000-0046,2.7,17,0.7082637306138919,1.3758395248368243
run-endocytosis2_baseline_zero_diffusion0000-0047,2.7,55,1.1012502952284544,1.4398587981991273
run-endocytosis2_baseline_zero_diffusion0000-0048,2.7,96,0.7272541065795028,1.380603211050727
run-endocytosis2_baseline_zero_diffusion0000-0049,2.7,19,1.0186077105647349,0.9523596805121081
run-endocytosis2_baseline_zero_diffusion0000-0000,2.8,17,1.2123618769910647,1.2413073415884308
run-endocytosis2_baseline_zero_diffusion0000-0001,2.8,111,0.9175636553884684,1.4747461278268887
run-endocytosis2_baseline_zero_diffusion0000-0002,2.8,47,0.8602430211753856,1.3674329736396373
run-endocytosis2_baseline_zero_diffusion0000-0003,2.8,208,1.1400730881989496,1.4687916959539113
run-endocytosis2_baseline_zero_diffusion0000-0004,2.8,87,0.8934724749496747,1.4988156443955267
run-endocytosis2_baseline_zero_diffusion0000-0005,2.8,97,1.1134356681054867,1.4746526659472767
run-endocytosis2_baseline_zero_diffusion0000-0006,2.8,164,1.3519764674485462,1.465129922705871
run-endocytosis2_baseline_zero_diffusion0000-0007,2.8,110,1.0854251391355016,1.2696924405941012
run-endocytosis2_baseline_zero_diffusion0000-0008,2.8,35,1.010570310063391,1.3361691053942573
run-endocytosis2_baseline_zero_diffusion0000-0009,2.8,166,0.4803199381581824,1.4473758771092582
run-endocytosis2_baseline_zero_diffusion0000-0010,2.8,204,1.0093948743143195,1.5097076090389776
run-endocytosis2_baseline_zero_diffusion0000-0011,2.8,37,1.1115315010995388,1.3111477740488053
run-endocytosis2_baseline_zero_diffusion0000-0012,2.8,20,1.2157040698270134,1.1646579558764694
run-endocytosis2_baseline_zero_diffusion0000-0013,2.8,214,0.8496277508469042,1.3721992948783843
run-endocytosis2_baseline_zero_diffusion0000-0014,2.8,86,1.0232087766848457,1.440215411569297
run-endocytosis2_baseline_zero_diffusion0000-0016,2.8,97,0.7287909823521094,1.4632394400392397
run-endocytosis2_baseline_zero_diffusion0000-0017,2.8,98,0.6323921012050443,1.3694400526451656
run-endocytosis2_baseline_zero_diffusion0000-0018,2.8,63,0.7383213504900076,1.3952331249397778
run-endocytosis2_baseline_zero_diffusion0000-0019,2.8,235,1.059354725910689,1.4601359461064436
run-endocytosis2_baseline_zero_diffusion0000-0020,2.8,12,0.6878149050752065,1.2490352151943314
run-endocytosis2_baseline_zero_diffusion0000-0021,2.8,245,1.2004446371715187,1.4903519688388518
run-endocytosis2_baseline_zero_diffusion0000-0022,2.8,147,1.123101304522728,1.4696052887103597
run-endocytosis2_baseline_zero_diffusion0000-0023,2.8,227,1.215260909313706,1.4955830107007395
run-endocytosis2_baseline_zero_diffusion0000-0024,2.8,69,0.8965066804987895,1.4418923602314289
run-endocytosis2_baseline_zero_diffusion0000-0025,2.8,56,1.0899375342644058,1.4136536671891287
run-endocytosis2_baseline_zero_diffusion0000-0027,2.8,103,0.4708457838401847,1.4512785495552198
run-endocytosis2_baseline_zero_diffusion0000-0028,2.8,90,1.2287416090733814,1.4525459384117452
run-endocytosis2_baseline_zero_diffusion0000-0029,2.8,98,0.4047970299950332,1.4021762034811955
run-endocytosis2_baseline_zero_diffusion0000-0030,2.8,127,1.0137607502879686,1.4353259076574372
run-endocytosis2_baseline_zero_diffusion0000-0031,2.8,145,0.875943893434386,1.4311801344918702
run-endocytosis2_baseline_zero_diffusion0000-0032,2.8,116,0.8537610085084604,1.4263655207694008
run-endocytosis2_baseline_zero_diffusion0000-0033,2.8,86,1.1288119915400376,1.425653099133615
run-endocytosis2_baseline_zero_diffusion0000-0034,2.8,5,0.37127129331677033,0.9728759639205549
run-endocytosis2_baseline_zero_diffusion0000-0035,2.8,11,0.8164102138958103,1.0272197283469016
run-endocytosis2_baseline_zero_diffusion0000-0037,2.8,7,0.5073710068398258,0.7696390693308347
run-endocytosis2_baseline_zero_diffusion0000-0038,2.8,64,0.8686855522813245,1.458539083830978
run-endocytosis2_baseline_zero_diffusion0000-0039,2.8,19,0.8405416087154151,1.2209555639498442
run-endocytosis2_baseline_zero_diffusion0000-0040,2.8,4,0.1958184631729647,0.5659186045560147
run-endocytosis2_baseline_zero_diffusion0000-0041,2.8,268,1.0920304700790482,1.5025052423547918
run-endocytosis2_baseline_zero_diffusion0000-0042,2.8,156,0.8748629910397735,1.4300209192860383
run-endocytosis2_baseline_zero_diffusion0000-0043,2.8,4,0.1727449590194181,0.9808486284084069
run-endocytosis2_baseline_zero_diffusion0000-0044,2.8,324,1.0645453418858537,1.4934317125219503
run-endocytosis2_baseline_zero_diffusion0000-0046,2.8,17,0.6738875814717586,1.286342975245268
run-endocytosis2_baseline_zero_diffusion0000-0047,2.8,55,1.1034566655582099,1.41821080109764
run-endocytosis2_baseline_zero_diffusion0000-0048,2.8,96,0.7084033878366712,1.4263970993922845
run-endocytosis2_baseline_zero_diffusion0000-0049,2.8,19,1.0211398436637462,1.2474483245882955
run-endocytosis2_baseline_zero_diffusion0000-0000,2.9,17,1.2111905743931184,1.3448518724892466
run-endocytosis2_baseline_zero_diffusion0000-0001,2.9,121,0.7820199242205702,1.4760478239152646
run-endocytosis2_baseline_zero_diffusion0000-0002,2.9,52,1.0298497859427709,1.438908487101594
run-endocytosis2_baseline_zero_diffusion0000-0003,2.9,226,1.1825872433959808,1.448482699014806
run-endocytosis2_baseline_zero_diffusion0000-0004,2.9,93,0.9330181430964832,1.4203680798077016
run-endocytosis2_baseline_zero_diffusion0000-0005,2.9,97,1.1034548994572333,1.4387294934264658
run-endocytosis2_baseline_zero_diffusion0000-0006,2.9,168,1.3895517402169055,1.4812180775426422
run-endocytosis2_baseline_zero_diffusion0000-0007,2.9,114,1.1238075295597099,1.4478359712182545
run-endocytosis2_baseline_zero_diffusion0000-0008,2.9,35,0.9573347928856235,1.3858543006945472
run-endocytosis2_baseline_zero_diffusion0000-0009,2.9,166,0.6297823763174933,1.3857823596523478
run-endocytosis2_baseline_zero_diffusion0000-0010,2.9,228,0.9986703463220781,1.4913056832192755
run-endocytosis2_baseline_zero_diffusion0000-0011,2.9,37,1.1085171551336226,1.1377388096692802
run-endocytosis2_baseline_zero_diffusion0000-0012,2.9,20,1.2296870223682057,1.2150392141706072
run-endocytosis2_baseline_zero_diffusion0000-0013,2.9,218,0.8204214910516968,1.4596864150364954
run-endocytosis2_baseline_zero_diffusion0000-0014,2.9,86,0.9863236656598908,1.4619896000082595
run-endocytosis2_baseline_zero_diffusion0000-0016,2.9,97,0.758398990717752,1.4695088820705036
run-endocytosis2_baseline_zero_diffusion0000-0017,2.9,103,0.6267731227952663,1.4831976121521957
run-endocytosis2_baseline_zero_diffusion0000-0018,2.9,66,0.6492100833340442,1.372962102529762
run-endocytosis2_baseline_zero_diffusion0000-0019,2.9,266,1.0344171273180587,1.4160385042129677
run-endocytosis2_baseline_zero_diffusion0000-0020,2.9,12,0.6935683830830597,1.2259393900708373
run-endocytosis2_baseline_zero_diffusion0000-0021,2.9,176,1.006437191654961,1.4862300182232235
run-endocytosis2_baseline_zero_diffusion0000-0022,2.9,153,1.066483276418671,1.3612456717864194
run-endocytosis2_baseline_zero_diffusion0000-0023,2.9,234,1.2995867447892069,1.5069135874532988
run-endocytosis2_baseline_zero_diffusion0000-0024,2.9,69,0.9013207317370325,1.4417904980912462
run-endocytosis2_baseline_zero_diffusion0000-0025,2.9,56,1.027885700034248,1.3590903893762745
run-endocytosis2_baseline_zero_diffusion0000-0027,2.9,103,0.5170287266051263,1.388350429546336
run-endocytosis2_baseline_zero_diffusion0000-0028,2.9,96,1.1019376118845317,1.4409342995643004
run-endocytosis2_baseline_zero_diffusion0000-0029,2.9,99,0.3646046097085862,1.4272227860891784
run-endocytosis2_baseline_zero_diffusion0000-0030,2.9,141,0.9528796331861041,1.3778071467496198
run-endocytosis2_baseline_zero_diffusion0000-0031,2.9,145,0.9424547874789097,1.47007967958555
run-endocytosis2_baseline_zero_diffusion0000-0032,2.9,125,0.9183334726193456,1.4198439804433263
run-endocytosis2_baseline_zero_diffusion0000-0033,2.9,88,1.0431416396537843,1.410802370412809
run-endocytosis2_baseline_zero_diffusion0000-0034,2.9,5,0.3789534103055521,0.7835961512044385
run-endocytosis2_baseline_zero_diffusion0000-0035,2.9,11,0.9698661456932695,1.1786372309166544
run-endocytosis2_baseline_zero_diffusion0000-0037,2.9,7,0.5426658358530023,1.1635926005311659
run-endocytosis2_baseline_zero_diffusion0000-0038,2.9,64,0.8349212494733705,1.4446549156716921
run-endocytosis2_baseline_zero_diffusion0000-0039,2.9,19,0.8560837861705144,0.9936470248113595
run-endocytosis2_baseline_zero_diffusion0000-0040,2.9,4,0.015498419685133547,0.9744838626193398
run-endocytosis2_baseline_zero_diffusion0000-0041,2.9,287,1.1495920110952982,1.456091232812919
run-endocytosis2_baseline_zero_diffusion0000-0042,2.9,166,0.8603042352239803,1.425329366013307
run-endocytosis2_baseline_zero_diffusion0000-0043,2.9,4,0.12195564134681702,0.7084414278838816
run-endocytosis2_baseline_zero_diffusion0000-0044,2.9,342,0.9876315447738688,1.508021692892074
run-endocytosis2_baseline_zero_diffusion0000-0046,2.9,17,0.6941589378505328,1.012628924545591
run-endocytosis2_baseline_zero_diffusion0000-0047,2.9,61,1.1720771462280601,1.297927512279038
run-endocytosis2_baseline_zero_diffusion0000-0048,2.9,96,0.6595902187553541,1.4437885279753013
run-endocytosis2_baseline_zero_diffusion0000-0049,2.9,19,0.9993708147076764,1.188411376678955
run-endocytosis2_baseline_zero_diffusion0000-0000,3.0,17,1.2258961776072077,1.3566535720797526
run-endocytosis2_baseline_zero_diffusion0000-0001,3.0,126,0.7887486893636878,1.4617179141670094
run-endocytosis2_baseline_zero_diffusion0000-0002,3.0,57,1.163772286386275,1.3283975384257258
run-endocytosis2_baseline_zero_diffusion0000-0003,3.0,254,1.1389912735280054,1.4852431514535769
run-endocytosis2_baseline_zero_diffusion0000-0004,3.0,128,1.0609232668960122,1.372719892877346
run-endocytosis2_baseline_zero_diffusion0000-0005,3.0,97,1.1131930984108234,1.4073049469635592
run-endocytosis2_baseline_zero_diffusion0000-0006,3.0,181,1.4007564953972091,1.4666433250432385
run-endocytosis2_baseline_zero_diffusion0000-0007,3.0,120,1.2028628982620353,1.386877545331938
run-endocytosis2_baseline_zero_diffusion0000-0008,3.0,35,0.9197537987846524,1.3037762431507707
run-endocytosis2_baseline_zero_diffusion0000-0009,3.0,166,0.6823680544930025,1.4737202726976881
run-endocytosis2_baseline_zero_diffusion0000-0010,3.0,235,1.0650102731154392,1.4731217584478609
run-endocytosis2_baseline_zero_diffusion0000-0011,3.0,37,1.0982829572492605,1.4201927063394715
run-endocytosis2_baseline_zero_diffusion0000-0012,3.0,20,1.2463672090886246,1.227236856356341
run-endocytosis2_baseline_zero_diffusion0000-0013,3.0,220,0.8394172239258626,1.3995771497589828
run-endocytosis2_baseline_zero_diffusion0000-0014,3.0,86,0.9943776435927677,1.3478385615658484
run-endocytosis2_baseline_zero_diffusion0000-0015,3.0,9,0.5931437946030461,1.0557318456537335
run-endocytosis2_baseline_zero_diffusion0000-0016,3.0,97,0.7666790152557722,1.430955388319908
run-endocytosis2_baseline_zero_diffusion0000-0017,3.0,105,0.6998839300320654,1.3421838200275948
run-endocytosis2_baseline_zero_diffusion0000-0018,3.0,70,0.7111205029347542,1.4430132794997634
run-endocytosis2_baseline_zero_diffusion0000-0019,3.0,290,1.0123861256520907,1.5106340045499032
run-endocytosis2_baseline_zero_diffusion0000-0020,3.0,12,0.6923682899585135,0.9374367367725769
run-endocytosis2_baseline_zero_diffusion0000-0021,3.0,179,0.9437204564112687,1.4378125281447198
run-endocytosis2_baseline_zero_diffusion0000-0022,3.0,169,1.0530840900713252,1.4667283389472812
run-endocytosis2_baseline_zero_diffusion0000-0023,3.0,216,1.3471813599052154,1.4777007663188615
run-endocytosis2_baseline_zero_diffusion0000-0024,3.0,69,0.9480727261880509,1.4519696027209228
run-endocytosis2_baseline_zero_diffusion0000-0025,3.0,56,1.0127695287204757,1.369736572407482
run-endocytosis2_baseline_zero_diffusion0000-0027,3.0,92,0.8487144337624116,1.322449105840077
run-endocytosis2_baseline_zero_diffusion0000-0028,3.0,96,1.0472914575880936,1.279416979560127
run-endocytosis2_baseline_zero_diffusion0000-0029,3.0,105,0.4652470483094222,1.4546935399403622
run-endocytosis2_baseline_zero_diffusion0000-0030,3.0,153,0.9444093428275967,1.3849193192769875
run-endocytosis2_baseline_zero_diffusion0000-0031,3.0,148,0.8502002913918113,1.453443910320696
run-endocytosis2_baseline_zero_diffusion0000-0032,3.0,137,0.9195048417000046,1.4323147489220425
run-endocytosis2_baseline_zero_diffusion0000-0033,3.0,88,0.9589938934786111,1.43961322394963
run-endocytosis2_baseline_zero_diffusion0000-0034,3.0,5,0.37134862572698624,1.1116424906644626
run-endocytosis2_baseline_zero_diffusion0000-0035,3.0,11,0.9599392569138128,1.3189209613800408
run-endocytosis2_baseline_zero_diffusion0000-0037,3.0,7,0.560280190887418,0.7645819337633454
run-endocytosis2_baseline_zero_diffusion0000-0038,3.0,64,0.7941336192062727,1.4172678078087315
run-endocytosis2_baseline_zero_diffusion0000-0039,3.0,19,0.8941928916284635,1.400642495583508
run-endocytosis2_baseline_zero_diffusion0000-0040,3.0,4,0.01442728095625867,0.9282446669866364
run-endocytosis2_baseline_zero_diffusion0000-0041,3.0,312,1.0422690864141524,1.5145473939264247
run-endocytosis2_baseline_zero_diffusion0000-0042,3.0,172,0.9127243642576184,1.4781059696350818
run-endocytosis2_baseline_zero_diffusion0000-0043,3.0,4,0.13086103846904273,0.6022659297085249
run-endocytosis2_baseline_zero_diffusion0000-0044,3.0,363,1.002241198609406,1.471915958824979
run-endocytosis2_baseline_zero_diffusion0000-0046,3.0,17,0.6927446070770965,1.3048297121642707
run-endocytosis2_baseline_zero_diffusion0000-0047,3.0,62,1.2039003536335462,1.4186746346427235
run-endocytosis2_baseline_zero_diffusion0000-0048,3.0,96,0.7030127748223204,1.4485395668285004
run-endocytosis2_baseline_zero_diffusion0000-0049,3.0,19,1.0066153805037157,1.0181270553701034
run-endocytosis2_baseline_zero_diffusion0000-0000,3.1,17,1.2217014085851208,1.2535411611513871
run-endocytosis2_baseline_zero_diffusion0000-0001,3.1,135,0.8020575712619696,1.449522328195087
run-endocytosis2_baseline_zero_diffusion0000-0002,3.1,59,1.1665530308518735,1.3960295578023802
run-endocytosis2_baseline_zero_diffusion0000-0003,3.1,266,1.2067544498598517,1.494648268021058
run-endocytosis2_baseline_zero_diffusion0000-0004,3.1,104,1.0036738094268665,1.3330055424675173
run-endocytosis2_baseline_zero_diffusion0000-0005,3.1,100,1.0740693934769676,1.395365313723431
run-endocytosis2_baseline_zero_diffusion0000-0006,3.1,182,1.3373286815208187,1.4669037788531614
run-endocytosis2_baseline_zero_diffusion0000-0007,3.1,120,1.2068588279746852,1.4311503076573935
run-endocytosis2_baseline_zero_diffusion0000-0008,3.1,35,1.0899055955287187,1.3738604348085997
run-endocytosis2_baseline_zero_diffusion0000-0009,3.1,166,0.7292881105175556,1.4665562008849709
run-endocytosis2_baseline_zero_diffusion0000-0010,3.1,239,1.0144031256614519,1.4891246275301355
run-endocytosis2_baseline_zero_diffusion0000-0011,3.1,37,1.1312021419377252,1.3695630870581383
run-endocytosis2_baseline_zero_diffusion0000-0012,3.1,20,1.2228663284301664,1.119397199915712
run-endocytosis2_baseline_zero_diffusion0000-0013,3.1,220,0.8039208784333799,1.4808112087754388
run-endocytosis2_baseline_zero_diffusion0000-0014,3.1,89,1.047582987443584,1.4361404855725772
run-endocytosis2_baseline_zero_diffusion0000-0015,3.1,9,0.7239162723731538,0.677031113033546
run-endocytosis2_baseline_zero_diffusion0000-0016,3.1,97,0.7887839900999392,1.3310632391086
run-endocytosis2_baseline_zero_diffusion0000-0017,3.1,105,0.8106315093255874,1.4589603494842414
run-endocytosis2_baseline_zero_diffusion0000-0018,3.1,74,0.7784617903239305,1.4292374539963393
run-endocytosis2_baseline_zero_diffusion0000-0019,3.1,304,0.9816659071158036,1.4853466186324378
run-endocytosis2_baseline_zero_diffusion0000-0020,3.1,12,0.6872300419811939,1.0501956418181038
run-endocytosis2_baseline_zero_diffusion0000-0021,3.1,179,0.8886758936410697,1.4776407669137503
run-endocytosis2_baseline_zero_diffusion0000-0022,3.1,183,1.1211438261088396,1.4426917027516144
run-endocytosis2_baseline_zero_diffusion0000-0023,3.1,251,1.3123265656185636,1.497343131466702
run-endocytosis2_baseline_zero_diffusion0000-0024,3.1,69,0.9581393882163729,1.4553596615531077
run-endocytosis2_baseline_zero_diffusion0000-0025,3.1,56,1.0917525670075015,1.4080422975293174
run-endocytosis2_baseline_zero_diffusion0000-0027,3.1,92,0.7782234369652706,1.3451761089031382
run-endocytosis2_baseline_zero_diffusion0000-0028,3.1,106,1.1786948448976053,1.3908882128112197
run-endocytosis2_baseline_zero_diffusion0000-0029,3.1,106,0.45141506168138124,1.367061017024056
run-endocytosis2_baseline_zero_diffusion0000-0030,3.1,163,1.050807298945271,1.4812153921952753
run-endocytosis2_baseline_zero_diffusion0000-0031,3.1,152,0.9036761419906132,1.4931412473259242
run-endocytosis2_baseline_zero_diffusion0000-0032,3.1,143,0.9017012021952828,1.4090611549359089
run-endocytosis2_baseline_zero_diffusion0000-0033,3.1,88,1.008123479404804,1.4482042242760502
run-endocytosis2_baseline_zero_diffusion0000-0034,3.1,5,0.3844674371059742,0.7090468994129822
run-endocytosis2_baseline_zero_diffusion0000-0035,3.1,11,0.9600966224478006,1.2089063514774159
run-endocytosis2_baseline_zero_diffusion0000-0037,3.1,7,0.5735549549248785,0.8421094534500743
run-endocytosis2_baseline_zero_diffusion0000-0038,3.1,64,0.8149856276879247,1.3527035170123247
run-endocytosis2_baseline_zero_diffusion0000-0039,3.1,39,1.0926051646343262,1.244400118002685
run-endocytosis2_baseline_zero_diffusion0000-0040,3.1,4,0.0226943372894699,0.8560641547800255
run-endocytosis2_baseline_zero_diffusion0000-0041,3.1,344,1.0500397049838952,1.4674928571118655
run-endocytosis2_baseline_zero_diffusion0000-0042,3.1,177,0.806790709761714,1.4486612408196915
run-endocytosis2_baseline_zero_diffusion0000-0043,3.1,4,0.16810363588005894,0.9847675139106118
run-endocytosis2_baseline_zero_diffusion0000-0044,3.1,381,1.0142907398322611,1.4951166098789954
run-endocytosis2_baseline_zero_diffusion0000-0046,3.1,17,0.7716218498368653,1.2959285419878381
run-endocytosis2_baseline_zero_diffusion0000-0047,3.1,66,1.2072453220434411,1.4586072123450324
run-endocytosis2_baseline_zero_diffusion0000-0048,3.1,96,0.6976105616392546,1.4001702605169428
run-endocytosis2_baseline_zero_diffusion0000-0049,3.1,19,1.0224359661548996,1.3192119754827603
run-endocytosis2_baseline_zero_diffusion0000-0000,3.2,17,1.2036336357734196,1.310543160757761
run-endocytosis2_baseline_zero_diffusion0000-0001,3.2,141,0.6977474119253827,1.4152449296343652
run-endocytosis2_baseline_zero_diffusion0000-0002,3.2,59,1.0652445847643564,1.3694450665826654
run-endocytosis2_baseline_zero_diffusion0000-0003,3.2,278,1.2348870652472423,1.5186926218766608
run-endocytosis2_baseline_zero_diffusion0000-0004,3.2,109,1.0828316098507977,1.3513702800643508
run-endocytosis2_baseline_zero_diffusion0000-0005,3.2,105,1.101797221832446,1.3821916991374674
run-endocytosis2_baseline_zero_diffusion0000-0006,3.2,189,1.2666322228734794,1.4908175300369313
run-endocytosis2_baseline_zero_diffusion0000-0007,3.2,120,1.1987047320365078,1.425355630890897
run-endocytosis2_baseline_zero_diffusion0000-0008,3.2,35,1.0846399405647276,1.381380096797286
run-endocytosis2_baseline_zero_diffusion0000-0009,3.2,166,0.7754213987114368,1.383783458664234
run-endocytosis2_baseline_zero_diffusion0000-0010,3.2,239,0.9755764356635185,1.5035505025191123
run-endocytosis2_baseline_zero_diffusion0000-0011,3.2,37,1.131432647507665,1.424584497450438
run-endocytosis2_baseline_zero_diffusion0000-0012,3.2,20,1.2424758955966775,1.3232881889425503
run-endocytosis2_baseline_zero_diffusion0000-0013,3.2,226,0.7896108583958377,1.4555530708837798
run-endocytosis2_baseline_zero_diffusion0000-0014,3.2,96,1.0948778702296198,1.4600643422257242
run-endocytosis2_baseline_zero_diffusion0000-0015,3.2,9,0.7293508063529586,1.2367163509091736
run-endocytosis2_baseline_zero_diffusion0000-0016,3.2,97,0.8955655455872075,1.4642775009949913
run-endocytosis2_baseline_zero_diffusion0000-0017,3.2,108,0.7256792608736594,1.496508684196308
run-endocytosis2_baseline_zero_diffusion0000-0018,3.2,76,0.9619671284426327,1.4484715917926418
run-endocytosis2_baseline_zero_diffusion0000-0019,3.2,325,0.9697369960133678,1.488456986801815
run-endocytosis2_baseline_zero_diffusion0000-0020,3.2,12,0.6890950829860703,1.1585627023894731
run-endocytosis2_baseline_zero_diffusion0000-0021,3.2,179,0.8733604839477791,1.4662795023517552
run-endocytosis2_baseline_zero_diffusion0000-0022,3.2,197,1.0968482628442626,1.4814913688888145
run-endocytosis2_baseline_zero_diffusion0000-0023,3.2,256,1.2036758452911736,1.515867211267333
run-endocytosis2_baseline_zero_diffusion0000-0024,3.2,69,0.958896296359497,1.421862348680741
run-endocytosis2_baseline_zero_diffusion0000-0025,3.2,63,0.963787729100483,1.4027998053890145
run-endocytosis2_baseline_zero_diffusion0000-0027,3.2,92,0.48327533463625616,1.4416600794004875
run-endocytosis2_baseline_zero_diffusion0000-0028,3.2,106,1.1622080929083567,1.45202687062898
run-endocytosis2_baseline_zero_diffusion0000-0029,3.2,106,0.5801772395825503,1.447359468888604
run-endocytosis2_baseline_zero_diffusion0000-0030,3.2,175,1.0831021640263292,1.4900649689226537
run-endocytosis2_baseline_zero_diffusion0000-0031,3.2,152,0.7262732504315779,1.486921483133331
run-endocytosis2_baseline_zero_diffusion0000-0032,3.2,143,0.9996128546702452,1.4830016363387295
run-endocytosis2_baseline_zero_diffusion0000-0033,3.2,88,0.8850450261363096,1.3103517765985284
run-endocytosis2_baseline_zero_diffusion0000-0034,3.2,11,0.7087154825172004,1.2645177506933618
run-endocytosis2_baseline_zero_diffusion0000-0035,3.2,11,0.9622908077645489,1.3262233418041058
run-endocytosis2_baseline_zero_diffusion0000-0037,3.2,7,0.5704324907544771,0.9652795348085071
run-endocytosis2_baseline_zero_diffusion0000-0038,3.2,64,0.8581125447795684,1.3994676408247875
run-endocytosis2_baseline_zero_diffusion0000-0039,3.2,39,1.0801751819622116,1.455860018122826
run-endocytosis2_baseline_zero_diffusion0000-0040,3.2,4,0.003920070599743308,1.0743499002828951
run-endocytosis2_baseline_zero_diffusion0000-0041,3.2,365,0.9191923868201982,1.4854894176727493
run-endocytosis2_baseline_zero_diffusion0000-0042,3.2,182,0.8330541435113392,1.4867451806207905
run-endocytosis2_baseline_zero_diffusion0000-0043,3.2,4,0.17451689657139502,0.527937065604233
run-endocytosis2_baseline_zero_diffusion0000-0044,3.2,401,0.9954151876198364,1.5057636173394675
run-endocytosis2_baseline_zero_diffusion0000-0046,3.2,17,0.8017417121170164,1.238648606009981
run-endocytosis2_baseline_zero_diffusion0000-0047,3.2,71,1.0787352329045925,1.3673266526315586
run-endocytosis2_baseline_zero_diffusion0000-0048,3.2,96,0.6556269404609822,1.2728439315227862
run-endocytosis2_baseline_zero_diffusion0000-0049,3.2,19,1.0278010047419377,1.1810263625164739
run-endocytosis2_baseline_zero_diffusion0000-0000,3.3,17,1.2061499894488035,1.0978975257140038
run-endocytosis2_baseline_zero_diffusion0000-0001,3.3,150,0.7237978914701629,1.487425696668504
run-endocytosis2_baseline_zero_diffusion0000-0002,3.3,59,1.1204544270513097,1.3657219378298173
run-endocytosis2_baseline_zero_diffusion0000-0003,3.3,286,1.228341435157227,1.504277979170725
run-endocytosis2_baseline_zero_diffusion0000-0004,3.3,147,1.2372068428979797,1.3941901271273998
run-endocytosis2_baseline_zero_diffusion0000-0005,3.3,112,1.112783021230639,1.3196236823961687
run-endocytosis2_baseline_zero_diffusion0000-0006,3.3,200,1.2720847576095295,1.4805375970123364
run-endocytosis2_baseline_zero_diffusion0000-0007,3.3,120,1.2155308503068887,1.430226166671519
run-endocytosis2_baseline_zero_diffusion0000-0008,3.3,35,1.1002797791539478,1.4133124438383144
run-endocytosis2_baseline_zero_diffusion0000-0009,3.3,166,0.7432795165141585,1.4948875098926526
run-endocytosis2_baseline_zero_diffusion0000-0010,3.3,250,1.0121491714692423,1.4675180646084773
run-endocytosis2_baseline_zero_diffusion0000-0011,3.3,37,1.1477748661631497,1.4226234617358855
run-endocytosis2_baseline_zero_diffusion0000-0012,3.3,20,1.2070887619590522,1.216193630586882
run-endocytosis2_baseline_zero_diffusion0000-0013,3.3,231,0.8403633242538798,1.46621081525302
run-endocytosis2_baseline_zero_diffusion0000-0014,3.3,104,0.9317045698805089,1.4122928082796395
run-endocytosis2_baseline_zero_diffusion0000-0015,3.3,9,0.7359348566718007,0.9570418517913287
run-endocytosis2_baseline_zero_diffusion0000-0016,3.3,107,0.917960491267145,1.4715363023435593
run-endocytosis2_baseline_zero_diffusion0000-0017,3.3,115,0.8120041453551978,1.419303687149308
run-endocytosis2_baseline_zero_diffusion0000-0018,3.3,80,1.0498583448344792,1.4673574358542631
run-endocytosis2_baseline_zero_diffusion0000-0019,3.3,348,0.9714391920308507,1.436636374942275
run-endocytosis2_baseline_zero_diffusion0000-0020,3.3,12,0.68652088383335,1.2103056517170958
run-endocytosis2_baseline_zero_diffusion0000-0021,3.3,181,0.8306895447376693,1.5071709717110364
run-endocytosis2_baseline_zero_diffusion0000-0022,3.3,215,1.1064111536224857,1.4938417460658389
run-endocytosis2_baseline_zero_diffusion0000-0023,3.3,261,1.228412905536218,1.5006366471436308
run-endocytosis2_baseline_zero_diffusion0000-0024,3.3,69,0.9851785391914284,1.3411825702337596
run-endocytosis2_baseline_zero_diffusion0000-0025,3.3,68,0.9397518545913641,1.4840563674679748
run-endocytosis2_baseline_zero_diffusion0000-0027,3.3,92,0.6528876410683805,1.393638186910614
run-endocytosis2_baseline_zero_diffusion0000-0028,3.3,103,1.1593908864898415,1.4642079478165357
run-endocytosis2_baseline_zero_diffusion0000-0029,3.3,113,0.731244656142863,1.4330593330077717
run-endocytosis2_baseline_zero_diffusion0000-0030,3.3,180,1.0761651238138903,1.4192831614135601
run-endocytosis2_baseline_zero_diffusion0000-0031,3.3,152,0.7840423204191259,1.504797297434281
run-endocytosis2_baseline_zero_diffusion0000-0032,3.3,147,0.9901385861082526,1.4683991452361795
run-endocytosis2_baseline_zero_diffusion0000-0033,3.3,88,0.8043388698722506,1.4068750772787073
run-endocytosis2_baseline_zero_diffusion0000-0034,3.3,11,0.6390998225235215,1.080953557813414
run-endocytosis2_baseline_zero_diffusion0000-0035,3.3,11,0.9964526373583148,1.257455701864388
run-endocytosis2_baseline_zero_diffusion0000-0037,3.3,20,0.9453483540541623,1.259585343396271
run-endocytosis2_baseline_zero_diffusion0000-0038,3.3,67,0.9225265070321718,1.458700703110619
run-endocytosis2_baseline_zero_diffusion0000-0039,3.3,61,1.0266564800517912,1.4121336215890081
run-endocytosis2_baseline_zero_diffusion0000-0040,3.3,4,0.04176151095079694,0.6880768748661742
run-endocytosis2_baseline_zero_diffusion0000-0041,3.3,370,0.9503612116976526,1.4989896700230088
run-endocytosis2_baseline_zero_diffusion0000-0042,3.3,191,0.7493925032333258,1.4916499614693295
run-endocytosis2_baseline_zero_diffusion0000-0043,3.3,4,0.17971937645428415,1.062040896505537
run-endocytosis2_baseline_zero_diffusion0000-0044,3.3,427,1.0708713894037367,1.509873840345416
run-endocytosis2_baseline_zero_diffusion0000-0046,3.3,17,0.7725139847137147,1.2394788323876054
run-endocytosis2_baseline_zero_diffusion0000-0047,3.3,76,1.0303481478413445,1.4741317734283272
run-endocytosis2_baseline_zero_diffusion0000-0048,3.3,101,0.6173239152634119,1.5021009194988475
run-endocytosis2_baseline_zero_diffusion0000-0049,3.3,19,1.0040009352516646,1.2687188854659806
run-endocytosis2_baseline_zero_diffusion0000-0000,3.4,17,1.212509673397625,1.2512012671919135
run-endocytosis2_baseline_zero_diffusion0000-0001,3.4,156,0.7021857737207022,1.4315204960352266
run-endocytosis2_baseline_zero_diffusion0000-0002,3.4,59,1.002429133648706,1.3807030733969992
run-endocytosis2_baseline_zero_diffusion0000-0003,3.4,288,1.2432567353740898,1.4793925239874264
run-endocytosis2_baseline_zero_diffusion0000-0004,3.4,147,1.1965474545773094,1.5092881698219796
run-endocytosis2_baseline_zero_diffusion0000-0005,3.4,119,1.1595701460742176,1.4620880683708581
run-endocytosis2_baseline_zero_diffusion0000-0006,3.4,203,1.307778267966606,1.469392404054601
run-endocytosis2_baseline_zero_diffusion0000-0007,3.4,120,1.2156688036021364,1.445462446645411
run-endocytosis2_baseline_zero_diffusion0000-0008,3.4,35,1.0176192733563543,1.253967896481184
run-endocytosis2_baseline_zero_diffusion0000-0009,3.4,166,0.7194237959859495,1.4739497192423587
run-endocytosis2_baseline_zero_diffusion0000-0010,3.4,267,0.9951616577390483,1.5242636464233614
run-endocytosis2_baseline_zero_diffusion0000-0011,3.4,37,1.1213372820518122,1.3566640016326161
run-endocytosis2_baseline_zero_diffusion0000-0012,3.4,20,1.181721698912356,1.1959205307683016
run-endocytosis2_baseline_zero_diffusion0000-0013,3.4,232,0.8449831242951799,1.493624577730178
run-endocytosis2_baseline_zero_diffusion0000-0014,3.4,115,1.1172802177057657,1.412502234851944
run-endocytosis2_baseline_zero_diffusion0000-0015,3.4,9,0.7482087567857448,1.027435730655619
run-endocytosis2_baseline_zero_diffusion0000-0016,3.4,112,0.9120959120361649,1.4297459863638606
run-endocytosis2_baseline_zero_diffusion0000-0017,3.4,125,0.7528699404682969,1.3923053924894264
run-endocytosis2_baseline_zero_diffusion0000-0018,3.4,80,1.1896302473896325,1.4501945660559559
run-endocytosis2_baseline_zero_diffusion0000-0019,3.4,362,0.8866146837747915,1.5130769960495503
run-endocytosis2_baseline_zero_diffusion0000-0020,3.4,12,0.6592502682086872,1.2065721140388697
run-endocytosis2_baseline_zero_diffusion0000-0021,3.4,181,0.7513508377257727,1.4936885860695772
run-endocytosis2_baseline_zero_diffusion0000-0022,3.4,234,1.0939246480904323,1.4715902535714287
run-endocytosis2_baseline_zero_diffusion0000-0023,3.4,266,1.2018889450808672,1.473356868491118
run-endocytosis2_baseline_zero_diffusion0000-0024,3.4,69,1.0377014574847065,1.3280597108549983
run-endocytosis2_baseline_zero_diffusion0000-0025,3.4,73,0.8064092765898797,1.4747498480226324
run-endocytosis2_baseline_zero_diffusion0000-0027,3.4,92,0.5851941450494099,1.4623887034032523
run-endocytosis2_baseline_zero_diffusion0000-0028,3.4,99,1.1598944915425011,1.4291150554154757
run-endocytosis2_baseline_zero_diffusion0000-0029,3.4,119,0.707197003806283,1.4612887303803461
run-endocytosis2_baseline_zero_diffusion0000-0030,3.4,190,1.0829384919888034,1.4300797121538815
run-endocytosis2_baseline_zero_diffusion0000-0031,3.4,154,0.7480376446206467,1.490871086224755
run-endocytosis2_baseline_zero_diffusion0000-0032,3.4,155,1.0142485837406454,1.4237783415498066
run-endocytosis2_baseline_zero_diffusion0000-0033,3.4,88,0.7677767505458981,1.4492406924196801
run-endocytosis2_baseline_zero_diffusion0000-0034,3.4,11,0.6379563439331439,1.3234984364261302
run-endocytosis2_baseline_zero_diffusion0000-0035,3.4,11,1.0051762652262735,0.9388765906588257
run-endocytosis2_baseline_zero_diffusion0000-0037,3.4,20,0.7773767225851367,1.2763669117630534
run-endocytosis2_baseline_zero_diffusion0000-0038,3.4,72,0.8296156398812369,1.4534618582798176
run-endocytosis2_baseline_zero_diffusion0000-0039,3.4,61,0.958311429265197,1.439498913350948
run-endocytosis2_baseline_zero_diffusion0000-0040,3.4,4,0.1967226065475811,0.6232868012077402
run-endocytosis2_baseline_zero_diffusion0000-0041,3.4,369,0.9054088297198152,1.503880943554707
run-endocytosis2_baseline_zero_diffusion0000-0042,3.4,201,0.752800954502713,1.4574056397264168
run-endocytosis2_baseline_zero_diffusion0000-0043,3.4,4,0.16773198998524386,1.091157266070205
run-endocytosis2_baseline_zero_diffusion0000-0044,3.4,449,1.0734386840607701,1.4967716379971017
run-endocytosis2_baseline_zero_diffusion0000-0046,3.4,17,0.8077485694089704,1.2473606046841221
run-endocytosis2_baseline_zero_diffusion0000-0047,3.4,81,0.9581857232649826,1.477366141564902
run-endocytosis2_baseline_zero_diffusion0000-0048,3.4,126,0.8286513517577773,1.44393006066789
run-endocytosis2_baseline_zero_diffusion0000-0049,3.4,19,1.0204683330601023,1.3430251739009393
run-endocytosis2_baseline_zero_diffusion0000-0000,3.5,17,1.2096857332460207,1.1793980361327594
run-endocytosis2_baseline_zero_diffusion0000-0001,3.5,160,0.7243222860473272,1.5037660080382493
run-endocytosis2_baseline_zero_diffusion0000-0002,3.5,59,1.0659497322559968,1.4190641449588652
run-endocytosis2_baseline_zero_diffusion0000-0003,3.5,316,1.267784125342426,1.449772677544089
run-endocytosis2_baseline_zero_diffusion0000-0004,3.5,147,1.0783916406551948,1.4850752537514689
run-endocytosis2_baseline_zero_diffusion0000-0005,3.5,124,1.1818250805025554,1.468700919521044
run-endocytosis2_baseline_zero_diffusion0000-0006,3.5,207,1.3245862603454404,1.4581734190424447
run-endocytosis2_baseline_zero_diffusion0000-0007,3.5,120,1.2177256650357968,1.475726835311686
run-endocytosis2_baseline_zero_diffusion0000-0008,3.5,35,1.0036512840117384,1.2575603887038191
run-endocytosis2_baseline_zero_diffusion0000-0009,3.5,166,0.8127995578729714,1.4327035764742941
run-endocytosis2_baseline_zero_diffusion0000-0010,3.5,309,0.914006380263723,1.5306566242528281
run-endocytosis2_baseline_zero_diffusion0000-0011,3.5,37,1.139970548893534,1.3271659969654677
run-endocytosis2_baseline_zero_diffusion0000-0012,3.5,20,1.1767365552987823,1.1008975201586304
run-endocytosis2_baseline_zero_diffusion0000-0013,3.5,237,0.8484405566614399,1.4242253633080257
run-endocytosis2_baseline_zero_diffusion0000-0014,3.5,120,1.2025881049829767,1.463106320461094
run-endocytosis2_baseline_zero_diffusion0000-0015,3.5,9,0.7539418039345319,1.0491483374693737
run-endocytosis2_baseline_zero_diffusion0000-0016,3.5,117,0.8263996854169354,1.4388244565262767
run-endocytosis2_baseline_zero_diffusion0000-0017,3.5,133,0.8165742322058637,1.4596609171017239
run-endocytosis2_baseline_zero_diffusion0000-0018,3.5,80,1.2635619245500267,1.4284511254809367
run-endocytosis2_baseline_zero_diffusion0000-0019,3.5,372,0.869778739553666,1.5233322202069979
run-endocytosis2_baseline_zero_diffusion0000-0020,3.5,12,0.69439838084064,1.2996630939013651
run-endocytosis2_baseline_zero_diffusion0000-0021,3.5,185,0.6871546911802351,1.4991523416330201
run-endocytosis2_baseline_zero_diffusion0000-0022,3.5,257,0.9790429135273853,1.4210184397979806
run-endocytosis2_baseline_zero_diffusion0000-0023,3.5,271,1.2185243006941118,1.4122590598127582
run-endocytosis2_baseline_zero_diffusion0000-0024,3.5,69,1.1549458194281768,1.4105354495471614
run-endocytosis2_baseline_zero_diffusion0000-0025,3.5,78,0.6616774052731591,1.335154398256618
run-endocytosis2_baseline_zero_diffusion0000-0027,3.5,92,0.43198334316077425,1.35917336833985
run-endocytosis2_baseline_zero_diffusion0000-0028,3.5,99,1.2396090754455995,1.3932829502281858
run-endocytosis2_baseline_zero_diffusion0000-0029,3.5,125,0.774537774644955,1.4691425652887689
run-endocytosis2_baseline_zero_diffusion0000-0030,3.5,201,1.1659030041930436,1.4414637649196356
run-endocytosis2_baseline_zero_diffusion0000-0031,3.5,159,0.6775946835917079,1.4525615532096297
run-endocytosis2_baseline_zero_diffusion0000-0032,3.5,166,1.072421905716928,1.4446292517374022
run-endocytosis2_baseline_zero_diffusion0000-0033,3.5,88,0.8335576076592752,1.4461005974740455
run-endocytosis2_baseline_zero_diffusion0000-0034,3.5,11,0.6579632089576589,1.1780195011030437
run-endocytosis2_baseline_zero_diffusion0000-0035,3.5,11,1.0012782712708357,1.243995907897115
run-endocytosis2_baseline_zero_diffusion0000-0037,3.5,20,0.8224096783718513,1.1761375318488794
run-endocytosis2_baseline_zero_diffusion0000-0038,3.5,72,0.7692666597804727,1.3939260701603318
run-endocytosis2_baseline_zero_diffusion0000-0039,3.5,61,1.0238915665467863,1.3449892930166265
run-endocytosis2_baseline_zero_diffusion0000-0040,3.5,4,0.10006575718823152,1.0262267716223745
run-endocytosis2_baseline_zero_diffusion0000-0041,3.5,380,0.9646745939884502,1.5033889088197414
run-endocytosis2_baseline_zero_diffusion0000-0042,3.5,207,0.6690143735684485,1.4324573235810314
run-endocytosis2_baseline_zero_diffusion0000-0043,3.5,4,0.1629012390722755,0.5674386392415218
run-endocytosis2_baseline_zero_diffusion0000-0044,3.5,478,1.0357463887364045,1.4918167878552926
run-endocytosis2_baseline_zero_diffusion0000-0046,3.5,17,0.8082324630026984,0.9442725489602062
run-endocytosis2_baseline_zero_diffusion0000-0047,3.5,86,0.9003212319550523,1.4015488980476376
run-endocytosis2_baseline_zero_diffusion0000-0048,3.5,132,0.8731650551409618,1.400281794618556
run-endocytosis2_baseline_zero_diffusion0000-0049,3.5,19,1.022047750166829,1.3667191233672586
run-endocytosis2_baseline_zero_diffusion0000-0000,3.6,17,1.2260737497111256,1.254432256471559
run-endocytosis2_baseline_zero_diffusion0000-0001,3.6,161,0.6882352119271876,1.475421407378983
run-endocytosis2_baseline_zero_diffusion0000-0002,3.6,59,1.1699880500857718,1.3164785652339344
run-endocytosis2_baseline_zero_diffusion0000-0003,3.6,340,1.3465024099618585,1.4677458879512755
run-endocytosis2_baseline_zero_diffusion0000-0004,3.6,147,1.2231937341046595,1.4779929264680012
run-endocytosis2_baseline_zero_diffusion0000-0005,3.6,135,1.064814191973777,1.4952429148127084
run-endocytosis2_baseline_zero_diffusion0000-0006,3.6,212,1.2625475865158569,1.4593517276331904
run-endocytosis2_baseline_zero_diffusion0000-0007,3.6,120,1.1814427457517986,1.4141115320332858
run-endocytosis2_baseline_zero_diffusion0000-0008,3.6,48,0.8225625208969751,1.384828612106669
run-endocytosis2_baseline_zero_diffusion0000-0009,3.6,166,0.8307700101747294,1.43183553498634
run-endocytosis2_baseline_zero_diffusion0000-0010,3.6,339,0.8189765981517151,1.5208066513832004
run-endocytosis2_baseline_zero_diffusion0000-0011,3.6,37,1.1412988136145574,1.2791197451621221
run-endocytosis2_baseline_zero_diffusion0000-0012,3.6,20,1.2644334494534197,1.2321718376059292
run-endocytosis2_baseline_zero_diffusion0000-0013,3.6,241,0.8421629550675589,1.5180650914716312
run-endocytosis2_baseline_zero_diffusion0000-0014,3.6,125,1.2544641687579778,1.4053394681833495
run-endocytosis2_baseline_zero_diffusion0000-0015,3.6,9,0.7465845455467249,1.0810621370422377
run-endocytosis2_baseline_zero_diffusion0000-0016,3.6,122,0.845266059937008,1.4689379313741524
run-endocytosis2_baseline_zero_diffusion0000-0017,3.6,143,0.7824556984373836,1.4774956147554967
run-endocytosis2_baseline_zero_diffusion0000-0018,3.6,90,1.2845558648855973,1.4352111127993672
run-endocytosis2_baseline_zero_diffusion0000-0019,3.6,390,0.9010987121149353,1.5042401521322912
run-endocytosis2_baseline_zero_diffusion0000-0020,3.6,12,0.6796671951730638,1.2282265092264029
run-endocytosis2_baseline_zero_diffusion0000-0021,3.6,190,0.7285601056324778,1.4319782090463284
run-endocytosis2_baseline_zero_diffusion0000-0022,3.6,279,0.9506988668303291,1.49486396462793
run-endocytosis2_baseline_zero_diffusion0000-0023,3.6,277,1.2660652914280792,1.451720092348096
run-endocytosis2_baseline_zero_diffusion0000-0024,3.6,69,1.1530743473395095,1.4270525593287486
run-endocytosis2_baseline_zero_diffusion0000-0025,3.6,83,0.6729442203072806,1.4053298119226996
run-endocytosis2_baseline_zero_diffusion0000-0027,3.6,92,0.5632764619266344,1.3995102037909157
run-endocytosis2_baseline_zero_diffusion0000-0028,3.6,103,1.242245837027241,1.4505283726896692
run-endocytosis2_baseline_zero_diffusion0000-0029,3.6,130,0.8505132701791813,1.5109702920080448
run-endocytosis2_baseline_zero_diffusion0000-0030,3.6,209,1.1430228650903969,1.4992612270540693
run-endocytosis2_baseline_zero_diffusion0000-0031,3.6,159,0.6190524527578102,1.4519659964745646
run-endocytosis2_baseline_zero_diffusion0000-0032,3.6,186,1.0267162482951475,1.4913308572732322
run-endocytosis2_baseline_zero_diffusion0000-0033,3.6,92,0.7511358058040428,1.4614869147654548
run-endocytosis2_baseline_zero_diffusion0000-0034,3.6,5,0.2112148291988738,1.107381320369196
run-endocytosis2_baseline_zero_diffusion0000-0035,3.6,11,1.0087966466127953,1.2426269268894719
run-endocytosis2_baseline_zero_diffusion0000-0037,3.6,20,0.8352314667488583,1.0341570887913645
run-endocytosis2_baseline_zero_diffusion0000-0038,3.6,72,0.7704628523315463,1.373322492549745
run-endocytosis2_baseline_zero_diffusion0000-0039,3.6,61,0.9700123437758323,1.4052691467023797
run-endocytosis2_baseline_zero_diffusion0000-0041,3.6,391,1.0356737697151037,1.5020923877365613
run-endocytosis2_baseline_zero_diffusion0000-0042,3.6,209,0.6908869622685722,1.4300430741008472
run-endocytosis2_baseline_zero_diffusion0000-0043,3.6,4,0.15818896371841462,0.6844475571498919
run-endocytosis2_baseline_zero_diffusion0000-0044,3.6,498,1.1295949226658586,1.453322493514329
run-endocytosis2_baseline_zero_diffusion0000-0046,3.6,17,0.778579658929686,1.213636140821698
run-endocytosis2_baseline_zero_diffusion0000-0047,3.6,91,0.9104342074265055,1.3886529551980558
run-endocytosis2_baseline_zero_diffusion0000-0048,3.6,124,0.8817654408917447,1.497426610473848
run-endocytosis2_baseline_zero_diffusion0000-0049,3.6,19,1.0374274284906109,1.266614368278753
run-endocytosis2_baseline_zero_diffusion0000-0000,3.7,17,1.2171357362818223,1.2820895837067627
run-endocytosis2_baseline_zero_diffusion0000-0001,3.7,167,0.7075854021395932,1.5073462326075475
run-endocytosis2_baseline_zero_diffusion0000-0002,3.7,59,1.1671037911883106,1.393120754215011
run-endocytosis2_baseline_zero_diffusion0000-0003,3.7,352,1.3540407824301044,1.4463734366185217
run-endocytosis2_baseline_zero_diffusion0000-0004,3.7,152,1.2030236222532413,1.452821392582997
run-endocytosis2_baseline_zero_diffusion0000-0005,3.7,142,1.1513850409377206,1.4615340283605547
run-endocytosis2_baseline_zero_diffusion0000-0006,3.7,227,1.2279863499470727,1.4793228764727946
run-endocytosis2_baseline_zero_diffusion0000-0007,3.7,125,1.2288745572141488,1.3718250865306008
run-endocytosis2_baseline_zero_diffusion0000-0008,3.7,53,0.7763696111781412,1.4087359323391435
run-endocytosis2_baseline_zero_diffusion0000-0009,3.7,166,0.8975420805633134,1.4264133306609204
run-endocytosis2_baseline_zero_diffusion0000-0010,3.7,359,0.8300810047154316,1.5030722420563363
run-endocytosis2_baseline_zero_diffusion0000-0011,3.7,37,1.1364493346723517,1.41850264681112
run-endocytosis2_baseline_zero_diffusion0000-0012,3.7,20,1.2920869944720939,1.189360889054337
run-endocytosis2_baseline_zero_diffusion0000-0013,3.7,241,0.8697012002897835,1.4642773583621818
run-endocytosis2_baseline_zero_diffusion0000-0014,3.7,130,1.302578847442743,1.4814779487783911
run-endocytosis2_baseline_zero_diffusion0000-0015,3.7,9,0.7249405272392577,1.070800221551444
run-endocytosis2_baseline_zero_diffusion0000-0016,3.7,132,0.8351326737589001,1.4543635487949458
run-endocytosis2_baseline_zero_diffusion0000-0017,3.7,160,0.6848802034990001,1.4685338788495486
run-endocytosis2_baseline_zero_diffusion0000-0018,3.7,98,1.2159508662981768,1.4003235581128937
run-endocytosis2_baseline_zero_diffusion0000-0019,3.7,402,0.8634061897636615,1.5194089042474164
run-endocytosis2_baseline_zero_diffusion0000-0020,3.7,12,0.6992517410606046,1.286869625786527
run-endocytosis2_baseline_zero_diffusion0000-0021,3.7,194,0.7678333300024862,1.466511911005234
run-endocytosis2_baseline_zero_diffusion0000-0022,3.7,292,1.0150712398195423,1.471957178930124
run-endocytosis2_baseline_zero_diffusion0000-0023,3.7,278,1.1977905259293973,1.5067097596336658
run-endocytosis2_baseline_zero_diffusion0000-0024,3.7,69,1.1642851229547606,1.403488424300219
run-endocytosis2_baseline_zero_diffusion0000-0025,3.7,91,0.6272194637977951,1.4701993814913712
run-endocytosis2_baseline_zero_diffusion0000-0027,3.7,92,0.5197725620394991,1.4396874016029721
run-endocytosis2_baseline_zero_diffusion0000-0028,3.7,152,1.4147734595988035,1.4596408015547155
run-endocytosis2_baseline_zero_diffusion0000-0029,3.7,142,0.761666914786556,1.383669314756747
run-endocytosis2_baseline_zero_diffusion0000-0030,3.7,213,1.0975876362121724,1.5287764645466824
run-endocytosis2_baseline_zero_diffusion0000-0031,3.7,159,0.8191930866589693,1.3815554057390587
run-endocytosis2_baseline_zero_diffusion0000-0032,3.7,195,0.9987852650751816,1.457056544336448
run-endocytosis2_baseline_zero_diffusion0000-0033,3.7,111,0.7165008150610699,1.4374595044975562
run-endocytosis2_baseline_zero_diffusion0000-0034,3.7,5,0.21814272360472176,0.5689905361394483
run-endocytosis2_baseline_zero_diffusion0000-0035,3.7,11,0.9706088629178041,1.2550116988852769
run-endocytosis2_baseline_zero_diffusion0000-0037,3.7,20,0.7579475043391537,1.3624455608324246
run-endocytosis2_baseline_zero_diffusion0000-0038,3.7,72,0.831076117384725,1.4258955691551425
run-endocytosis2_baseline_zero_diffusion0000-0039,3.7,61,1.055460390542709,1.4651213187727326
run-endocytosis2_baseline_zero_diffusion0000-0041,3.7,399,1.0755546623120498,1.5109201649240203
run-endocytosis2_baseline_zero_diffusion0000-0042,3.7,217,0.7188589976896161,1.3779121567292136
run-endocytosis2_baseline_zero_diffusion0000-0043,3.7,4,0.15637457831873713,0.6725092149499405
run-endocytosis2_baseline_zero_diffusion0000-0044,3.7,514,1.1081311015160855,1.4509096175072331
run-endocytosis2_baseline_zero_diffusion0000-0046,3.7,17,0.8106448983511918,1.3682120486631513
run-endocytosis2_baseline_zero_diffusion0000-0047,3.7,96,1.0887426595911776,1.478594400557761
run-endocytosis2_baseline_zero_diffusion0000-0048,3.7,129,0.9758640508696415,1.3859755708372474
run-endocytosis2_baseline_zero_diffusion0000-0049,3.7,19,1.0591571823570827,1.3578552238935548
run-endocytosis2_baseline_zero_diffusion0000-0000,3.8,17,1.2432102996090912,1.1634332424865177
run-endocytosis2_baseline_zero_diffusion0000-0001,3.8,167,0.7234156381068874,1.4498087461900093
run-endocytosis2_baseline_zero_diffusion0000-0002,3.8,59,1.1688450445546703,1.4206468675223312
run-endocytosis2_baseline_zero_diffusion0000-0003,3.8,364,1.3390445182817876,1.529461451847163
run-endocytosis2_baseline_zero_diffusion0000-0004,3.8,153,1.2232671252687357,1.4953125680372004
run-endocytosis2_baseline_zero_diffusion0000-0005,3.8,151,1.1707110790304671,1.4818770379889123
run-endocytosis2_baseline_zero_diffusion0000-0006,3.8,236,1.2298801031196518,1.5004566773750156
run-endocytosis2_baseline_zero_diffusion0000-0007,3.8,130,1.1982536542833486,1.4787640635206305
run-endocytosis2_baseline_zero_diffusion0000-0008,3.8,55,0.8556866288631197,1.354161322394563
run-endocytosis2_baseline_zero_diffusion0000-0009,3.8,172,0.8303221428401663,1.4668051821224852
run-endocytosis2_baseline_zero_diffusion0000-0010,3.8,389,0.8607257004823096,1.466932982865888
run-endocytosis2_baseline_zero_diffusion0000-0011,3.8,37,1.1294014679987128,1.214798730097807
run-endocytosis2_baseline_zero_diffusion0000-0012,3.8,26,1.2294891621106874,1.291260487433623
run-endocytosis2_baseline_zero_diffusion0000-0013,3.8,245,0.9434318155644107,1.4679134183426048
run-endocytosis2_baseline_zero_diffusion0000-0014,3.8,130,1.26291517408262,1.3578485861950258
run-endocytosis2_baseline_zero_diffusion0000-0015,3.8,9,0.7158897873992502,0.6769441651339684
run-endocytosis2_baseline_zero_diffusion0000-0016,3.8,132,0.8416190724427212,1.484080769914105
run-endocytosis2_baseline_zero_diffusion0000-0017,3.8,170,0.7710473418643802,1.485786310503159
run-endocytosis2_baseline_zero_diffusion0000-0018,3.8,108,1.233925829744505,1.4308741586838456
run-endocytosis2_baseline_zero_diffusion0000-0019,3.8,417,0.9193828534140542,1.4886615215628782
run-endocytosis2_baseline_zero_diffusion0000-0020,3.8,12,0.5889147481865407,0.9624759926822242
run-endocytosis2_baseline_zero_diffusion0000-0021,3.8,196,0.6935395957953597,1.4861873845852704
run-endocytosis2_baseline_zero_diffusion0000-0022,3.8,302,1.0104332061044214,1.4307823592279574
run-endocytosis2_baseline_zero_diffusion0000-0023,3.8,286,1.1192153761267718,1.5158799397278497
run-endocytosis2_baseline_zero_diffusion0000-0024,3.8,69,1.158669673753013,1.462803428646133
run-endocytosis2_baseline_zero_diffusion0000-0025,3.8,98,0.6802102947411435,1.4064508860116893
run-endocytosis2_baseline_zero_diffusion0000-0027,3.8,92,0.5891468967974496,1.4044210191647224
run-endocytosis2_baseline_zero_diffusion0000-0028,3.8,156,1.4200893343610559,1.4256415846768222
run-endocytosis2_baseline_zero_diffusion0000-0029,3.8,154,0.7006778079294083,1.4534682627400044
run-endocytosis2_baseline_zero_diffusion0000-0030,3.8,226,1.1334246541576931,1.3846651424977832
run-endocytosis2_baseline_zero_diffusion0000-0031,3.8,159,0.8178425747705361,1.4761854549949414
run-endocytosis2_baseline_zero_diffusion0000-0032,3.8,204,0.920346893827556,1.4555096966530192
run-endocytosis2_baseline_zero_diffusion0000-0033,3.8,121,0.7724874451348671,1.4796717427517803
run-endocytosis2_baseline_zero_diffusion0000-0034,3.8,5,0.20971094503060295,1.0349774323422183
run-endocytosis2_baseline_zero_diffusion0000-0035,3.8,11,0.9641934670575122,1.0164315956999332
run-endocytosis2_baseline_zero_diffusion0000-0037,3.8,20,0.7715667992614405,1.293610165950595
run-endocytosis2_baseline_zero_diffusion0000-0038,3.8,72,0.7815735707628438,1.270807998604421
run-endocytosis2_baseline_zero_diffusion0000-0039,3.8,61,1.0633454073447226,1.3622333265573794
run-endocytosis2_baseline_zero_diffusion0000-0041,3.8,411,1.1196836120674452,1.4659573319653305
run-endocytosis2_baseline_zero_diffusion0000-0042,3.8,234,0.7591693354400104,1.4966591692471627
run-endocytosis2_baseline_zero_diffusion0000-0043,3.8,14,0.8971044785199949,1.3368395570511349
run-endocytosis2_baseline_zero_diffusion0000-0044,3.8,537,1.0459548630309392,1.5040910327473307
run-endocytosis2_baseline_zero_diffusion0000-0046,3.8,17,0.7843235885904879,1.2791407794158964
run-endocytosis2_baseline_zero_diffusion0000-0047,3.8,98,1.0297596518579417,1.4515710064645773
run-endocytosis2_baseline_zero_diffusion0000-0048,3.8,129,0.89017337923048,1.5002576626490927
run-endocytosis2_baseline_zero_diffusion0000-0049,3.8,19,1.0208400787338392,1.3790950844835266
run-endocytosis2_baseline_zero_diffusion0000-0000,3.9,17,1.2448153533446926,1.365239089472448
run-endocytosis2_baseline_zero_diffusion0000-0001,3.9,176,0.7094270788249322,1.4331861726342483
run-endocytosis2_baseline_zero_diffusion0000-0002,3.9,59,1.128067736863751,1.4356495995496767
run-endocytosis2_baseline_zero_diffusion0000-0003,3.9,376,1.3693632090249463,1.4989121721231504
run-endocytosis2_baseline_zero_diffusion0000-0004,3.9,155,1.2524743846757662,1.4713780821830595
run-endocytosis2_baseline_zero_diffusion0000-0005,3.9,159,1.1529933970186899,1.4648700886955424
run-endocytosis2_baseline_zero_diffusion0000-0006,3.9,252,1.1602077377516757,1.435660899594576
run-endocytosis2_baseline_zero_diffusion0000-0007,3.9,135,1.2417927951881862,1.4164967611407644
run-endocytosis2_baseline_zero_diffusion0000-0008,3.9,55,0.7699457759049838,1.458905008730224
run-endocytosis2_baseline_zero_diffusion0000-0009,3.9,175,0.8989262104332267,1.504648738867559
run-endocytosis2_baseline_zero_diffusion0000-0010,3.9,410,0.8316039946797111,1.5293149962027424
run-endocytosis2_baseline_zero_diffusion0000-0011,3.9,37,1.1322780390093892,1.373628537096837
run-endocytosis2_baseline_zero_diffusion0000-0012,3.9,28,1.2314980375067044,1.2316519896933202
run-endocytosis2_baseline_zero_diffusion0000-0013,3.9,252,0.9342827023433623,1.493416233392027
run-endocytosis2_baseline_zero_diffusion0000-0014,3.9,130,1.3005839025760249,1.3970595689430285
run-endocytosis2_baseline_zero_diffusion0000-0015,3.9,9,0.7739052540185574,1.0367756261981547
run-endocytosis2_baseline_zero_diffusion0000-0016,3.9,132,0.8938408957382398,1.4833846004836253
run-endocytosis2_baseline_zero_diffusion0000-0017,3.9,180,0.6979590017114747,1.4685450289354478
run-endocytosis2_baseline_zero_diffusion0000-0018,3.9,114,1.2923946366418266,1.4437043617610716
run-endocytosis2_baseline_zero_diffusion0000-0019,3.9,427,0.8601268479128914,1.5007829103868369
run-endocytosis2_baseline_zero_diffusion0000-0020,3.9,12,0.6833382057061033,1.2753177112937821
run-endocytosis2_baseline_zero_diffusion0000-0021,3.9,197,0.7193017656508943,1.473534504835929
run-endocytosis2_baseline_zero_diffusion0000-0022,3.9,323,1.0832048321426937,1.5106405515520671
run-endocytosis2_baseline_zero_diffusion0000-0023,3.9,299,1.1338564853940414,1.5268818582758794
run-endocytosis2_baseline_zero_diffusion0000-0024,3.9,69,1.1810796930026526,1.4368645365322057
run-endocytosis2_baseline_zero_diffusion0000-0025,3.9,103,0.5970006237906254,1.4061453648559872
run-endocytosis2_baseline_zero_diffusion0000-0027,3.9,92,0.5443770159888612,1.4405197253454085
run-endocytosis2_baseline_zero_diffusion0000-0028,3.9,157,1.4196791758370206,1.4703928649831817
run-endocytosis2_baseline_zero_diffusion0000-0029,3.9,166,0.7323773030370165,1.438507087977539
run-endocytosis2_baseline_zero_diffusion0000-0030,3.9,235,1.1573614650730082,1.4718693338576756
run-endocytosis2_baseline_zero_diffusion0000-0031,3.9,166,0.8198504845989854,1.4751424246893
run-endocytosis2_baseline_zero_diffusion0000-0032,3.9,213,0.9798219854212803,1.4752772610224112
run-endocytosis2_baseline_zero_diffusion0000-0033,3.9,123,0.9053529861536004,1.465074620537926
run-endocytosis2_baseline_zero_diffusion0000-0034,3.9,5,0.17340516763934533,0.9205849342951603
run-endocytosis2_baseline_zero_diffusion0000-0035,3.9,11,0.9771099477533589,0.6952436931631997
run-endocytosis2_baseline_zero_diffusion0000-0037,3.9,27,0.6586602228539102,1.3798705318019713
run-endocytosis2_baseline_zero_diffusion0000-0038,3.9,72,0.8529169007089114,1.3318418755980208
run-endocytosis2_baseline_zero_diffusion0000-0039,3.9,61,1.1114111292387994,1.391160666497455
run-endocytosis2_baseline_zero_diffusion0000-0041,3.9,420,1.1566111465554294,1.4527335457072057
run-endocytosis2_baseline_zero_diffusion0000-0042,3.9,257,0.6964589933449865,1.5150669024999097
run-endocytosis2_baseline_zero_diffusion0000-0043,3.9,4,0.15718097143081056,1.0543082037567746
run-endocytosis2_baseline_zero_diffusion0000-0044,3.9,557,1.0508658416989043,1.5172524228972615
run-endocytosis2_baseline_zero_diffusion0000-0046,3.9,17,0.8048852496191191,0.9919340416231456
run-endocytosis2_baseline_zero_diffusion0000-0047,3.9,98,1.016531317339596,1.4318117082588084
run-endocytosis2_baseline_zero_diffusion0000-0048,3.9,138,0.9693279806434497,1.46701263825654
run-endocytosis2_baseline_zero_diffusion0000-0049,3.9,19,1.0331553078084788,1.2481356444942249
run-endocytosis2_baseline_zero_diffusion0000-0000,4.0,17,1.1876728798689866,1.2495028912970505
run-endocytosis2_baseline_zero_diffusion0000-0001,4.0,178,0.6803719466816764,1.4815523004024143
run-endocytosis2_baseline_zero_diffusion0000-0002,4.0,59,1.0890664363132438,1.4369921693354943
run-endocytosis2_baseline_zero_diffusion0000-0003,4.0,393,1.376165212388385,1.5120674517918347
run-endocytosis2_baseline_zero_diffusion0000-0004,4.0,155,1.1573483972204353,1.4702878208711436
run-endocytosis2_baseline_zero_diffusion0000-0005,4.0,169,1.178788902855752,1.4880268158505658
run-endocytosis2_baseline_zero_diffusion0000-0006,4.0,258,1.1861671726306535,1.4960966196968726
run-endocytosis2_baseline_zero_diffusion0000-0007,4.0,144,1.2035219039755547,1.4181819247366905
run-endocytosis2_baseline_zero_diffusion0000-0008,4.0,55,0.8713971337591933,1.4079613194375313
run-endocytosis2_baseline_zero_diffusion0000-0009,4.0,179,0.8326232942044963,1.4629106016630598
run-endocytosis2_baseline_zero_diffusion0000-0010,4.0,437,0.8500103127147969,1.444822770564621
run-endocytosis2_baseline_zero_diffusion0000-0011,4.0,37,1.1467762100107282,1.201463447138709
run-endocytosis2_baseline_zero_diffusion0000-0012,4.0,28,1.2572744103710682,1.3046675114911563
run-endocytosis2_baseline_zero_diffusion0000-0013,4.0,252,0.9348996613764181,1.4759616068393737
run-endocytosis2_baseline_zero_diffusion0000-0014,4.0,127,1.3116372568248151,1.4627515168631116
run-endocytosis2_baseline_zero_diffusion0000-0015,4.0,9,0.7881872618625192,0.9129073736585047
run-endocytosis2_baseline_zero_diffusion0000-0016,4.0,132,0.8297797959787934,1.4262297790506597
run-endocytosis2_baseline_zero_diffusion0000-0017,4.0,186,0.6269451830814581,1.5110261071609143
run-endocytosis2_baseline_zero_diffusion0000-0018,4.0,115,1.3064711630017907,1.4583133113429818
run-endocytosis2_baseline_zero_diffusion0000-0019,4.0,440,0.9042075996408813,1.5107113065018731
run-endocytosis2_baseline_zero_diffusion0000-0020,4.0,12,0.6897408133396428,1.1101011594861458
run-endocytosis2_baseline_zero_diffusion0000-0021,4.0,200,0.7472839536679352,1.422029552854937
run-endocytosis2_baseline_zero_diffusion0000-0022,4.0,340,1.0667650662065093,1.4889086068779975
run-endocytosis2_baseline_zero_diffusion0000-0023,4.0,302,1.1131670327566912,1.4592507441096738
run-endocytosis2_baseline_zero_diffusion0000-0024,4.0,88,1.125993374953275,1.4716676394128345
run-endocytosis2_baseline_zero_diffusion0000-0025,4.0,103,0.6578704085833224,1.370583026952598
run-endocytosis2_baseline_zero_diffusion0000-0027,4.0,92,0.698587157207994,1.391783827963278
run-endocytosis2_baseline_zero_diffusion0000-0028,4.0,117,1.1912659522475528,1.4403470794016375
run-endocytosis2_baseline_zero_diffusion0000-0029,4.0,174,0.7984334061053082,1.4631425256409736
run-endocytosis2_baseline_zero_diffusion0000-0030,4.0,240,1.100399053322504,1.456010929182557
run-endocytosis2_baseline_zero_diffusion0000-0031,4.0,176,0.8365013116792572,1.41289096612564
run-endocytosis2_baseline_zero_diffusion0000-0032,4.0,220,1.001089631725887,1.4509611804013163
run-endocytosis2_baseline_zero_diffusion0000-0033,4.0,130,0.8674323027674358,1.3807138490458797
run-endocytosis2_baseline_zero_diffusion0000-0034,4.0,5,0.1397859708746414,0.61910968498298
run-endocytosis2_baseline_zero_diffusion0000-0035,4.0,11,0.9367421951679873,0.9108528270139475
run-endocytosis2_baseline_zero_diffusion0000-0037,4.0,27,0.6721281911173685,1.3811359116210271
run-endocytosis2_baseline_zero_diffusion0000-0038,4.0,72,0.914895430830243,1.4313732923271834
run-endocytosis2_baseline_zero_diffusion0000-0039,4.0,61,1.1322369112157065,1.4625355748859101
run-endocytosis2_baseline_zero_diffusion0000-0041,4.0,432,1.1321883777063064,1.5236601261910891
run-endocytosis2_baseline_zero_diffusion0000-0042,4.0,279,0.6514491442089076,1.5118012538497774
run-endocytosis2_baseline_zero_diffusion0000-0043,4.0,4,0.15767589089442358,1.1183849005225426
run-endocytosis2_baseline_zero_diffusion0000-0044,4.0,584,1.0869551501531127,1.5217798150749813
run-endocytosis2_baseline_zero_diffusion0000-0046,4.0,17,0.8290113271411708,1.3201778742403474
run-endocytosis2_baseline_zero_diffusion0000-0047,4.0,98,0.9891866053967917,1.4423489843672965
run-endocytosis2_baseline_zero_diffusion0000-0048,4.0,140,0.9837372008246897,1.4791963836003195
run-endocytosis2_baseline_zero_diffusion0000-0049,4.0,19,1.035395393957582,1.0719014171952699
run-endocytosis2_baseline_zero_diffusion0000-0000,4.1,17,1.1988688218094086,1.1348643677958083
run-endocytosis2_baseline_zero_diffusion0000-0001,4.1,178,0.7091557246646601,1.456603112548447
run-endocytosis2_baseline_zero_diffusion0000-0002,4.1,59,1.1705581860482441,1.4369027916408954
run-endocytosis2_baseline_zero_diffusion0000-0003,4.1,411,1.384305288855505,1.4896019265886034
run-endocytosis2_baseline_zero_diffusion0000-0004,4.1,155,1.168852218642476,1.4724575990606554
run-endocytosis2_baseline_zero_diffusion0000-0005,4.1,179,1.212058991829117,1.4969953405477328
run-endocytosis2_baseline_zero_diffusion0000-0006,4.1,259,1.2447454026777622,1.4732903640695878
run-endocytosis2_baseline_zero_diffusion0000-0007,4.1,154,1.1611875953082689,1.4381652962787908
run-endocytosis2_baseline_zero_diffusion0000-0008,4.1,63,0.8342742569417736,1.3308808471369786
run-endocytosis2_baseline_zero_diffusion0000-0009,4.1,179,0.8437189364480382,1.4084505909873697
run-endocytosis2_baseline_zero_diffusion0000-0010,4.1,457,0.9009274833534788,1.4966086104970282
run-endocytosis2_baseline_zero_diffusion0000-0011,4.1,37,1.1391701297405927,1.3858979733097887
run-endocytosis2_baseline_zero_diffusion0000-0012,4.1,28,1.3228556732568746,0.9293942212949292
run-endocytosis2_baseline_zero_diffusion0000-0013,4.1,252,0.916018563849925,1.4411175898698205
run-endocytosis2_baseline_zero_diffusion0000-0014,4.1,130,1.3111765923255905,1.4861977990160198
run-endocytosis2_baseline_zero_diffusion0000-0015,4.1,23,0.5338696301843004,1.3447239579562444
run-endocytosis2_baseline_zero_diffusion0000-0016,4.1,132,0.800410086571913,1.493877594155324
run-endocytosis2_baseline_zero_diffusion0000-0017,4.1,192,0.5984004085894277,1.4672149645911268
run-endocytosis2_baseline_zero_diffusion0000-0018,4.1,115,1.2519726541740561,1.3922292646169072
run-endocytosis2_baseline_zero_diffusion0000-0019,4.1,453,0.8790383785223578,1.4959084183290094
run-endocytosis2_baseline_zero_diffusion0000-0020,4.1,12,0.697621461407599,0.9596427555762993
run-endocytosis2_baseline_zero_diffusion0000-0021,4.1,200,0.6226042169496085,1.4731181786370713
run-endocytosis2_baseline_zero_diffusion0000-0022,4.1,354,1.1529550765618148,1.4543720738716943
run-endocytosis2_baseline_zero_diffusion0000-0023,4.1,305,1.1251188936838121,1.4763304140326607
run-endocytosis2_baseline_zero_diffusion0000-0024,4.1,88,1.1414746852332063,1.3973218094574573
run-endocytosis2_baseline_zero_diffusion0000-0025,4.1,103,0.6326343198666664,1.4569868032252344
run-endocytosis2_baseline_zero_diffusion0000-0027,4.1,92,0.7222565816544392,1.4524380218916118
run-endocytosis2_baseline_zero_diffusion0000-0028,4.1,166,1.3470176588580904,1.4629213442230686
run-endocytosis2_baseline_zero_diffusion0000-0029,4.1,188,0.7616321859799469,1.4823140107539687
run-endocytosis2_baseline_zero_diffusion0000-0030,4.1,248,1.066033240542043,1.4887972036422874
run-endocytosis2_baseline_zero_diffusion0000-0031,4.1,188,0.8368423863432047,1.4770034810133703
run-endocytosis2_baseline_zero_diffusion0000-0032,4.1,233,1.0028762329744507,1.5044968154136913
run-endocytosis2_baseline_zero_diffusion0000-0033,4.1,134,0.958628163443035,1.4556793372999772
run-endocytosis2_baseline_zero_diffusion0000-0034,4.1,5,0.11308003314358328,1.079305483249936
run-endocytosis2_baseline_zero_diffusion0000-0035,4.1,11,0.9692355170225482,1.0287998037093815
run-endocytosis2_baseline_zero_diffusion0000-0037,4.1,47,0.4978158853602319,1.3789357832280147
run-endocytosis2_baseline_zero_diffusion0000-0038,4.1,72,0.8556250818747991,1.448243484220568
run-endocytosis2_baseline_zero_diffusion0000-0039,4.1,61,1.117564668792866,1.3500961549174784
run-endocytosis2_baseline_zero_diffusion0000-0041,4.1,441,1.190139011813928,1.4916727671799932
run-endocytosis2_baseline_zero_diffusion0000-0042,4.1,304,0.6715797299218872,1.4699946360479395
run-endocytosis2_baseline_zero_diffusion0000-0043,4.1,4,0.1383186494676103,0.5268961795528313
run-endocytosis2_baseline_zero_diffusion0000-0044,4.1,600,1.1127142538780639,1.5073806967586347
run-endocytosis2_baseline_zero_diffusion0000-0046,4.1,17,0.8007968541744583,1.1235317288329112
run-endocytosis2_baseline_zero_diffusion0000-0047,4.1,91,1.0092640086407716,1.4250857361980733
run-endocytosis2_baseline_zero_diffusion0000-0048,4.1,137,0.9905208913968547,1.4509245698201383
run-endocytosis2_baseline_zero_diffusion0000-0049,4.1,19,1.0285675642571566,1.327645589986044
run-endocytosis2_baseline_zero_diffusion0000-0000,4.2,17,1.1890194752315866,1.3529157153703957
run-endocytosis2_baseline_zero_diffusion0000-0001,4.2,181,0.6403527422427455,1.4655853942780372
run-endocytosis2_baseline_zero_diffusion0000-0002,4.2,59,1.2118950686926384,1.4397954789059255
run-endocytosis2_baseline_zero_diffusion0000-0003,4.2,419,1.4066891945625635,1.4997045048632147
run-endocytosis2_baseline_zero_diffusion0000-0004,4.2,159,1.157726628007977,1.435036179174408
run-endocytosis2_baseline_zero_diffusion0000-0005,4.2,189,1.2345399730110138,1.422671570744162
run-endocytosis2_baseline_zero_diffusion0000-0006,4.2,259,1.2524869168198713,1.4973524547222588
run-endocytosis2_baseline_zero_diffusion0000-0007,4.2,156,1.1383716549792975,1.4793446995755883
run-endocytosis2_baseline_zero_diffusion0000-0008,4.2,69,0.7081396643175223,1.4473651979833644
run-endocytosis2_baseline_zero_diffusion0000-0009,4.2,179,0.7928155631143116,1.4387896607875181
run-endocytosis2_baseline_zero_diffusion0000-0010,4.2,467,0.8794471533599675,1.5278902146053406
run-endocytosis2_baseline_zero_diffusion0000-0011,4.2,37,1.1120945920251906,1.2953635867109465
run-endocytosis2_baseline_zero_diffusion0000-0012,4.2,28,1.3548305282328152,1.3444378060862312
run-endocytosis2_baseline_zero_diffusion0000-0013,4.2,252,0.9225778611182855,1.4835660066523335
run-endocytosis2_baseline_zero_diffusion0000-0014,4.2,130,1.3037307557473496,1.440806858722749
run-endocytosis2_baseline_zero_diffusion0000-0015,4.2,23,0.586593066498777,1.4001572952268069
run-endocytosis2_baseline_zero_diffusion0000-0016,4.2,132,0.7748348156005281,1.4876862597263052
run-endocytosis2_baseline_zero_diffusion0000-0017,4.2,197,0.5668991929647866,1.4838918299932682
run-endocytosis2_baseline_zero_diffusion0000-0018,4.2,115,1.3285640223487722,1.4405763516906287
run-endocytosis2_baseline_zero_diffusion0000-0019,4.2,464,0.9032039467554365,1.4818614807304589
run-endocytosis2_baseline_zero_diffusion0000-0020,4.2,12,0.7169394845929246,1.183011047901382
run-endocytosis2_baseline_zero_diffusion0000-0021,4.2,206,0.6366587587924519,1.498135494249156
run-endocytosis2_baseline_zero_diffusion0000-0022,4.2,360,1.069318321953914,1.51343027830798
run-endocytosis2_baseline_zero_diffusion0000-0023,4.2,300,1.1143652382350386,1.5100433859911466
run-endocytosis2_baseline_zero_diffusion0000-0024,4.2,69,1.2219126194742278,1.4232027034738826
run-endocytosis2_baseline_zero_diffusion0000-0025,4.2,106,0.677444161357766,1.4673674427498533
run-endocytosis2_baseline_zero_diffusion0000-0027,4.2,92,0.7632399120474467,1.3970511873995437
run-endocytosis2_baseline_zero_diffusion0000-0028,4.2,171,1.3731505564816735,1.4832471353659318
run-endocytosis2_baseline_zero_diffusion0000-0029,4.2,199,0.7644718936369501,1.5005794491887787
run-endocytosis2_baseline_zero_diffusion0000-0030,4.2,259,1.0812633570072954,1.4542244958351953
run-endocytosis2_baseline_zero_diffusion0000-0031,4.2,193,0.8039141509643586,1.4838936013507305
run-endocytosis2_baseline_zero_diffusion0000-0032,4.2,241,1.0086134958823236,1.4279507547673167
run-endocytosis2_baseline_zero_diffusion0000-0033,4.2,134,1.0800333551167214,1.4314406379717122
run-endocytosis2_baseline_zero_diffusion0000-0034,4.2,5,0.11910982931140746,0.9326581044592295
run-endocytosis2_baseline_zero_diffusion0000-0035,4.2,11,0.9803546076496761,1.2294341339944759
run-endocytosis2_baseline_zero_diffusion0000-0037,4.2,50,0.41427994222720965,1.424067494059808
run-endocytosis2_baseline_zero_diffusion0000-0038,4.2,72,0.8353849577715032,1.4200044653499677
run-endocytosis2_baseline_zero_diffusion0000-0039,4.2,61,1.1103283804085105,1.4202453247224902
run-endocytosis2_baseline_zero_diffusion0000-0041,4.2,464,1.134966094537991,1.5080059995655528
run-endocytosis2_baseline_zero_diffusion0000-0042,4.2,320,0.6832641105229768,1.4189222264133559
run-endocytosis2_baseline_zero_diffusion0000-0043,4.2,4,0.11028675201816962,0.3456401164102225
run-endocytosis2_baseline_zero_diffusion0000-0044,4.2,614,1.0736883617389037,1.5271982973119316
run-endocytosis2_baseline_zero_diffusion0000-0046,4.2,17,0.7922132351712097,1.1499612356995068
run-endocytosis2_baseline_zero_diffusion0000-0047,4.2,91,1.0403691450588286,1.3448866198474712
run-endocytosis2_baseline_zero_diffusion0000-0048,4.2,140,0.9884607515478824,1.3950385880022294
run-endocytosis2_baseline_zero_diffusion0000-0049,4.2,19,1.049415726346871,1.02866000828817
run-endocytosis2_baseline_zero_diffusion0000-0000,4.3,17,1.2219702165814843,1.1619451330707968
run-endocytosis2_baseline_zero_diffusion0000-0001,4.3,188,0.6743989133120732,1.4724115772763782
run-endocytosis2_baseline_zero_diffusion0000-0002,4.3,59,1.215226141589728,1.2609801142933403
run-endocytosis2_baseline_zero_diffusion0000-0003,4.3,419,1.399342845037399,1.4453550226888476
run-endocytosis2_baseline_zero_diffusion0000-0004,4.3,159,1.2138994137740908,1.4625727588904234
run-endocytosis2_baseline_zero_diffusion0000-0005,4.3,204,1.230496013026533,1.4811736690342463
run-endocytosis2_baseline_zero_diffusion0000-0006,4.3,262,1.2935071075939943,1.5092759346124038
run-endocytosis2_baseline_zero_diffusion0000-0007,4.3,156,1.120341906743255,1.4202610808829343
run-endocytosis2_baseline_zero_diffusion0000-0008,4.3,71,0.6974322209761437,1.4182473484135691
run-endocytosis2_baseline_zero_diffusion0000-0009,4.3,179,0.8016708878383417,1.5034801135752
run-endocytosis2_baseline_zero_diffusion0000-0010,4.3,480,0.8949035651282414,1.4826943374980956
run-endocytosis2_baseline_zero_diffusion0000-0011,4.3,37,1.156444524279852,1.2917406481747906
run-endocytosis2_baseline_zero_diffusion0000-0012,4.3,47,1.1075973639298995,1.3942804150620092
run-endocytosis2_baseline_zero_diffusion0000-0013,4.3,259,0.8708295778318474,1.5013528345799174
run-endocytosis2_baseline_zero_diffusion0000-0014,4.3,130,1.2914743100568447,1.4287655644105635
run-endocytosis2_baseline_zero_diffusion0000-0015,4.3,23,0.5440738250108854,1.0396965664605462
run-endocytosis2_baseline_zero_diffusion0000-0016,4.3,132,0.8017440383402561,1.4732204912179823
run-endocytosis2_baseline_zero_diffusion0000-0017,4.3,206,0.5866059155151903,1.4470515397938575
run-endocytosis2_baseline_zero_diffusion0000-0018,4.3,115,1.378260441368626,1.4583621869202916
run-endocytosis2_baseline_zero_diffusion0000-0019,4.3,479,0.8626385919841777,1.4896992109906795
run-endocytosis2_baseline_zero_diffusion0000-0020,4.3,12,0.6838543748150416,1.139185762449289
run-endocytosis2_baseline_zero_diffusion0000-0021,4.3,217,0.6471562926603125,1.5095793338090266
run-endocytosis2_baseline_zero_diffusion0000-0022,4.3,367,1.0998215066619368,1.4962107682340262
run-endocytosis2_baseline_zero_diffusion0000-0023,4.3,300,1.0389937406716263,1.485124256645429
run-endocytosis2_baseline_zero_diffusion0000-0024,4.3,69,1.2513944076281724,1.4791909950014461
run-endocytosis2_baseline_zero_diffusion0000-0025,4.3,119,0.5915455814000984,1.4481844967594024
run-endocytosis2_baseline_zero_diffusion0000-0027,4.3,92,0.748263375408487,1.3993843627716924
run-endocytosis2_baseline_zero_diffusion0000-0028,4.3,175,1.379855582723763,1.4239025154647766
run-endocytosis2_baseline_zero_diffusion0000-0029,4.3,213,0.8136912537329343,1.466732117460429
run-endocytosis2_baseline_zero_diffusion0000-0030,4.3,272,1.1402045400167322,1.5249624632619472
run-endocytosis2_baseline_zero_diffusion0000-0031,4.3,195,0.8156815327201761,1.474767999721628
run-endocytosis2_baseline_zero_diffusion0000-0032,4.3,249,0.9739794638111946,1.4820762241434449
run-endocytosis2_baseline_zero_diffusion0000-0033,4.3,134,1.0940899232304506,1.427778012617733
run-endocytosis2_baseline_zero_diffusion0000-0034,4.3,22,1.1261970828087386,1.3853401606518574
run-endocytosis2_baseline_zero_diffusion0000-0035,4.3,11,0.9695059014580372,1.20338869057778
run-endocytosis2_baseline_zero_diffusion0000-0037,4.3,50,0.46053587387102657,1.3734753497327747
run-endocytosis2_baseline_zero_diffusion0000-0038,4.3,72,0.7605871917750443,1.4403116370632378
run-endocytosis2_baseline_zero_diffusion0000-0039,4.3,61,1.0964460377044933,1.4327651717138432
run-endocytosis2_baseline_zero_diffusion0000-0041,4.3,489,1.1889185717306838,1.518993651515545
run-endocytosis2_baseline_zero_diffusion0000-0042,4.3,326,0.7008873602412831,1.4574308710702741
run-endocytosis2_baseline_zero_diffusion0000-0043,4.3,4,0.13134360997670047,0.9789062568770812
run-endocytosis2_baseline_zero_diffusion0000-0044,4.3,636,1.0476026447900408,1.5317357572738293
run-endocytosis2_baseline_zero_diffusion0000-0046,4.3,17,0.7577716143028917,1.2236809228332004
run-endocytosis2_baseline_zero_diffusion0000-0047,4.3,91,0.9545712551789849,1.4560085260878706
run-endocytosis2_baseline_zero_diffusion0000-0048,4.3,143,0.992675222300761,1.490275198308859
run-endocytosis2_baseline_zero_diffusion0000-0049,4.3,19,1.04929806480699,1.210584203881557
run-endocytosis2_baseline_zero_diffusion0000-0000,4.4,17,1.2221976128600103,1.3046639607653985
run-endocytosis2_baseline_zero_diffusion0000-0001,4.4,197,0.6922466716252437,1.4962136834071202
run-endocytosis2_baseline_zero_diffusion0000-0002,4.4,59,1.249596833926276,1.324072807299229
run-endocytosis2_baseline_zero_diffusion0000-0003,4.4,419,1.397630866498339,1.4606560167964295
run-endocytosis2_baseline_zero_diffusion0000-0004,4.4,159,1.2436689610526135,1.3886719873017577
run-endocytosis2_baseline_zero_diffusion0000-0005,4.4,213,1.2305242500442326,1.4827898467361504
run-endocytosis2_baseline_zero_diffusion0000-0006,4.4,268,1.282599150973118,1.477086623814937
run-endocytosis2_baseline_zero_diffusion0000-0007,4.4,164,1.1446412390693992,1.424200384770579
run-endocytosis2_baseline_zero_diffusion0000-0008,4.4,74,0.7417038926540898,1.3712018496854261
run-endocytosis2_baseline_zero_diffusion0000-0009,4.4,179,0.831691145738828,1.4760883720356321
run-endocytosis2_baseline_zero_diffusion0000-0010,4.4,495,0.9119583370225031,1.5341157701957693
run-endocytosis2_baseline_zero_diffusion0000-0011,4.4,37,1.1822043769603936,1.3411542122150857
run-endocytosis2_baseline_zero_diffusion0000-0012,4.4,47,1.1096974499211614,1.428398448181913
run-endocytosis2_baseline_zero_diffusion0000-0013,4.4,269,0.8852829005524053,1.5269900768152762
run-endocytosis2_baseline_zero_diffusion0000-0014,4.4,130,1.302592192181887,1.3752884811682522
run-endocytosis2_baseline_zero_diffusion0000-0015,4.4,23,0.5926765495025701,1.3250032046908353
run-endocytosis2_baseline_zero_diffusion0000-0016,4.4,132,0.768394454320503,1.4903112909389278
run-endocytosis2_baseline_zero_diffusion0000-0017,4.4,218,0.6267810650360319,1.4416904811104612
run-endocytosis2_baseline_zero_diffusion0000-0018,4.4,115,1.3157819887161408,1.418941610347808
run-endocytosis2_baseline_zero_diffusion0000-0019,4.4,496,0.8335640508770954,1.5064310306820294
run-endocytosis2_baseline_zero_diffusion0000-0020,4.4,12,0.6989449311518986,0.951300592066547
run-endocytosis2_baseline_zero_diffusion0000-0021,4.4,238,0.6330753278403204,1.4387643355565856
run-endocytosis2_baseline_zero_diffusion0000-0022,4.4,373,1.0551643109113567,1.5028323527264515
run-endocytosis2_baseline_zero_diffusion0000-0023,4.4,302,1.1077051034448453,1.4614496322221093
run-endocytosis2_baseline_zero_diffusion0000-0024,4.4,69,1.2642140932365047,1.422443344236272
run-endocytosis2_baseline_zero_diffusion0000-0025,4.4,126,0.5188787714003726,1.428757706217358
run-endocytosis2_baseline_zero_diffusion0000-0027,4.4,92,0.706555255951389,1.464365612492448
run-endocytosis2_baseline_zero_diffusion0000-0028,4.4,175,1.392247096025323,1.500180368589031
run-endocytosis2_baseline_zero_diffusion0000-0029,4.4,224,0.7940095879442741,1.4912892710163552
run-endocytosis2_baseline_zero_diffusion0000-0030,4.4,288,1.1196545328463656,1.420722304122235
run-endocytosis2_baseline_zero_diffusion0000-0031,4.4,209,0.8593251099025478,1.4826601497194865
run-endocytosis2_baseline_zero_diffusion0000-0032,4.4,265,0.9418899485810062,1.4683799339324726
run-endocytosis2_baseline_zero_diffusion0000-0033,4.4,139,0.9761689713059506,1.4613680025526377
run-endocytosis2_baseline_zero_diffusion0000-0034,4.4,22,1.1880470370673362,1.08237310357318
run-endocytosis2_baseline_zero_diffusion0000-0035,4.4,11,0.9904156861797894,1.2752542733293946
run-endocytosis2_baseline_zero_diffusion0000-0037,4.4,52,0.40613600099428715,1.4274655808834495
run-endocytosis2_baseline_zero_diffusion0000-0038,4.4,72,0.8674927417723058,1.3689552348302456
run-endocytosis2_baseline_zero_diffusion0000-0039,4.4,61,1.0060220586065942,1.403892450423202
run-endocytosis2_baseline_zero_diffusion0000-0041,4.4,504,1.189891542880651,1.5012381721508783
run-endocytosis2_baseline_zero_diffusion0000-0042,4.4,329,0.7496628836126826,1.484760293331193
run-endocytosis2_baseline_zero_diffusion0000-0043,4.4,4,0.06868916192256003,0.7594495052705975
run-endocytosis2_baseline_zero_diffusion0000-0044,4.4,658,1.0263528599034215,1.493935260778765
run-endocytosis2_baseline_zero_diffusion0000-0046,4.4,17,0.7727581925767757,1.3436807442203842
run-endocytosis2_baseline_zero_diffusion0000-0047,4.4,91,1.0896446210146797,1.4086095190180001
run-endocytosis2_baseline_zero_diffusion0000-0048,4.4,143,1.0301853042554292,1.4633840852540105
run-endocytosis2_baseline_zero_diffusion0000-0049,4.4,19,1.0452273878062877,1.273680287206669
run-endocytosis2_baseline_zero_diffusion0000-0000,4.5,17,1.2341370582556621,1.288059061228579
run-endocytosis2_baseline_zero_diffusion0000-0001,4.5,203,0.8242113009446123,1.4956430845283955
run-endocytosis2_baseline_zero_diffusion0000-0002,4.5,59,1.2387519267979263,1.4346918869452567
run-endocytosis2_baseline_zero_diffusion0000-0003,4.5,428,1.3670782117701779,1.4400222748554137
run-endocytosis2_baseline_zero_diffusion0000-0004,4.5,159,1.2254165571230025,1.4594040586066899
run-endocytosis2_baseline_zero_diffusion0000-0005,4.5,221,1.2290266745668679,1.4510221034335036
run-endocytosis2_baseline_zero_diffusion0000-0006,4.5,278,1.3772336605608955,1.5106884000924257
run-endocytosis2_baseline_zero_diffusion0000-0007,4.5,166,1.1329630522243619,1.447033270222717
run-endocytosis2_baseline_zero_diffusion0000-0008,4.5,74,0.63161562565674,1.3550763302195712
run-endocytosis2_baseline_zero_diffusion0000-0009,4.5,179,0.9020337859202424,1.4116593963346054
run-endocytosis2_baseline_zero_diffusion0000-0010,4.5,509,0.9606078005993673,1.5097024243824206
run-endocytosis2_baseline_zero_diffusion0000-0011,4.5,37,1.1896557512086212,1.4142731588199553
run-endocytosis2_baseline_zero_diffusion0000-0012,4.5,35,1.3432599926273956,1.3704630279558856
run-endocytosis2_baseline_zero_diffusion0000-0013,4.5,271,0.8961065194003078,1.4742474951167748
run-endocytosis2_baseline_zero_diffusion0000-0014,4.5,130,1.3009640537212215,1.3797572277659664
run-endocytosis2_baseline_zero_diffusion0000-0015,4.5,23,0.6451344766904823,1.2203856878196655
run-endocytosis2_baseline_zero_diffusion0000-0016,4.5,135,0.7673569268992432,1.4240849636276443
run-endocytosis2_baseline_zero_diffusion0000-0017,4.5,224,0.6838683163653861,1.4544714006402435
run-endocytosis2_baseline_zero_diffusion0000-0018,4.5,115,1.3365821437758,1.3633019743648356
run-endocytosis2_baseline_zero_diffusion0000-0019,4.5,522,0.8495387966342888,1.4805786116037771
run-endocytosis2_baseline_zero_diffusion0000-0020,4.5,12,0.6953702761607681,1.0495022319280451
run-endocytosis2_baseline_zero_diffusion0000-0021,4.5,250,0.6963283793674584,1.4754744635975945
run-endocytosis2_baseline_zero_diffusion0000-0022,4.5,382,1.0666862453434875,1.5214715513681147
run-endocytosis2_baseline_zero_diffusion0000-0023,4.5,302,1.066748921744495,1.4757974781133767
run-endocytosis2_baseline_zero_diffusion0000-0024,4.5,69,1.3018701948419562,1.241476057640087
run-endocytosis2_baseline_zero_diffusion0000-0025,4.5,136,0.5750285912648184,1.4625067136998258
run-endocytosis2_baseline_zero_diffusion0000-0027,4.5,92,0.7682144088598135,1.4153712490000872
run-endocytosis2_baseline_zero_diffusion0000-0028,4.5,175,1.4100321287154038,1.5074959914869057
run-endocytosis2_baseline_zero_diffusion0000-0029,4.5,232,0.9149929573172344,1.4869513075714333
run-endocytosis2_baseline_zero_diffusion0000-0030,4.5,299,1.1203176622222297,1.504291536197787
run-endocytosis2_baseline_zero_diffusion0000-0031,4.5,211,0.8318569104596282,1.480383563236475
run-endocytosis2_baseline_zero_diffusion0000-0032,4.5,284,0.9717004350303972,1.470481979314398
run-endocytosis2_baseline_zero_diffusion0000-0033,4.5,150,1.136931113938634,1.4749470697567222
run-endocytosis2_baseline_zero_diffusion0000-0034,4.5,22,1.1512112754803694,1.1245788475643181
run-endocytosis2_baseline_zero_diffusion0000-0035,4.5,11,0.9598119355262643,1.3449578978088044
run-endocytosis2_baseline_zero_diffusion0000-0037,4.5,56,0.45077456173017394,1.3368046615064735
run-endocytosis2_baseline_zero_diffusion0000-0038,4.5,72,0.9505745449404096,1.3880863938138142
run-endocytosis2_baseline_zero_diffusion0000-0039,4.5,61,0.9745485916846294,1.38406460623435
run-endocytosis2_baseline_zero_diffusion0000-0041,4.5,515,1.2044412856837672,1.4883249775379377
run-endocytosis2_baseline_zero_diffusion0000-0042,4.5,329,0.7657385244066636,1.4926225313683112
run-endocytosis2_baseline_zero_diffusion0000-0043,4.5,4,0.061640294286805064,1.016493612812231
run-endocytosis2_baseline_zero_diffusion0000-0044,4.5,687,1.0753341039318618,1.520403077318127
run-endocytosis2_baseline_zero_diffusion0000-0046,4.5,17,0.7681701217143401,1.3082899318593753
run-endocytosis2_baseline_zero_diffusion0000-0047,4.5,98,1.1833502390220993,1.3992323496020542
run-endocytosis2_baseline_zero_diffusion0000-0048,4.5,148,1.0460718053969167,1.5086955682173286
run-endocytosis2_baseline_zero_diffusion0000-0049,4.5,19,1.0253624546601234,1.2231938596936256
run-endocytosis2_baseline_zero_diffusion0000-0000,4.6,17,1.2416724745626082,1.351971001461918
run-endocytosis2_baseline_zero_diffusion0000-0001,4.6,203,0.9392089099828922,1.4870744579045878
run-endocytosis2_baseline_zero_diffusion0000-0002,4.6,59,1.1914494426300375,1.3047127228934372
run-endocytosis2_baseline_zero_diffusion0000-0003,4.6,438,1.3636412300450858,1.5176415541610393
run-endocytosis2_baseline_zero_diffusion0000-0004,4.6,159,1.1677901371961636,1.5082694179639589
run-endocytosis2_baseline_zero_diffusion0000-0005,4.6,222,1.3158773300740836,1.4632075651846839
run-endocytosis2_baseline_zero_diffusion0000-0006,4.6,291,1.3590038718362238,1.4830076902546168
run-endocytosis2_baseline_zero_diffusion0000-0007,4.6,166,1.1102093212163795,1.4827484951383771
run-endocytosis2_baseline_zero_diffusion0000-0008,4.6,74,0.6652352572132096,1.409552095970246
run-endocytosis2_baseline_zero_diffusion0000-0009,4.6,179,0.8020023149451373,1.446668063197079
run-endocytosis2_baseline_zero_diffusion0000-0010,4.6,516,0.9682090761462202,1.5020696697046283
run-endocytosis2_baseline_zero_diffusion0000-0011,4.6,37,1.1426339392460005,1.4079684151362786
run-endocytosis2_baseline_zero_diffusion0000-0012,4.6,40,1.3037789861114377,1.4059729095093794
run-endocytosis2_baseline_zero_diffusion0000-0013,4.6,271,0.9423291808137573,1.5037543877624056
run-endocytosis2_baseline_zero_diffusion0000-0014,4.6,133,1.3209780487901028,1.5237304570868468
run-endocytosis2_baseline_zero_diffusion0000-0015,4.6,23,0.6086351641869423,1.1070804623954846
run-endocytosis2_baseline_zero_diffusion0000-0016,4.6,138,0.7848175908779693,1.424821736493936
run-endocytosis2_baseline_zero_diffusion0000-0017,4.6,232,0.7471342571932763,1.4863319902934324
run-endocytosis2_baseline_zero_diffusion0000-0018,4.6,115,1.3537727898498284,1.4521829343394963
run-endocytosis2_baseline_zero_diffusion0000-0019,4.6,538,0.8329506470936616,1.5005666305433158
run-endocytosis2_baseline_zero_diffusion0000-0020,4.6,12,0.689983100839304,0.8341042840383046
run-endocytosis2_baseline_zero_diffusion0000-0021,4.6,264,0.6626446544024235,1.4862309715514792
run-endocytosis2_baseline_zero_diffusion0000-0022,4.6,390,1.0560341752436098,1.5090272806758136
run-endocytosis2_baseline_zero_diffusion0000-0023,4.6,302,1.127999011609382,1.5104204067273264
run-endocytosis2_baseline_zero_diffusion0000-0024,4.6,69,1.242408677035549,1.3717656647285417
run-endocytosis2_baseline_zero_diffusion0000-0025,4.6,140,0.5568541341799524,1.4148806917063514
run-endocytosis2_baseline_zero_diffusion0000-0027,4.6,97,0.6697042254567852,1.4301593939854518
run-endocytosis2_baseline_zero_diffusion0000-0028,4.6,175,1.4551904310298636,1.47958595497133
run-endocytosis2_baseline_zero_diffusion0000-0029,4.6,238,1.0209087406666244,1.4954023494230904
run-endocytosis2_baseline_zero_diffusion0000-0030,4.6,337,1.1903392841223597,1.5224977712300547
run-endocytosis2_baseline_zero_diffusion0000-0031,4.6,211,0.8374653297713047,1.4871981145331605
run-endocytosis2_baseline_zero_diffusion0000-0032,4.6,301,0.925330900752098,1.4919548095219257
run-endocytosis2_baseline_zero_diffusion0000-0033,4.6,158,0.8979827572427191,1.4876616879522182
run-endocytosis2_baseline_zero_diffusion0000-0034,4.6,22,1.1967320986735661,1.1554925196112131
run-endocytosis2_baseline_zero_diffusion0000-0035,4.6,11,0.954504256467119,1.253413566611525
run-endocytosis2_baseline_zero_diffusion0000-0037,4.6,56,0.4001140915097823,1.4170698304205724
run-endocytosis2_baseline_zero_diffusion0000-0038,4.6,72,0.8022038492754275,1.4378433503597725
run-endocytosis2_baseline_zero_diffusion0000-0039,4.6,61,1.103054285227615,1.389139848759854
run-endocytosis2_baseline_zero_diffusion0000-0041,4.6,528,1.1661051431642873,1.480626663825994
run-endocytosis2_baseline_zero_diffusion0000-0042,4.6,329,0.8021139686669065,1.503817192473208
run-endocytosis2_baseline_zero_diffusion0000-0043,4.6,13,0.8144200263167946,1.3309301230458495
run-endocytosis2_baseline_zero_diffusion0000-0044,4.6,699,1.0672389356997782,1.4951766796034918
run-endocytosis2_baseline_zero_diffusion0000-0046,4.6,17,0.7683981403979409,1.2517364749889681
run-endocytosis2_baseline_zero_diffusion0000-0047,4.6,104,1.1983521885329638,1.4482877110381422
run-endocytosis2_baseline_zero_diffusion0000-0048,4.6,157,1.0530864886585407,1.4193409534318648
run-endocytosis2_baseline_zero_diffusion0000-0049,4.6,19,1.0356368007513368,1.069682890694794
run-endocytosis2_baseline_zero_diffusion0000-0000,4.7,17,1.2588736730237189,1.3763026919751722
run-endocytosis2_baseline_zero_diffusion0000-0001,4.7,214,0.9102103677904378,1.4254826669568326
run-endocytosis2_baseline_zero_diffusion0000-0002,4.7,59,1.224536065815442,1.3974919702382775
run-endocytosis2_baseline_zero_diffusion0000-0003,4.7,449,1.3300012610965473,1.4875965232670936
run-endocytosis2_baseline_zero_diffusion0000-0004,4.7,159,1.153598436517005,1.4854384747872658
run-endocytosis2_baseline_zero_diffusion0000-0005,4.7,222,1.274358903655701,1.5039863957396544
run-endocytosis2_baseline_zero_diffusion0000-0006,4.7,303,1.3610089328435335,1.475067364448332
run-endocytosis2_baseline_zero_diffusion0000-0007,4.7,173,1.0689926673619046,1.4972413080335298
run-endocytosis2_baseline_zero_diffusion0000-0008,4.7,74,0.5747357668663187,1.4069239395424844
run-endocytosis2_baseline_zero_diffusion0000-0009,4.7,179,0.7991747109673417,1.488165977514271
run-endocytosis2_baseline_zero_diffusion0000-0010,4.7,534,0.9806428598717003,1.5171772981636527
run-endocytosis2_baseline_zero_diffusion0000-0011,4.7,37,1.0973069642334146,1.3808116384244327
run-endocytosis2_baseline_zero_diffusion0000-0012,4.7,42,1.2399393537577355,1.3261343900560547
run-endocytosis2_baseline_zero_diffusion0000-0013,4.7,274,0.933740160329911,1.5305612578494387
run-endocytosis2_baseline_zero_diffusion0000-0014,4.7,133,1.3367920029127551,1.4686310695183153
run-endocytosis2_baseline_zero_diffusion0000-0015,4.7,23,0.6192677272999454,1.246436748428788
run-endocytosis2_baseline_zero_diffusion0000-0016,4.7,138,0.7588675246931355,1.3107265193018867
run-endocytosis2_baseline_zero_diffusion0000-0017,4.7,239,0.7484093243751119,1.4904564369052666
run-endocytosis2_baseline_zero_diffusion0000-0018,4.7,115,1.33925968583343,1.438419907004622
run-endocytosis2_baseline_zero_diffusion0000-0019,4.7,553,0.8207695739701063,1.4909460542872421
run-endocytosis2_baseline_zero_diffusion0000-0020,4.7,12,0.6873893175049346,1.3615397554538164
run-endocytosis2_baseline_zero_diffusion0000-0021,4.7,280,0.6425808487127621,1.487846058373638
run-endocytosis2_baseline_zero_diffusion0000-0022,4.7,394,1.0949934468101823,1.4945543380192556
run-endocytosis2_baseline_zero_diffusion0000-0023,4.7,302,1.0804689224471902,1.4362379914033103
run-endocytosis2_baseline_zero_diffusion0000-0024,4.7,69,1.3025159307646752,1.4329935132429332
run-endocytosis2_baseline_zero_diffusion0000-0025,4.7,141,0.5870472866499823,1.436573851609348
run-endocytosis2_baseline_zero_diffusion0000-0027,4.7,102,0.6977162934198807,1.4377929376894727
run-endocytosis2_baseline_zero_diffusion0000-0028,4.7,175,1.3962092729396915,1.5019114428602276
run-endocytosis2_baseline_zero_diffusion0000-0029,4.7,245,1.0126726601048013,1.4684229489622473
run-endocytosis2_baseline_zero_diffusion0000-0030,4.7,342,1.2443836614209145,1.4948312376328452
run-endocytosis2_baseline_zero_diffusion0000-0031,4.7,211,0.8360764017277424,1.5076509834355163
run-endocytosis2_baseline_zero_diffusion0000-0032,4.7,316,0.9946639509547451,1.5335613525667173
run-endocytosis2_baseline_zero_diffusion0000-0033,4.7,163,1.162014377825729,1.4739994731622514
run-endocytosis2_baseline_zero_diffusion0000-0034,4.7,22,1.2068973714130315,1.3204258330146899
run-endocytosis2_baseline_zero_diffusion0000-0035,4.7,11,0.9700907426452106,1.2732779007951294
run-endocytosis2_baseline_zero_diffusion0000-0037,4.7,56,0.47281879645322733,1.2671282621097308
run-endocytosis2_baseline_zero_diffusion0000-0038,4.7,72,0.8016413935191173,1.3607080038747617
run-endocytosis2_baseline_zero_diffusion0000-0039,4.7,61,0.9663259445530852,1.403390612826976
run-endocytosis2_baseline_zero_diffusion0000-0041,4.7,538,1.134641083464703,1.5366586124035841
run-endocytosis2_baseline_zero_diffusion0000-0042,4.7,329,0.763949633471996,1.5000426794184403
run-endocytosis2_baseline_zero_diffusion0000-0043,4.7,13,0.7343016881661266,0.885301992099306
run-endocytosis2_baseline_zero_diffusion0000-0044,4.7,707,1.0296922002281086,1.4871571098465117
run-endocytosis2_baseline_zero_diffusion0000-0046,4.7,17,0.7417476674785877,1.1431978952334063
run-endocytosis2_baseline_zero_diffusion0000-0047,4.7,107,1.293440253015512,1.397620663503902
run-endocytosis2_baseline_zero_diffusion0000-0048,4.7,161,1.044959112689611,1.4729207180417905
run-endocytosis2_baseline_zero_diffusion0000-0049,4.7,19,1.028702827516315,1.365967244278961
run-endocytosis2_baseline_zero_diffusion0000-0000,4.8,17,1.2465519210951261,1.2822104390533315
run-endocytosis2_baseline_zero_diffusion0000-0001,4.8,222,0.8499920761233161,1.4445228117572693
run-endocytosis2_baseline_zero_diffusion0000-0002,4.8,59,1.2362204441252311,1.2584499145199737
run-endocytosis2_baseline_zero_diffusion0000-0003,4.8,459,1.246207250994423,1.4950192864623684
run-endocytosis2_baseline_zero_diffusion0000-0004,4.8,159,1.0485154096272664,1.5182161313102576
run-endocytosis2_baseline_zero_diffusion0000-0005,4.8,222,1.310782633734337,1.4810651746032972
run-endocytosis2_baseline_zero_diffusion0000-0006,4.8,314,1.3053851889036423,1.5160094126935373
run-endocytosis2_baseline_zero_diffusion0000-0007,4.8,183,1.0224444895888376,1.48621427909744
run-endocytosis2_baseline_zero_diffusion0000-0008,4.8,80,0.5756337710633482,1.3841261853756472
run-endocytosis2_baseline_zero_diffusion0000-0009,4.8,183,0.8986963084951803,1.4801145373662086
run-endocytosis2_baseline_zero_diffusion0000-0010,4.8,543,0.9271055824770572,1.5205496520695592
run-endocytosis2_baseline_zero_diffusion0000-0011,4.8,37,1.1498691552302303,1.4049381236503482
run-endocytosis2_baseline_zero_diffusion0000-0012,4.8,61,0.9928893825981095,1.4001090444344046
run-endocytosis2_baseline_zero_diffusion0000-0013,4.8,277,0.9853903160882376,1.448901341559983
run-endocytosis2_baseline_zero_diffusion0000-0014,4.8,133,1.1836081446293938,1.4186240356266484
run-endocytosis2_baseline_zero_diffusion0000-0015,4.8,23,0.6132589533093417,1.2935648640567072
run-endocytosis2_baseline_zero_diffusion0000-0016,4.8,138,0.7904200780021967,1.4394749091856909
run-endocytosis2_baseline_zero_diffusion0000-0017,4.8,246,0.8341012745902393,1.4369762255798644
run-endocytosis2_baseline_zero_diffusion0000-0018,4.8,115,1.3039181998820757,1.3914087857335387
run-endocytosis2_baseline_zero_diffusion0000-0019,4.8,560,0.8997603572128555,1.4954807254872713
run-endocytosis2_baseline_zero_diffusion0000-0020,4.8,12,0.6718191415279565,0.8345866289393183
run-endocytosis2_baseline_zero_diffusion0000-0021,4.8,237,0.665437332720563,1.4846845514179805
run-endocytosis2_baseline_zero_diffusion0000-0022,4.8,401,1.0942396896241193,1.507439673075271
run-endocytosis2_baseline_zero_diffusion0000-0023,4.8,302,1.0345948808820569,1.4604688608319827
run-endocytosis2_baseline_zero_diffusion0000-0024,4.8,69,1.293514679602927,1.3617891174184693
run-endocytosis2_baseline_zero_diffusion0000-0025,4.8,141,0.5220942882154442,1.4701714862115942
run-endocytosis2_baseline_zero_diffusion0000-0027,4.8,107,0.6060269707085071,1.4862758581548041
run-endocytosis2_baseline_zero_diffusion0000-0028,4.8,130,1.2344071822078084,1.3755664429579
run-endocytosis2_baseline_zero_diffusion0000-0029,4.8,248,1.041788004595153,1.4893060590275404
run-endocytosis2_baseline_zero_diffusion0000-0030,4.8,343,1.2521721088952886,1.5182319827441606
run-endocytosis2_baseline_zero_diffusion0000-0031,4.8,211,0.8569559068574015,1.4952330705020533
run-endocytosis2_baseline_zero_diffusion0000-0032,4.8,330,1.0075579520688662,1.5077524581202322
run-endocytosis2_baseline_zero_diffusion0000-0033,4.8,121,1.0156109454292068,1.411485300390189
run-endocytosis2_baseline_zero_diffusion0000-0034,4.8,22,1.3538415480288988,1.151780165649265
run-endocytosis2_baseline_zero_diffusion0000-0035,4.8,11,0.9642937999464629,0.8588980598442628
run-endocytosis2_baseline_zero_diffusion0000-0037,4.8,59,0.4509480447423657,1.4354591931418554
run-endocytosis2_baseline_zero_diffusion0000-0038,4.8,72,0.7992330502915252,1.4408729942373715
run-endocytosis2_baseline_zero_diffusion0000-0039,4.8,61,1.1827598353658288,1.35189884047454
run-endocytosis2_baseline_zero_diffusion0000-0041,4.8,541,1.1496219032884833,1.5084432488407735
run-endocytosis2_baseline_zero_diffusion0000-0042,4.8,333,0.7964549263217623,1.4765713662505324
run-endocytosis2_baseline_zero_diffusion0000-0043,4.8,13,0.6860563551172892,1.1925504186556544
run-endocytosis2_baseline_zero_diffusion0000-0044,4.8,702,1.0213588576687846,1.4895835852736459
run-endocytosis2_baseline_zero_diffusion0000-0046,4.8,17,0.7771025865680495,1.323743362243925
run-endocytosis2_baseline_zero_diffusion0000-0047,4.8,107,1.3320461457088872,1.4798006652393485
run-endocytosis2_baseline_zero_diffusion0000-0048,4.8,167,1.2933783830128374,1.4757161167842268
run-endocytosis2_baseline_zero_diffusion0000-0049,4.8,19,1.0744282442453557,1.2685786350184591
run-endocytosis2_baseline_zero_diffusion0000-0000,4.9,17,1.2582548499792,1.2636174390532615
run-endocytosis2_baseline_zero_diffusion0000-0001,4.9,223,0.9114668730620208,1.4661139237159586
run-endocytosis2_baseline_zero_diffusion0000-0002,4.9,59,1.167259936049338,1.3864624234592968
run-endocytosis2_baseline_zero_diffusion0000-0003,4.9,459,1.211139338234226,1.5159841757246082
run-endocytosis2_baseline_zero_diffusion0000-0004,4.9,159,0.9563039006147788,1.4931042296099017
run-endocytosis2_baseline_zero_diffusion0000-0005,4.9,222,1.324421537164194,1.436380425495761
run-endocytosis2_baseline_zero_diffusion0000-0006,4.9,321,1.2750144323373447,1.5233764468256596
run-endocytosis2_baseline_zero_diffusion0000-0007,4.9,189,0.9936257423107991,1.4922055455994532
run-endocytosis2_baseline_zero_diffusion0000-0008,4.9,85,0.5763858763938295,1.458358908909073
run-endocytosis2_baseline_zero_diffusion0000-0009,4.9,183,0.8191816819534509,1.4924471810804714
run-endocytosis2_baseline_zero_diffusion0000-0010,4.9,549,0.9437621463643071,1.488791301247234
run-endocytosis2_baseline_zero_diffusion0000-0011,4.9,37,1.1845367460037144,1.372577502002601
run-endocytosis2_baseline_zero_diffusion0000-0012,4.9,61,0.982515319921254,1.3803091791671926
run-endocytosis2_baseline_zero_diffusion0000-0013,4.9,277,0.8801572653814775,1.4925996008003475
run-endocytosis2_baseline_zero_diffusion0000-0014,4.9,138,1.0821321261936008,1.4858724340551897
run-endocytosis2_baseline_zero_diffusion0000-0015,4.9,23,0.6152607238214954,1.039421144690622
run-endocytosis2_baseline_zero_diffusion0000-0016,4.9,138,0.7794327075880958,1.4193506276432268
run-endocytosis2_baseline_zero_diffusion0000-0017,4.9,251,0.8261359648090323,1.5021033947320088
run-endocytosis2_baseline_zero_diffusion0000-0018,4.9,115,1.2908386192289816,1.4789239258359368
run-endocytosis2_baseline_zero_diffusion0000-0019,4.9,565,0.9456081055511625,1.5161750287196993
run-endocytosis2_baseline_zero_diffusion0000-0020,4.9,12,0.601334040074621,1.2458037736437528
run-endocytosis2_baseline_zero_diffusion0000-0021,4.9,322,0.6798542249811331,1.4911841323548782
run-endocytosis2_baseline_zero_diffusion0000-0022,4.9,414,1.0993903685970479,1.4694933608794092
run-endocytosis2_baseline_zero_diffusion0000-0023,4.9,306,1.1016843508139338,1.4666244747424375
run-endocytosis2_baseline_zero_diffusion0000-0024,4.9,69,1.2156864397585985,1.342759238404811
run-endocytosis2_baseline_zero_diffusion0000-0025,4.9,141,0.6075299777680249,1.468044712703819
run-endocytosis2_baseline_zero_diffusion0000-0027,4.9,112,0.6879254952679246,1.4628226607998922
run-endocytosis2_baseline_zero_diffusion0000-0028,4.9,130,1.233851829546982,1.4378104524971165
run-endocytosis2_baseline_zero_diffusion0000-0029,4.9,262,1.0598373447411853,1.4761333602644768
run-endocytosis2_baseline_zero_diffusion0000-0030,4.9,351,1.1860414384367877,1.520201686417404
run-endocytosis2_baseline_zero_diffusion0000-0031,4.9,211,0.8284517064667893,1.503049033121219
run-endocytosis2_baseline_zero_diffusion0000-0032,4.9,341,0.9447451700513994,1.5029658530616812
run-endocytosis2_baseline_zero_diffusion0000-0033,4.9,121,1.1625093626388996,1.4502662847832206
run-endocytosis2_baseline_zero_diffusion0000-0034,4.9,22,1.3290646947321403,1.1811466290896484
run-endocytosis2_baseline_zero_diffusion0000-0035,4.9,11,0.969560536502468,0.8220690420923705
run-endocytosis2_baseline_zero_diffusion0000-0037,4.9,62,0.4244011462095927,1.3362786214602551
run-endocytosis2_baseline_zero_diffusion0000-0038,4.9,72,0.8074051542447445,1.4304579538365711
run-endocytosis2_baseline_zero_diffusion0000-0039,4.9,61,1.1241764754978316,1.4318969343325305
run-endocytosis2_baseline_zero_diffusion0000-0041,4.9,543,1.1932671885181239,1.5226033088860225
run-endocytosis2_baseline_zero_diffusion0000-0042,4.9,340,0.818110445520571,1.4986876790181531
run-endocytosis2_baseline_zero_diffusion0000-0043,4.9,13,0.707537866118034,1.2161969376903792
run-endocytosis2_baseline_zero_diffusion0000-0044,4.9,702,1.0224103115334848,1.46903702207935
run-endocytosis2_baseline_zero_diffusion0000-0046,4.9,17,0.7535952176005914,1.3190359776017868
run-endocytosis2_baseline_zero_diffusion0000-0047,4.9,107,1.2940923769584334,1.4552017365266265
run-endocytosis2_baseline_zero_diffusion0000-0048,4.9,172,1.2908901683033778,1.427443293821637
run-endocytosis2_baseline_zero_diffusion0000-0049,4.9,19,1.0580490713691153,1.1564561662423596
run-endocytosis2_baseline_zero_diffusion0000-0000,5.0,17,1.2602421641184585,1.3221549630613583
run-endocytosis2_baseline_zero_diffusion0000-0001,5.0,227,0.8975541959122643,1.4958561663575682
run-endocytosis2_baseline_zero_diffusion0000-0002,5.0,62,1.12460761399878,1.4093754490765393
run-endocytosis2_baseline_zero_diffusion0000-0003,5.0,459,1.2709645272447117,1.5071312504576975
run-endocytosis2_baseline_zero_diffusion0000-0004,5.0,159,1.0824496175727658,1.4965834981358235
run-endocytosis2_baseline_zero_diffusion0000-0005,5.0,222,1.339256371895381,1.4549936618274057
run-endocytosis2_baseline_zero_diffusion0000-0006,5.0,336,1.2626783357884341,1.4430565611928203
run-endocytosis2_baseline_zero_diffusion0000-0007,5.0,196,0.9712367199784872,1.4159414723628871
run-endocytosis2_baseline_zero_diffusion0000-0008,5.0,85,0.5454693380660347,1.4400400460931884
run-endocytosis2_baseline_zero_diffusion0000-0009,5.0,183,0.9427042522415893,1.5024377908859128
run-endocytosis2_baseline_zero_diffusion0000-0010,5.0,549,0.9037640330432058,1.5281980095395216
run-endocytosis2_baseline_zero_diffusion0000-0011,5.0,37,1.1805886554195755,1.3871052024886907
run-endocytosis2_baseline_zero_diffusion0000-0012,5.0,61,1.00774676452534,1.4493622099614456
run-endocytosis2_baseline_zero_diffusion0000-0013,5.0,282,0.851740497008809,1.500853626028428
run-endocytosis2_baseline_zero_diffusion0000-0014,5.0,146,1.0023911655072204,1.4513815584422778
run-endocytosis2_baseline_zero_diffusion0000-0015,5.0,23,0.6099627881544055,1.3798244029926745
run-endocytosis2_baseline_zero_diffusion0000-0016,5.0,138,0.7895957064572968,1.5022013065013324
run-endocytosis2_baseline_zero_diffusion0000-0017,5.0,262,0.8497980759211881,1.4797834292555783
run-endocytosis2_baseline_zero_diffusion0000-0018,5.0,115,1.3248545681326294,1.441980224859682
run-endocytosis2_baseline_zero_diffusion0000-0019,5.0,574,0.9446977952943547,1.5078719606940583
run-endocytosis2_baseline_zero_diffusion0000-0020,5.0,12,0.6102364267603493,1.206821715201318
run-endocytosis2_baseline_zero_diffusion0000-0021,5.0,266,0.632304326869513,1.4965520698625006
run-endocytosis2_baseline_zero_diffusion0000-0022,5.0,424,1.0742739005375823,1.4847332485442208
run-endocytosis2_baseline_zero_diffusion0000-0023,5.0,319,1.0941506021791492,1.4113007485353082
run-endocytosis2_baseline_zero_diffusion0000-0024,5.0,69,1.2528515239519666,1.4312203188486257
run-endocytosis2_baseline_zero_diffusion0000-0025,5.0,141,0.5224341969761761,1.4478238259962155
run-endocytosis2_baseline_zero_diffusion0000-0027,5.0,117,0.8298058554083071,1.4377762616028
run-endocytosis2_baseline_zero_diffusion0000-0028,5.0,117,1.0929568874653817,1.4022023627065134
run-endocytosis2_baseline_zero_diffusion0000-0029,5.0,269,1.054068038619301,1.4246904508304263
run-endocytosis2_baseline_zero_diffusion0000-0030,5.0,348,1.2074588309587855,1.51088725957293
run-endocytosis2_baseline_zero_diffusion0000-0031,5.0,207,0.8007010647585925,1.5156694403423512
run-endocytosis2_baseline_zero_diffusion0000-0032,5.0,348,0.9602438898068383,1.5193816552254267
run-endocytosis2_baseline_zero_diffusion0000-0033,5.0,121,1.1766772617063426,1.4040509333869768
run-endocytosis2_baseline_zero_diffusion0000-0034,5.0,22,1.3267506925272265,1.2911449641346957
run-endocytosis2_baseline_zero_diffusion0000-0035,5.0,11,0.9755916069004509,1.2452893171234196
run-endocytosis2_baseline_zero_diffusion0000-0037,5.0,62,0.46194234254525424,1.4778846473983267
run-endocytosis2_baseline_zero_diffusion0000-0038,5.0,75,0.781813991549377,1.438721168235558
run-endocytosis2_baseline_zero_diffusion0000-0039,5.0,61,1.2608767450611245,1.385996758454649
run-endocytosis2_baseline_zero_diffusion0000-0041,5.0,548,1.0933253109149659,1.521535940866882
run-endocytosis2_baseline_zero_diffusion0000-0042,5.0,361,0.8340898240090888,1.5217303700212665
run-endocytosis2_baseline_zero_diffusion0000-0043,5.0,13,0.7145733510211453,1.2647384113279572
run-endocytosis2_baseline_zero_diffusion0000-0044,5.0,702,1.0388229081781994,1.5106400524620132
run-endocytosis2_baseline_zero_diffusion0000-0046,5.0,17,0.7524627135580163,1.1915177227301679
run-endocytosis2_baseline_zero_diffusion0000-0047,5.0,107,1.22346181535964,1.4371507283643412
run-endocytosis2_baseline_zero_diffusion0000-0048,5.0,177,1.210974041406951,1.4425830458811928
run-endocytosis2_baseline_zero_diffusion0000-0049,5.0,19,1.0937117920502646,0.8774817547702594
run-endocytosis2_baseline_zero_diffusion0000-0000,5.1,17,1.2467516571291377,1.2406761129210313
run-endocytosis2_baseline_zero_diffusion0000-0001,5.1,227,0.8984798336204848,1.3433155211055665
run-endocytosis2_baseline_zero_diffusion0000-0002,5.1,64,1.111172631949348,1.380203123658852
run-endocytosis2_baseline_zero_diffusion0000-0003,5.1,465,1.3034354094827925,1.5075085171156064
run-endocytosis2_baseline_zero_diffusion0000-0004,5.1,159,0.9218156654963494,1.452449596902606
run-endocytosis2_baseline_zero_diffusion0000-0005,5.1,229,1.250161479059643,1.4806677389445702
run-endocytosis2_baseline_zero_diffusion0000-0006,5.1,341,1.2504362420824278,1.5182842886354608
run-endocytosis2_baseline_zero_diffusion0000-0007,5.1,201,0.9976796942638911,1.4815325928431209
run-endocytosis2_baseline_zero_diffusion0000-0008,5.1,85,0.5710783160971923,1.4228726733566603
run-endocytosis2_baseline_zero_diffusion0000-0009,5.1,183,0.8570956569432242,1.4665840286477227
run-endocytosis2_baseline_zero_diffusion0000-0010,5.1,555,0.8330314262940596,1.5140640454713818
run-endocytosis2_baseline_zero_diffusion0000-0011,5.1,37,1.2101726085026776,1.2917815937717039
run-endocytosis2_baseline_zero_diffusion0000-0012,5.1,61,0.993382589108164,1.4454219372454353
run-endocytosis2_baseline_zero_diffusion0000-0013,5.1,282,0.8982884764738307,1.499057575873664
run-endocytosis2_baseline_zero_diffusion0000-0014,5.1,152,1.0569273581111553,1.4874894244153387
run-endocytosis2_baseline_zero_diffusion0000-0015,5.1,23,0.6127625598045688,1.346136510554998
run-endocytosis2_baseline_zero_diffusion0000-0016,5.1,138,0.8184601490540897,1.5001797992982624
run-endocytosis2_baseline_zero_diffusion0000-0017,5.1,274,0.9205702982839608,1.4658563625994843
run-endocytosis2_baseline_zero_diffusion0000-0018,5.1,115,1.2653817265942964,1.4009989167294918
run-endocytosis2_baseline_zero_diffusion0000-0019,5.1,584,0.9684644486403324,1.5296278540262538
run-endocytosis2_baseline_zero_diffusion0000-0020,5.1,12,0.7093663503171996,1.1101921269923936
run-endocytosis2_baseline_zero_diffusion0000-0021,5.1,359,0.6453796577016526,1.4740219762991695
run-endocytosis2_baseline_zero_diffusion0000-0022,5.1,438,1.1180046817487836,1.5074290788618363
run-endocytosis2_baseline_zero_diffusion0000-0023,5.1,321,1.0501782695212483,1.5180298444968867
run-endocytosis2_baseline_zero_diffusion0000-0024,5.1,69,1.2539670512869654,1.3773212554192198
run-endocytosis2_baseline_zero_diffusion0000-0025,5.1,141,0.5159228987255564,1.408813529979013
run-endocytosis2_baseline_zero_diffusion0000-0027,5.1,122,0.829180883782737,1.4415102147224144
run-endocytosis2_baseline_zero_diffusion0000-0028,5.1,135,1.288655593711689,1.497943268202514
run-endocytosis2_baseline_zero_diffusion0000-0029,5.1,278,1.0779831209639186,1.4396222229480695
run-endocytosis2_baseline_zero_diffusion0000-0030,5.1,348,1.2201759076544565,1.4750038591189265
run-endocytosis2_baseline_zero_diffusion0000-0031,5.1,209,0.8030614046751094,1.5046900723274936
run-endocytosis2_baseline_zero_diffusion0000-0032,5.1,356,0.9188741297156098,1.524449022063819
run-endocytosis2_baseline_zero_diffusion0000-0033,5.1,126,1.1592250193442861,1.491409739555381
run-endocytosis2_baseline_zero_diffusion0000-0034,5.1,22,1.3282397968635846,1.3344556084753836
run-endocytosis2_baseline_zero_diffusion0000-0035,5.1,11,0.9666337937640419,1.2729630652410904
run-endocytosis2_baseline_zero_diffusion0000-0037,5.1,62,0.445057741707634,1.3699616869198987
run-endocytosis2_baseline_zero_diffusion0000-0038,5.1,75,0.789489694683035,1.2834860787510078
run-endocytosis2_baseline_zero_diffusion0000-0039,5.1,68,0.9455264571613842,1.3903853188393371
run-endocytosis2_baseline_zero_diffusion0000-0041,5.1,556,1.1752460070878672,1.4955576445736138
run-endocytosis2_baseline_zero_diffusion0000-0042,5.1,391,0.8935481467698051,1.4437491726070268
run-endocytosis2_baseline_zero_diffusion0000-0043,5.1,13,0.6850731126528607,1.2053996653994516
run-endocytosis2_baseline_zero_diffusion0000-0044,5.1,705,1.0263051921040178,1.5332349096340885
run-endocytosis2_baseline_zero_diffusion0000-0046,5.1,17,0.7741382349997111,1.3217429013075235
run-endocytosis2_baseline_zero_diffusion0000-0047,5.1,107,1.2668397109281593,1.4242091015141993
run-endocytosis2_baseline_zero_diffusion0000-0048,5.1,151,0.9462661186241635,1.4545700152628587
run-endocytosis2_baseline_zero_diffusion0000-0049,5.1,19,1.061420896604318,1.3579420918035725
run-endocytosis2_baseline_zero_diffusion0000-0000,5.2,17,1.2437886726137002,1.2030199219547997
run-endocytosis2_baseline_zero_diffusion0000-0001,5.2,229,0.8721997021800025,1.5088500317293905
run-endocytosis2_baseline_zero_diffusion0000-0002,5.2,72,1.0304744485789794,1.4306989556058947
run-endocytosis2_baseline_zero_diffusion0000-0003,5.2,470,1.3243556972876367,1.5245638373301007
run-endocytosis2_baseline_zero_diffusion0000-0004,5.2,159,1.0606810128185262,1.4932572312138426
run-endocytosis2_baseline_zero_diffusion0000-0005,5.2,231,1.313024667806151,1.4871173463515353
run-endocytosis2_baseline_zero_diffusion0000-0006,5.2,355,1.2407927581434532,1.4112262170315555
run-endocytosis2_baseline_zero_diffusion0000-0007,5.2,202,0.9761123045510267,1.5073139951841898
run-endocytosis2_baseline_zero_diffusion0000-0008,5.2,85,0.570262921282328,1.3863063308792998
run-endocytosis2_baseline_zero_diffusion0000-0009,5.2,183,0.8445527346400277,1.4926528256758582
run-endocytosis2_baseline_zero_diffusion0000-0010,5.2,566,0.8554172062009481,1.4985908466437952
run-endocytosis2_baseline_zero_diffusion0000-0011,5.2,37,1.2057357575272867,1.3220775062070882
run-endocytosis2_baseline_zero_diffusion0000-0012,5.2,61,1.0660857206785308,1.3709083538745135
run-endocytosis2_baseline_zero_diffusion0000-0013,5.2,282,0.8635254927709448,1.49535752515504
run-endocytosis2_baseline_zero_diffusion0000-0014,5.2,153,0.9657457614893654,1.4841214246958612
run-endocytosis2_baseline_zero_diffusion0000-0015,5.2,23,0.6090945055253639,1.2684039543519283
run-endocytosis2_baseline_zero_diffusion0000-0016,5.2,138,0.8094052868771209,1.4217199133536673
run-endocytosis2_baseline_zero_diffusion0000-0017,5.2,278,0.9274199230237065,1.5211039314870693
run-endocytosis2_baseline_zero_diffusion0000-0018,5.2,115,1.304633854675076,1.4843140143569924
run-endocytosis2_baseline_zero_diffusion0000-0019,5.2,593,0.9832008518722877,1.5371971234408304
run-endocytosis2_baseline_zero_diffusion0000-0020,5.2,12,0.698492141698673,0.9572521352118781
run-endocytosis2_baseline_zero_diffusion0000-0021,5.2,373,0.579370976848084,1.4938615430564264
run-endocytosis2_baseline_zero_diffusion0000-0022,5.2,456,1.1071085797729072,1.5169983619614682
run-endocytosis2_baseline_zero_diffusion0000-0023,5.2,321,1.0692208825321272,1.5056549679788516
run-endocytosis2_baseline_zero_diffusion0000-0024,5.2,69,1.2653316556988852,1.3751892958229888
run-endocytosis2_baseline_zero_diffusion0000-0025,5.2,147,0.5295097849022701,1.42176469568509
run-endocytosis2_baseline_zero_diffusion0000-0027,5.2,127,0.8761757957345929,1.4187663547285105
run-endocytosis2_baseline_zero_diffusion0000-0028,5.2,135,1.269453147565678,1.4636056986795136
run-endocytosis2_baseline_zero_diffusion0000-0029,5.2,283,1.078381455399665,1.5249295527881088
run-endocytosis2_baseline_zero_diffusion0000-0030,5.2,354,1.2582796221722643,1.472984375471256
run-endocytosis2_baseline_zero_diffusion0000-0031,5.2,209,0.7722781043084472,1.4647867832071897
run-endocytosis2_baseline_zero_diffusion0000-0032,5.2,361,0.9071938793495999,1.4824186748150059
run-endocytosis2_baseline_zero_diffusion0000-0033,5.2,131,1.2519554523194183,1.4575851562078326
run-endocytosis2_baseline_zero_diffusion0000-0034,5.2,22,1.3249287075725078,1.2220716644833605
run-endocytosis2_baseline_zero_diffusion0000-0035,5.2,11,0.9551456345419783,1.0145555960869255
run-endocytosis2_baseline_zero_diffusion0000-0037,5.2,62,0.4098916872197005,1.3407354732191483
run-endocytosis2_baseline_zero_diffusion0000-0038,5.2,75,0.7734176075448171,1.3991035124932336
run-endocytosis2_baseline_zero_diffusion0000-0039,5.2,70,0.9459931829827786,1.462829378912764
run-endocytosis2_baseline_zero_diffusion0000-0041,5.2,566,1.2638181425793826,1.5307074208469562
run-endocytosis2_baseline_zero_diffusion0000-0042,5.2,408,0.8706713702964907,1.507603202018902
run-endocytosis2_baseline_zero_diffusion0000-0043,5.2,13,0.7732245154612124,1.1038046562376738
run-endocytosis2_baseline_zero_diffusion0000-0044,5.2,707,1.0452953623325902,1.5014478188572231
run-endocytosis2_baseline_zero_diffusion0000-0046,5.2,17,0.7905141070045912,1.3251968091792043
run-endocytosis2_baseline_zero_diffusion0000-0047,5.2,107,1.259105146871084,1.4787772570391935
run-endocytosis2_baseline_zero_diffusion0000-0048,5.2,183,1.1649325124135925,1.478582318434253
run-endocytosis2_baseline_zero_diffusion0000-0049,5.2,19,1.0625058331978532,1.2964374773174023
run-endocytosis2_baseline_zero_diffusion0000-0000,5.3,17,1.251049571508064,1.3321734721368383
run-endocytosis2_baseline_zero_diffusion0000-0001,5.3,232,0.9143411848617812,1.4583371796518099
run-endocytosis2_baseline_zero_diffusion0000-0002,5.3,73,1.0575748945197674,1.4680137053284426
run-endocytosis2_baseline_zero_diffusion0000-0003,5.3,475,1.3693376764867145,1.4923215407287724
run-endocytosis2_baseline_zero_diffusion0000-0004,5.3,155,0.9815634752980015,1.4530184328488052
run-endocytosis2_baseline_zero_diffusion0000-0005,5.3,240,1.3468775973025358,1.4494433331708783
run-endocytosis2_baseline_zero_diffusion0000-0006,5.3,370,1.2536266606736848,1.4602814488863949
run-endocytosis2_baseline_zero_diffusion0000-0007,5.3,202,1.0137174310566845,1.4416464994949654
run-endocytosis2_baseline_zero_diffusion0000-0008,5.3,85,0.5960436087301332,1.4363745497221079
run-endocytosis2_baseline_zero_diffusion0000-0009,5.3,183,0.9054647982853873,1.4334555117841263
run-endocytosis2_baseline_zero_diffusion0000-0010,5.3,584,0.8525994865462155,1.5148525748177697
run-endocytosis2_baseline_zero_diffusion0000-0011,5.3,37,1.1962182890217155,1.3838952260545134
run-endocytosis2_baseline_zero_diffusion0000-0012,5.3,61,1.0960947382482873,1.379676527665224
run-endocytosis2_baseline_zero_diffusion0000-0013,5.3,284,0.7964301448706664,1.463704292554959
run-endocytosis2_baseline_zero_diffusion0000-0014,5.3,153,0.9819402887089697,1.4185675998422973
run-endocytosis2_baseline_zero_diffusion0000-0015,5.3,23,0.6064594286852155,1.1220544963068513
run-endocytosis2_baseline_zero_diffusion0000-0016,5.3,138,0.7828213149068494,1.4343854124305477
run-endocytosis2_baseline_zero_diffusion0000-0017,5.3,280,0.9311096078231668,1.4874419552711682
run-endocytosis2_baseline_zero_diffusion0000-0018,5.3,115,1.3193376680700335,1.4300171421923995
run-endocytosis2_baseline_zero_diffusion0000-0019,5.3,605,1.0002362088173047,1.4944453868132
run-endocytosis2_baseline_zero_diffusion0000-0020,5.3,12,0.6969422052517659,1.140697128022164
run-endocytosis2_baseline_zero_diffusion0000-0021,5.3,384,0.6471558812036544,1.517611577162736
run-endocytosis2_baseline_zero_diffusion0000-0022,5.3,473,1.1194270086034286,1.5272369824269763
run-endocytosis2_baseline_zero_diffusion0000-0023,5.3,321,1.084112302538391,1.4847245258583055
run-endocytosis2_baseline_zero_diffusion0000-0024,5.3,69,1.188275139794917,1.3898596195957837
run-endocytosis2_baseline_zero_diffusion0000-0025,5.3,154,0.5522154725215265,1.4339764460404134
run-endocytosis2_baseline_zero_diffusion0000-0027,5.3,132,0.967103057536038,1.4607062933781996
run-endocytosis2_baseline_zero_diffusion0000-0028,5.3,191,1.4221880688330706,1.477704742441597
run-endocytosis2_baseline_zero_diffusion0000-0029,5.3,288,1.0801909366074116,1.5093889090560744
run-endocytosis2_baseline_zero_diffusion0000-0030,5.3,362,1.2326128479065366,1.4772288934042197
run-endocytosis2_baseline_zero_diffusion0000-0031,5.3,209,0.8310762619171461,1.4232444936214328
run-endocytosis2_baseline_zero_diffusion0000-0032,5.3,381,0.9552046963549179,1.4925481578864506
run-endocytosis2_baseline_zero_diffusion0000-0033,5.3,136,1.2591270688487342,1.377603129077395
run-endocytosis2_baseline_zero_diffusion0000-0034,5.3,22,1.288932206768479,1.203732090569586
run-endocytosis2_baseline_zero_diffusion0000-0035,5.3,11,0.9486585070559501,1.0608272460594956
run-endocytosis2_baseline_zero_diffusion0000-0037,5.3,62,0.47956023974765083,1.4592330899138026
run-endocytosis2_baseline_zero_diffusion0000-0038,5.3,75,0.7678680105330086,1.413742021057265
run-endocytosis2_baseline_zero_diffusion0000-0039,5.3,70,0.9763776454412403,1.4195224582938852
run-endocytosis2_baseline_zero_diffusion0000-0041,5.3,576,1.356007754542029,1.4888961335003716
run-endocytosis2_baseline_zero_diffusion0000-0042,5.3,415,0.9092257318212794,1.5149101414886497
run-endocytosis2_baseline_zero_diffusion0000-0043,5.3,13,0.7477184175232024,1.2883404467796877
run-endocytosis2_baseline_zero_diffusion0000-0044,5.3,723,1.0096514768746487,1.5250148265392165
run-endocytosis2_baseline_zero_diffusion0000-0046,5.3,25,0.9344241891547396,1.3767422074128186
run-endocytosis2_baseline_zero_diffusion0000-0047,5.3,107,1.0304165236185245,1.4756683836935438
run-endocytosis2_baseline_zero_diffusion0000-0048,5.3,180,1.201706923981721,1.4663786759915574
run-endocytosis2_baseline_zero_diffusion0000-0049,5.3,19,1.0690429830968706,1.4118558936751238
run-endocytosis2_baseline_zero_diffusion0000-0000,5.4,17,1.2600719107259741,1.2466623442342588
run-endocytosis2_baseline_zero_diffusion0000-0001,5.4,232,0.875581194395843,1.4953863613302636
run-endocytosis2_baseline_zero_diffusion0000-0002,5.4,73,1.0140622652139215,1.4512585636351119
run-endocytosis2_baseline_zero_diffusion0000-0003,5.4,477,1.3636505696773757,1.503576219249057
run-endocytosis2_baseline_zero_diffusion0000-0004,5.4,159,0.9936950468887141,1.4881495384558143
run-endocytosis2_baseline_zero_diffusion0000-0005,5.4,241,1.3411971410898245,1.4810177903490946
run-endocytosis2_baseline_zero_diffusion0000-0006,5.4,380,1.1665953047689974,1.5106247502235124
run-endocytosis2_baseline_zero_diffusion0000-0007,5.4,202,0.9954587822162992,1.4972035102664825
run-endocytosis2_baseline_zero_diffusion0000-0008,5.4,85,0.5194842206640036,1.4537881848090812
run-endocytosis2_baseline_zero_diffusion0000-0009,5.4,183,0.9611596836997941,1.4687998214716151
run-endocytosis2_baseline_zero_diffusion0000-0010,5.4,605,0.8662209336495361,1.5227511340510629
run-endocytosis2_baseline_zero_diffusion0000-0011,5.4,37,1.1943476420411492,1.337504812537411
run-endocytosis2_baseline_zero_diffusion0000-0012,5.4,70,1.0714081776484303,1.407404200538234
run-endocytosis2_baseline_zero_diffusion0000-0013,5.4,284,0.8121750556734293,1.5043860592290201
run-endocytosis2_baseline_zero_diffusion0000-0014,5.4,159,0.9872906495874978,1.4035623842868605
run-endocytosis2_baseline_zero_diffusion0000-0015,5.4,23,0.6101489513536391,1.3288277449718293
run-endocytosis2_baseline_zero_diffusion0000-0016,5.4,138,0.7785289957801365,1.4607142838275364
run-endocytosis2_baseline_zero_diffusion0000-0017,5.4,280,0.9910177567243392,1.4853443948452096
run-endocytosis2_baseline_zero_diffusion0000-0018,5.4,115,1.3504345182928494,1.4028130064117148
run-endocytosis2_baseline_zero_diffusion0000-0019,5.4,615,1.0027970472542984,1.5084226630616702
run-endocytosis2_baseline_zero_diffusion0000-0020,5.4,12,0.6957739015681699,1.2037228823942034
run-endocytosis2_baseline_zero_diffusion0000-0021,5.4,401,0.7236657054879259,1.495780155320236
run-endocytosis2_baseline_zero_diffusion0000-0022,5.4,486,1.1436347415033152,1.5259167723459544
run-endocytosis2_baseline_zero_diffusion0000-0023,5.4,321,1.1361736363636632,1.4995067364296921
run-endocytosis2_baseline_zero_diffusion0000-0024,5.4,69,1.2418162174793013,1.4097331960988506
run-endocytosis2_baseline_zero_diffusion0000-0025,5.4,154,0.6593301002449573,1.474676913539116
run-endocytosis2_baseline_zero_diffusion0000-0027,5.4,133,0.9743987520344518,1.468934905111522
run-endocytosis2_baseline_zero_diffusion0000-0028,5.4,191,1.396598634952666,1.4901180730863757
run-endocytosis2_baseline_zero_diffusion0000-0029,5.4,297,1.0585774024800156,1.5174997527479814
run-endocytosis2_baseline_zero_diffusion0000-0030,5.4,368,1.1603932299533415,1.5091914182362913
run-endocytosis2_baseline_zero_diffusion0000-0031,5.4,209,0.8425253387227293,1.5196504527069803
run-endocytosis2_baseline_zero_diffusion0000-0032,5.4,391,0.9659650318548214,1.508764083179536
run-endocytosis2_baseline_zero_diffusion0000-0033,5.4,141,1.2645917481730766,1.4791344165544726
run-endocytosis2_baseline_zero_diffusion0000-0034,5.4,22,1.3218280879361517,1.3760237131389683
run-endocytosis2_baseline_zero_diffusion0000-0035,5.4,11,0.9419752661058327,0.8538669596748927
run-endocytosis2_baseline_zero_diffusion0000-0037,5.4,62,0.4634057912374969,1.3971718298528675
run-endocytosis2_baseline_zero_diffusion0000-0038,5.4,75,0.8126559431643424,1.394825417022228
run-endocytosis2_baseline_zero_diffusion0000-0039,5.4,70,0.8696094537598408,1.3616203722052114
run-endocytosis2_baseline_zero_diffusion0000-0041,5.4,581,1.3780024097436545,1.506186236265902
run-endocytosis2_baseline_zero_diffusion0000-0042,5.4,433,0.9029408392326209,1.4980738010590944
run-endocytosis2_baseline_zero_diffusion0000-0043,5.4,13,0.7748609178583599,1.1191879487977439
run-endocytosis2_baseline_zero_diffusion0000-0044,5.4,731,1.023971689121928,1.457105093583714
run-endocytosis2_baseline_zero_diffusion0000-0046,5.4,25,0.9363061007150952,1.4141611601433168
run-endocytosis2_baseline_zero_diffusion0000-0047,5.4,107,1.0951613235875755,1.5001706734430524
run-endocytosis2_baseline_zero_diffusion0000-0048,5.4,197,1.2151973257626931,1.4990800877208554
run-endocytosis2_baseline_zero_diffusion0000-0049,5.4,19,1.0676483390369822,1.1513916453102748
run-endocytosis2_baseline_zero_diffusion0000-0000,5.5,17,1.2695227219167435,1.1462351596323836
run-endocytosis2_baseline_zero_diffusion0000-0001,5.5,232,0.8841472420126208,1.4947167213667845
run-endocytosis2_baseline_zero_diffusion0000-0002,5.5,73,1.0321865313649696,1.4352006086749385
run-endocytosis2_baseline_zero_diffusion0000-0003,5.5,477,1.334015782086899,1.5288689849026937
run-endocytosis2_baseline_zero_diffusion0000-0004,5.5,165,1.0625757545292775,1.4971443114588736
run-endocytosis2_baseline_zero_diffusion0000-0005,5.5,241,1.3594579021790374,1.4240942463907074
run-endocytosis2_baseline_zero_diffusion0000-0006,5.5,392,1.175020384886926,1.4656989168122099
run-endocytosis2_baseline_zero_diffusion0000-0007,5.5,202,0.9738008002960136,1.4860954209134722
run-endocytosis2_baseline_zero_diffusion0000-0008,5.5,85,0.5490226433278056,1.3919291444902169
run-endocytosis2_baseline_zero_diffusion0000-0009,5.5,185,1.0397149026502253,1.447216221869676
run-endocytosis2_baseline_zero_diffusion0000-0010,5.5,624,0.8399666646143046,1.5298246851162318
run-endocytosis2_baseline_zero_diffusion0000-0011,5.5,37,1.195991734992913,1.218496841100687
run-endocytosis2_baseline_zero_diffusion0000-0012,5.5,61,1.1178489312158923,1.4310530552511334
run-endocytosis2_baseline_zero_diffusion0000-0013,5.5,284,0.7711658185948086,1.4859976770079084
run-endocytosis2_baseline_zero_diffusion0000-0014,5.5,166,1.189195764471425,1.4200669509518034
run-endocytosis2_baseline_zero_diffusion0000-0015,5.5,23,0.632644209850612,1.3156754191795015
run-endocytosis2_baseline_zero_diffusion0000-0016,5.5,138,0.748050798634949,1.5064871394152384
run-endocytosis2_baseline_zero_diffusion0000-0017,5.5,280,0.92043016680038,1.5227873946421413
run-endocytosis2_baseline_zero_diffusion0000-0018,5.5,122,1.2869250971185955,1.4278791606075207
run-endocytosis2_baseline_zero_diffusion0000-0019,5.5,634,0.9947456058819734,1.5170882080673653
run-endocytosis2_baseline_zero_diffusion0000-0020,5.5,12,0.6880388525457153,1.1829560673512138
run-endocytosis2_baseline_zero_diffusion0000-0021,5.5,428,0.7832805896189179,1.4889362495874936
run-endocytosis2_baseline_zero_diffusion0000-0022,5.5,500,1.0675855279764725,1.5075549563618347
run-endocytosis2_baseline_zero_diffusion0000-0023,5.5,328,1.1171976367752627,1.5262382122695675
run-endocytosis2_baseline_zero_diffusion0000-0024,5.5,69,1.1996961341509653,1.4438101759447506
run-endocytosis2_baseline_zero_diffusion0000-0025,5.5,154,0.6225392783785489,1.4357021655021316
run-endocytosis2_baseline_zero_diffusion0000-0027,5.5,133,0.9017716930964463,1.4882917502687976
run-endocytosis2_baseline_zero_diffusion0000-0028,5.5,191,1.4487957686286115,1.5039804208276344
run-endocytosis2_baseline_zero_diffusion0000-0029,5.5,310,1.1104501525469679,1.4323635428251253
run-endocytosis2_baseline_zero_diffusion0000-0030,5.5,377,1.1767208385539183,1.495525721618052
run-endocytosis2_baseline_zero_diffusion0000-0031,5.5,209,0.8398179143784225,1.4408581393444275
run-endocytosis2_baseline_zero_diffusion0000-0032,5.5,402,0.9530756243947653,1.483238100240768
run-endocytosis2_baseline_zero_diffusion0000-0033,5.5,144,1.2707110060984248,1.4485550191704575
run-endocytosis2_baseline_zero_diffusion0000-0034,5.5,22,1.1980294531744855,1.2742400500307844
run-endocytosis2_baseline_zero_diffusion0000-0035,5.5,11,0.9296300235426298,1.1323943606434943
run-endocytosis2_baseline_zero_diffusion0000-0037,5.5,66,0.46753174293943167,1.404529461590346
run-endocytosis2_baseline_zero_diffusion0000-0038,5.5,75,0.8393198083822841,1.4394488922240627
run-endocytosis2_baseline_zero_diffusion0000-0039,5.5,70,0.9127396833945834,1.4737531248858842
run-endocytosis2_baseline_zero_diffusion0000-0041,5.5,586,1.371502214667719,1.5042484619587315
run-endocytosis2_baseline_zero_diffusion0000-0042,5.5,449,0.9233760370247788,1.5295760797237674
run-endocytosis2_baseline_zero_diffusion0000-0043,5.5,22,0.5049062833402589,1.400520145639332
run-endocytosis2_baseline_zero_diffusion0000-0044,5.5,742,1.0598181486537044,1.5009223596054257
run-endocytosis2_baseline_zero_diffusion0000-0046,5.5,25,0.9366542968465047,1.1610351535120973
run-endocytosis2_baseline_zero_diffusion0000-0047,5.5,107,0.9758028464475171,1.400477095057313
run-endocytosis2_baseline_zero_diffusion0000-0048,5.5,205,1.2466123870571009,1.4616837730052257
run-endocytosis2_baseline_zero_diffusion0000-0049,5.5,19,1.1026252078388536,1.3334540864971158
run-endocytosis2_baseline_zero_diffusion0000-0000,5.6,17,1.2414873187116073,1.028668096819262
run-endocytosis2_baseline_zero_diffusion0000-0001,5.6,232,0.8920327239083145,1.4921434713810222
run-endocytosis2_baseline_zero_diffusion0000-0002,5.6,73,1.0117789988637296,1.4115224803043476
run-endocytosis2_baseline_zero_diffusion0000-0003,5.6,484,1.3426695051806923,1.4944274338752546
run-endocytosis2_baseline_zero_diffusion0000-0004,5.6,170,0.9629529079466395,1.4536894735884003
run-endocytosis2_baseline_zero_diffusion0000-0005,5.6,241,1.3348273070262993,1.4586365514637942
run-endocytosis2_baseline_zero_diffusion0000-0006,5.6,406,1.1462713733128291,1.4900253995312829
run-endocytosis2_baseline_zero_diffusion0000-0007,5.6,202,0.9948760007684302,1.490402160745926
run-endocytosis2_baseline_zero_diffusion0000-0008,5.6,85,0.5581157441010747,1.4631366570312927
run-endocytosis2_baseline_zero_diffusion0000-0009,5.6,190,1.028055220241427,1.5069643423976153
run-endocytosis2_baseline_zero_diffusion0000-0010,5.6,639,0.8377878176223502,1.5390430191079583
run-endocytosis2_baseline_zero_diffusion0000-0011,5.6,37,1.2224556470508539,1.2082250567295536
run-endocytosis2_baseline_zero_diffusion0000-0012,5.6,77,1.082910844487864,1.4411420411549205
run-endocytosis2_baseline_zero_diffusion0000-0013,5.6,284,0.7841342891729772,1.4602983247447632
run-endocytosis2_baseline_zero_diffusion0000-0014,5.6,173,1.3000035646906918,1.4635470984646801
run-endocytosis2_baseline_zero_diffusion0000-0015,5.6,23,0.6298837738574994,1.3796173605332178
run-endocytosis2_baseline_zero_diffusion0000-0016,5.6,138,0.7600479323915936,1.2768166926197357
run-endocytosis2_baseline_zero_diffusion0000-0017,5.6,284,0.9052989302599175,1.4607363865135923
run-endocytosis2_baseline_zero_diffusion0000-0018,5.6,130,1.2803701166685495,1.4543968096892108
run-endocytosis2_baseline_zero_diffusion0000-0019,5.6,649,1.0136807328553388,1.5005116493109794
run-endocytosis2_baseline_zero_diffusion0000-0020,5.6,12,0.7167465903106415,1.2420910802906238
run-endocytosis2_baseline_zero_diffusion0000-0021,5.6,442,0.7748665502490611,1.4907252153584367
run-endocytosis2_baseline_zero_diffusion0000-0022,5.6,513,1.059495003941777,1.506629253410277
run-endocytosis2_baseline_zero_diffusion0000-0023,5.6,332,1.1760014001228625,1.5251468475957206
run-endocytosis2_baseline_zero_diffusion0000-0024,5.6,69,1.2108274363027565,1.4397973849081787
run-endocytosis2_baseline_zero_diffusion0000-0025,5.6,154,0.6236385249610824,1.434123732340715
run-endocytosis2_baseline_zero_diffusion0000-0027,5.6,133,0.9684662581884473,1.4563156704695246
run-endocytosis2_baseline_zero_diffusion0000-0028,5.6,194,1.4113634420764214,1.510789556510762
run-endocytosis2_baseline_zero_diffusion0000-0029,5.6,326,1.0909550019963579,1.5088114125977439
run-endocytosis2_baseline_zero_diffusion0000-0030,5.6,389,1.1755975003272663,1.5101865637132177
run-endocytosis2_baseline_zero_diffusion0000-0031,5.6,209,0.8225975920461486,1.4977737426326396
run-endocytosis2_baseline_zero_diffusion0000-0032,5.6,407,0.9770074050979891,1.5033238768868253
run-endocytosis2_baseline_zero_diffusion0000-0033,5.6,144,1.3452094182530243,1.446377348125641
run-endocytosis2_baseline_zero_diffusion0000-0034,5.6,22,1.1897797118322468,1.1560371662159645
run-endocytosis2_baseline_zero_diffusion0000-0035,5.6,11,0.9641132844053484,1.2520203307234568
run-endocytosis2_baseline_zero_diffusion0000-0037,5.6,66,0.44083861695104143,1.3846652005578313
run-endocytosis2_baseline_zero_diffusion0000-0038,5.6,75,0.8515803384903694,1.4850051161251197
run-endocytosis2_baseline_zero_diffusion0000-0039,5.6,70,0.7768555866450898,1.420075169285596
run-endocytosis2_baseline_zero_diffusion0000-0041,5.6,586,1.3323019219391488,1.5084219775798295
run-endocytosis2_baseline_zero_diffusion0000-0042,5.6,462,0.8848752435430486,1.469440706686539
run-endocytosis2_baseline_zero_diffusion0000-0043,5.6,22,0.5819497674475075,1.182949911153687
run-endocytosis2_baseline_zero_diffusion0000-0044,5.6,747,1.0272427384515963,1.520799441663971
run-endocytosis2_baseline_zero_diffusion0000-0046,5.6,25,0.9338885587235551,1.2605072079480504
run-endocytosis2_baseline_zero_diffusion0000-0047,5.6,107,1.0641570033762422,1.4155178999258766
run-endocytosis2_baseline_zero_diffusion0000-0048,5.6,209,1.2194455590379087,1.5005622989210419
run-endocytosis2_baseline_zero_diffusion0000-0049,5.6,19,1.0930857175387818,1.1993565256505578
run-endocytosis2_baseline_zero_diffusion0000-0000,5.7,17,1.2440414012875467,1.3240316137149042
run-endocytosis2_baseline_zero_diffusion0000-0001,5.7,232,0.8970802766198274,1.4642075383529194
run-endocytosis2_baseline_zero_diffusion0000-0002,5.7,73,1.06764668282174,1.4035285292542472
run-endocytosis2_baseline_zero_diffusion0000-0003,5.7,495,1.3961964165930107,1.4768476425876054
run-endocytosis2_baseline_zero_diffusion0000-0004,5.7,175,1.0561233860600319,1.459955772434583
run-endocytosis2_baseline_zero_diffusion0000-0005,5.7,241,1.2952857544154472,1.4827796461709826
run-endocytosis2_baseline_zero_diffusion0000-0006,5.7,428,1.178863880298977,1.5297250423548043
run-endocytosis2_baseline_zero_diffusion0000-0007,5.7,202,0.9478537340183261,1.4387682107070234
run-endocytosis2_baseline_zero_diffusion0000-0008,5.7,85,0.6295346337435613,1.3121399039696489
run-endocytosis2_baseline_zero_diffusion0000-0009,5.7,192,1.017537112922451,1.4468346980223672
run-endocytosis2_baseline_zero_diffusion0000-0010,5.7,653,0.7997035526417513,1.5137318481174689
run-endocytosis2_baseline_zero_diffusion0000-0011,5.7,37,1.1979733179649787,1.4107320890855162
run-endocytosis2_baseline_zero_diffusion0000-0012,5.7,88,1.060193990332416,1.3869599024787198
run-endocytosis2_baseline_zero_diffusion0000-0013,5.7,284,0.7718712165451216,1.3803275004171758
run-endocytosis2_baseline_zero_diffusion0000-0014,5.7,178,1.3455713830098288,1.4712906647532853
run-endocytosis2_baseline_zero_diffusion0000-0015,5.7,23,0.6334380142053044,1.344359586748703
run-endocytosis2_baseline_zero_diffusion0000-0016,5.7,138,0.8294263053830755,1.4025814371224228
run-endocytosis2_baseline_zero_diffusion0000-0017,5.7,289,0.9827109970440877,1.5032340326716198
run-endocytosis2_baseline_zero_diffusion0000-0018,5.7,135,1.2329908814838801,1.485395269693807
run-endocytosis2_baseline_zero_diffusion0000-0019,5.7,663,1.0282213872528827,1.53304477029336
run-endocytosis2_baseline_zero_diffusion0000-0020,5.7,12,0.681581909019075,1.1955853531849079
run-endocytosis2_baseline_zero_diffusion0000-0021,5.7,455,0.8188834512398391,1.5002104946365697
run-endocytosis2_baseline_zero_diffusion0000-0022,5.7,517,0.9982772241138334,1.5169979749235074
run-endocytosis2_baseline_zero_diffusion0000-0023,5.7,338,1.2707759366282068,1.4688675505665378
run-endocytosis2_baseline_zero_diffusion0000-0024,5.7,69,1.2139338829158677,1.4081424061281687
run-endocytosis2_baseline_zero_diffusion0000-0025,5.7,154,0.5868010518303972,1.4870064338450084
run-endocytosis2_baseline_zero_diffusion0000-0027,5.7,133,0.9259859882510452,1.4837495480056773
run-endocytosis2_baseline_zero_diffusion0000-0028,5.7,194,1.3809082014693903,1.4853263188444794
run-endocytosis2_baseline_zero_diffusion0000-0029,5.7,344,1.0830726578313814,1.4868938001461252
run-endocytosis2_baseline_zero_diffusion0000-0030,5.7,402,1.1501495053861202,1.482077498832868
run-endocytosis2_baseline_zero_diffusion0000-0031,5.7,209,0.8069721012348663,1.4805098056090145
run-endocytosis2_baseline_zero_diffusion0000-0032,5.7,412,1.0012126474585155,1.5002416502295053
run-endocytosis2_baseline_zero_diffusion0000-0033,5.7,151,1.3462228952073878,1.4311003667066216
run-endocytosis2_baseline_zero_diffusion0000-0034,5.7,22,1.209254351316733,1.368452003895052
run-endocytosis2_baseline_zero_diffusion0000-0035,5.7,11,0.9593753487375956,1.0291766033515564
run-endocytosis2_baseline_zero_diffusion0000-0037,5.7,66,0.415260609705276,1.3730147188519664
run-endocytosis2_baseline_zero_diffusion0000-0038,5.7,75,0.8423859775539012,1.4580212226643499
run-endocytosis2_baseline_zero_diffusion0000-0039,5.7,70,0.9386979295796913,1.4022954856561844
run-endocytosis2_baseline_zero_diffusion0000-0041,5.7,588,1.3299221315624583,1.5022527663948821
run-endocytosis2_baseline_zero_diffusion0000-0042,5.7,469,0.8751969623091035,1.5392510943043178
run-endocytosis2_baseline_zero_diffusion0000-0043,5.7,22,0.7300544217979356,1.1816313084809518
run-endocytosis2_baseline_zero_diffusion0000-0044,5.7,754,1.0208296220679562,1.5288683899675937
run-endocytosis2_baseline_zero_diffusion0000-0046,5.7,17,0.7797632851601931,0.9503841216933883
run-endocytosis2_baseline_zero_diffusion0000-0047,5.7,107,1.0146330059548472,1.4535283265378318
run-endocytosis2_baseline_zero_diffusion0000-0048,5.7,206,1.2239365353327631,1.4642335758818943
run-endocytosis2_baseline_zero_diffusion0000-0049,5.7,19,1.096127667640253,1.0510497467984194
run-endocytosis2_baseline_zero_diffusion0000-0000,5.8,17,1.258268716701623,1.0980255095287301
run-endocytosis2_baseline_zero_diffusion0000-0001,5.8,232,0.9000537363143551,1.4749934089205587
run-endocytosis2_baseline_zero_diffusion0000-0002,5.8,73,1.1145072261041356,1.4143602416519554
run-endocytosis2_baseline_zero_diffusion0000-0003,5.8,502,1.3723649059407412,1.5194781357419627
run-endocytosis2_baseline_zero_diffusion0000-0004,5.8,175,1.186646684119474,1.4686217431860542
run-endocytosis2_baseline_zero_diffusion0000-0005,5.8,246,1.3954985824450001,1.4806390249245638
run-endocytosis2_baseline_zero_diffusion0000-0006,5.8,448,1.1536768960205575,1.4861888676217476
run-endocytosis2_baseline_zero_diffusion0000-0007,5.8,202,1.004251760218752,1.482684164708701
run-endocytosis2_baseline_zero_diffusion0000-0008,5.8,87,0.6536187989410513,1.3690146446168996
run-endocytosis2_baseline_zero_diffusion0000-0009,5.8,192,1.0150194398334917,1.481550064942424
run-endocytosis2_baseline_zero_diffusion0000-0010,5.8,661,0.8315993106174444,1.4792698858658844
run-endocytosis2_baseline_zero_diffusion0000-0011,5.8,37,1.1896494473611212,1.2694976032063066
run-endocytosis2_baseline_zero_diffusion0000-0012,5.8,102,1.1236246307951079,1.3036236421700034
run-endocytosis2_baseline_zero_diffusion0000-0013,5.8,277,0.7863710514761818,1.494889693821033
run-endocytosis2_baseline_zero_diffusion0000-0014,5.8,192,1.2937174049428677,1.4340108456656864
run-endocytosis2_baseline_zero_diffusion0000-0015,5.8,26,0.5616203961278952,1.3693421625332092
run-endocytosis2_baseline_zero_diffusion0000-0016,5.8,138,0.8771340055806558,1.4932062474913184
run-endocytosis2_baseline_zero_diffusion0000-0017,5.8,293,0.990187085473214,1.478443364924891
run-endocytosis2_baseline_zero_diffusion0000-0018,5.8,135,1.2394229657416664,1.472838917845288
run-endocytosis2_baseline_zero_diffusion0000-0019,5.8,687,0.995658423466714,1.5337767768442727
run-endocytosis2_baseline_zero_diffusion0000-0020,5.8,12,0.6577221314076948,1.2691697226443197
run-endocytosis2_baseline_zero_diffusion0000-0021,5.8,464,0.7955833474020358,1.4962607289216059
run-endocytosis2_baseline_zero_diffusion0000-0022,5.8,517,1.0339545501496803,1.4909073199480867
run-endocytosis2_baseline_zero_diffusion0000-0023,5.8,340,1.2594134053477488,1.442761107658408
run-endocytosis2_baseline_zero_diffusion0000-0024,5.8,69,1.1526717154310775,1.383203077403663
run-endocytosis2_baseline_zero_diffusion0000-0025,5.8,154,0.6061504973787518,1.4724261090868527
run-endocytosis2_baseline_zero_diffusion0000-0027,5.8,133,0.867468242857647,1.4992403043447422
run-endocytosis2_baseline_zero_diffusion0000-0028,5.8,200,1.3989959376045646,1.4842102329633595
run-endocytosis2_baseline_zero_diffusion0000-0029,5.8,364,1.0896716298004097,1.5259772982151694
run-endocytosis2_baseline_zero_diffusion0000-0030,5.8,422,1.096572767643757,1.4961642049944748
run-endocytosis2_baseline_zero_diffusion0000-0031,5.8,211,0.8103629389995105,1.479374056958298
run-endocytosis2_baseline_zero_diffusion0000-0032,5.8,420,1.0358598980096847,1.514636908282695
run-endocytosis2_baseline_zero_diffusion0000-0033,5.8,155,1.3064219934330823,1.413560866311506
run-endocytosis2_baseline_zero_diffusion0000-0034,5.8,22,1.2533207587173398,1.0630939155345729
run-endocytosis2_baseline_zero_diffusion0000-0035,5.8,11,0.9678208150961948,0.9498434359858733
run-endocytosis2_baseline_zero_diffusion0000-0037,5.8,72,0.40096350501558664,1.4398377479058873
run-endocytosis2_baseline_zero_diffusion0000-0038,5.8,75,0.7902463742480079,1.3868077546543978
run-endocytosis2_baseline_zero_diffusion0000-0039,5.8,70,0.8570023758801917,1.3887347466441535
run-endocytosis2_baseline_zero_diffusion0000-0041,5.8,588,1.2554040381173042,1.5279889548334145
run-endocytosis2_baseline_zero_diffusion0000-0042,5.8,474,0.9321469583991142,1.5127228466762777
run-endocytosis2_baseline_zero_diffusion0000-0043,5.8,22,0.702709063612018,1.1804099740414844
run-endocytosis2_baseline_zero_diffusion0000-0044,5.8,756,1.0438020362366205,1.5181587067718663
run-endocytosis2_baseline_zero_diffusion0000-0046,5.8,25,0.9567070432636854,1.3285884564444221
run-endocytosis2_baseline_zero_diffusion0000-0047,5.8,107,0.990936922726337,1.4551599310353829
run-endocytosis2_baseline_zero_diffusion0000-0048,5.8,219,1.2463823803290683,1.4773070652634714
run-endocytosis2_baseline_zero_diffusion0000-0049,5.8,19,1.1027633743303196,1.24053872753043
run-endocytosis2_baseline_zero_diffusion0000-0000,5.9,17,1.2470331331340325,1.1122929874122804
run-endocytosis2_baseline_zero_diffusion0000-0001,5.9,232,0.9421645736027593,1.5047980555896323
run-endocytosis2_baseline_zero_diffusion0000-0002,5.9,75,1.069091440023616,1.3426913973149506
run-endocytosis2_baseline_zero_diffusion0000-0003,5.9,504,1.3204908897441694,1.5082061030405491
run-endocytosis2_baseline_zero_diffusion0000-0004,5.9,175,1.1871952248161892,1.4606910581288104
run-endocytosis2_baseline_zero_diffusion0000-0005,5.9,246,1.4155427577705166,1.511670459642942
run-endocytosis2_baseline_zero_diffusion0000-0006,5.9,464,1.1198850822939603,1.5099322143412104
run-endocytosis2_baseline_zero_diffusion0000-0007,5.9,202,0.9889880715195251,1.4001826863473594
run-endocytosis2_baseline_zero_diffusion0000-0008,5.9,87,0.6436884611203175,1.4397938423624805
run-endocytosis2_baseline_zero_diffusion0000-0009,5.9,192,1.0294357959029563,1.4918779261219601
run-endocytosis2_baseline_zero_diffusion0000-0010,5.9,666,0.8383504771991579,1.5387618974514259
run-endocytosis2_baseline_zero_diffusion0000-0011,5.9,37,1.181780081882301,1.3285139450820878
run-endocytosis2_baseline_zero_diffusion0000-0012,5.9,112,1.0809525490225458,1.4694921384620885
run-endocytosis2_baseline_zero_diffusion0000-0013,5.9,277,0.8408314357269877,1.5190939594821675
run-endocytosis2_baseline_zero_diffusion0000-0014,5.9,206,1.268491339885283,1.4658095343853512
run-endocytosis2_baseline_zero_diffusion0000-0015,5.9,29,0.6306523160617875,1.3809866792142178
run-endocytosis2_baseline_zero_diffusion0000-0016,5.9,138,0.884791534776727,1.4367362798495162
run-endocytosis2_baseline_zero_diffusion0000-0017,5.9,294,1.022530021689902,1.5138321674937587
run-endocytosis2_baseline_zero_diffusion0000-0018,5.9,135,1.2612771843211776,1.4064187408296998
run-endocytosis2_baseline_zero_diffusion0000-0019,5.9,700,0.978263263091942,1.4873255959174934
run-endocytosis2_baseline_zero_diffusion0000-0020,5.9,12,0.6833466537848243,1.0655724027022384
run-endocytosis2_baseline_zero_diffusion0000-0021,5.9,477,0.8065537741803293,1.511422643598315
run-endocytosis2_baseline_zero_diffusion0000-0022,5.9,527,1.052094156360151,1.4928244651458162
run-endocytosis2_baseline_zero_diffusion0000-0023,5.9,340,1.2155526453903944,1.4583350823187002
run-endocytosis2_baseline_zero_diffusion0000-0024,5.9,69,1.2077481886740367,1.4204324599258236
run-endocytosis2_baseline_zero_diffusion0000-0025,5.9,154,0.5387859007810005,1.3985294806570983
run-endocytosis2_baseline_zero_diffusion0000-0027,5.9,133,0.8602550916525964,1.4761051007383157
run-endocytosis2_baseline_zero_diffusion0000-0028,5.9,205,1.4188488240229629,1.4462103241635162
run-endocytosis2_baseline_zero_diffusion0000-0029,5.9,382,1.078178014967921,1.488467913566819
run-endocytosis2_baseline_zero_diffusion0000-0030,5.9,438,1.0581439598011482,1.5095413231651695
run-endocytosis2_baseline_zero_diffusion0000-0031,5.9,219,0.8273067546439627,1.4508326277077117
run-endocytosis2_baseline_zero_diffusion0000-0032,5.9,429,1.0408623488108883,1.4657608420283184
run-endocytosis2_baseline_zero_diffusion0000-0033,5.9,158,1.3736735420174335,1.4574494297236886
run-endocytosis2_baseline_zero_diffusion0000-0034,5.9,22,1.2341309786268686,1.3621444992896674
run-endocytosis2_baseline_zero_diffusion0000-0035,5.9,11,0.972597203185008,0.9712643676708472
run-endocytosis2_baseline_zero_diffusion0000-0037,5.9,76,0.5471540860569748,1.363229570964417
run-endocytosis2_baseline_zero_diffusion0000-0038,5.9,75,0.812933844791865,1.4816927772376356
run-endocytosis2_baseline_zero_diffusion0000-0039,5.9,70,0.816965342571,1.4651976179434452
run-endocytosis2_baseline_zero_diffusion0000-0041,5.9,588,1.3295805169412362,1.494424095126937
run-endocytosis2_baseline_zero_diffusion0000-0042,5.9,479,0.8927094613725902,1.5085377204840809
run-endocytosis2_baseline_zero_diffusion0000-0043,5.9,22,0.7230609545126852,1.264286708883254
run-endocytosis2_baseline_zero_diffusion0000-0044,5.9,750,1.0375231952130823,1.5171944045344403
run-endocytosis2_baseline_zero_diffusion0000-0046,5.9,25,0.9352874911686916,1.179608169395748
run-endocytosis2_baseline_zero_diffusion0000-0047,5.9,107,0.9086337787159487,1.4353921563973004
run-endocytosis2_baseline_zero_diffusion0000-0048,5.9,221,1.2393339253755637,1.4723525027400237
run-endocytosis2_baseline_zero_diffusion0000-0049,5.9,19,1.0717136395187887,1.3283055776091572
run-endocytosis2_baseline_zero_diffusion0000-0000,6.0,17,1.2435064426135205,0.9651057392806986
run-endocytosis2_baseline_zero_diffusion0000-0001,6.0,232,0.9518299169322719,1.5060834285380496
run-endocytosis2_baseline_zero_diffusion0000-0002,6.0,79,1.0687472367941813,1.479659564495405
run-endocytosis2_baseline_zero_diffusion0000-0003,6.0,509,1.293861569246742,1.5080349137598688
run-endocytosis2_baseline_zero_diffusion0000-0004,6.0,175,1.2710804594103224,1.4352660300237472
run-endocytosis2_baseline_zero_diffusion0000-0005,6.0,246,1.389099143380436,1.5122097888408215
run-endocytosis2_baseline_zero_diffusion0000-0006,6.0,484,1.1523078838838714,1.5169166081947167
run-endocytosis2_baseline_zero_diffusion0000-0007,6.0,202,1.0035809604095183,1.4630575955410192
run-endocytosis2_baseline_zero_diffusion0000-0008,6.0,95,0.5933259221910165,1.4597265630828298
run-endocytosis2_baseline_zero_diffusion0000-0009,6.0,192,1.0125600929259306,1.386490182054142
run-endocytosis2_baseline_zero_diffusion0000-0010,6.0,682,0.829666315262755,1.511232686246495
run-endocytosis2_baseline_zero_diffusion0000-0011,6.0,37,1.2120909595669123,1.2466659130633533
run-endocytosis2_baseline_zero_diffusion0000-0012,6.0,126,1.039193180972808,1.4277588905617198
run-endocytosis2_baseline_zero_diffusion0000-0013,6.0,277,0.8158682406807208,1.4914643077619385
run-endocytosis2_baseline_zero_diffusion0000-0014,6.0,223,1.2463401250065131,1.4843841903194406
run-endocytosis2_baseline_zero_diffusion0000-0015,6.0,30,0.6758292001399276,1.221802856218942
run-endocytosis2_baseline_zero_diffusion0000-0016,6.0,138,0.867949784565386,1.4076198974253287
run-endocytosis2_baseline_zero_diffusion0000-0017,6.0,302,1.0217009198483744,1.3878871435241846
run-endocytosis2_baseline_zero_diffusion0000-0018,6.0,135,1.2523654575770071,1.4833205867162536
run-endocytosis2_baseline_zero_diffusion0000-0019,6.0,709,1.007907976859987,1.5250983758821497
run-endocytosis2_baseline_zero_diffusion0000-0020,6.0,12,0.7110712657291316,1.1800020703665177
run-endocytosis2_baseline_zero_diffusion0000-0021,6.0,482,0.7834068266423356,1.4849317226481316
run-endocytosis2_baseline_zero_diffusion0000-0022,6.0,541,0.9950279567971034,1.5005065792851229
run-endocytosis2_baseline_zero_diffusion0000-0023,6.0,335,1.2395703968614693,1.5008843594370775
run-endocytosis2_baseline_zero_diffusion0000-0024,6.0,69,1.218819480419475,1.3675283480191631
run-endocytosis2_baseline_zero_diffusion0000-0025,6.0,154,0.5105799905138158,1.4883926630299213
run-endocytosis2_baseline_zero_diffusion0000-0027,6.0,133,1.0536862293950429,1.4789531697630982
run-endocytosis2_baseline_zero_diffusion0000-0028,6.0,208,1.4011114766756265,1.4800839175833342
run-endocytosis2_baseline_zero_diffusion0000-0029,6.0,388,1.1381567428292976,1.5037698892694615
run-endocytosis2_baseline_zero_diffusion0000-0030,6.0,450,1.0921759277816572,1.492029872948223
run-endocytosis2_baseline_zero_diffusion0000-0031,6.0,222,0.8540037683721635,1.4683828802743149
run-endocytosis2_baseline_zero_diffusion0000-0032,6.0,430,0.9732386695409759,1.5231996271839963
run-endocytosis2_baseline_zero_diffusion0000-0033,6.0,158,1.2010569822952821,1.4105459917839336
run-endocytosis2_baseline_zero_diffusion0000-0034,6.0,22,1.1319695721162943,1.2583869708246287
run-endocytosis2_baseline_zero_diffusion0000-0035,6.0,11,0.9726756799381174,0.9453306841369924
run-endocytosis2_baseline_zero_diffusion0000-0037,6.0,76,0.49744636073539805,1.3234512506695921
run-endocytosis2_baseline_zero_diffusion0000-0038,6.0,75,0.836478298524089,1.460609464363545
run-endocytosis2_baseline_zero_diffusion0000-0039,6.0,70,0.892082751118661,1.471319407269226
run-endocytosis2_baseline_zero_diffusion0000-0041,6.0,588,1.3233887579434893,1.4879770799157994
run-endocytosis2_baseline_zero_diffusion0000-0042,6.0,485,0.917813616986601,1.5358718818201507
run-endocytosis2_baseline_zero_diffusion0000-0043,6.0,22,0.7083682644709116,1.3464492198972247
run-endocytosis2_baseline_zero_diffusion0000-0044,6.0,750,1.0318803369073573,1.5297533447215916
run-endocytosis2_baseline_zero_diffusion0000-0046,6.0,25,0.8468592316403248,1.361903385195853
run-endocytosis2_baseline_zero_diffusion0000-0047,6.0,107,0.8921215219728194,1.4381776908452908
run-endocytosis2_baseline_zero_diffusion0000-0048,6.0,229,1.3044778336829081,1.506934449483146
run-endocytosis2_baseline_zero_diffusion0000-0049,6.0,19,1.0844391802543023,1.1251722973642797
run-endocytosis2_baseline_zero_diffusion0000-0000,6.1,17,1.2453455132525315,1.3655207268549623
run-endocytosis2_baseline_zero_diffusion0000-0001,6.1,232,0.8902727578234059,1.468541013225054
run-endocytosis2_baseline_zero_diffusion0000-0002,6.1,84,0.9911541551580612,1.4706568177208739
run-endocytosis2_baseline_zero_diffusion0000-0003,6.1,510,1.2679110624261813,1.5127263762554706
run-endocytosis2_baseline_zero_diffusion0000-0004,6.1,175,1.2030384986967888,1.4306055354246028
run-endocytosis2_baseline_zero_diffusion0000-0005,6.1,246,1.423303830912361,1.5120233227097737
run-endocytosis2_baseline_zero_diffusion0000-0006,6.1,506,1.1294544332118612,1.5072996982411067
run-endocytosis2_baseline_zero_diffusion0000-0007,6.1,202,1.0563424138801158,1.412933493345114
run-endocytosis2_baseline_zero_diffusion0000-0008,6.1,107,0.4582929811280727,1.4197659338623896
run-endocytosis2_baseline_zero_diffusion0000-0009,6.1,192,0.9726463900841509,1.4843250766117924
run-endocytosis2_baseline_zero_diffusion0000-0010,6.1,698,0.8401928010192482,1.5016105456574484
run-endocytosis2_baseline_zero_diffusion0000-0011,6.1,37,1.2245793235161284,1.32122296171083
run-endocytosis2_baseline_zero_diffusion0000-0012,6.1,141,1.1350462565059933,1.4574595672229416
run-endocytosis2_baseline_zero_diffusion0000-0013,6.1,277,0.7908363907183272,1.4288394431954277
run-endocytosis2_baseline_zero_diffusion0000-0014,6.1,236,1.2256330303890535,1.4403652152344524
run-endocytosis2_baseline_zero_diffusion0000-0015,6.1,30,0.6574532485325977,1.387877278391779
run-endocytosis2_baseline_zero_diffusion0000-0016,6.1,143,0.8957703426803898,1.4741917185771447
run-endocytosis2_baseline_zero_diffusion0000-0017,6.1,315,1.0502034443619879,1.5070700897518927
run-endocytosis2_baseline_zero_diffusion0000-0018,6.1,135,1.2871474182913443,1.4587481745084783
run-endocytosis2_baseline_zero_diffusion0000-0019,6.1,715,0.9655702089087056,1.5212849723852302
run-endocytosis2_baseline_zero_diffusion0000-0020,6.1,12,0.6809033951192982,1.2446671455276521
run-endocytosis2_baseline_zero_diffusion0000-0021,6.1,488,0.8715167793205237,1.4779781283271334
run-endocytosis2_baseline_zero_diffusion0000-0022,6.1,565,0.9862777742339914,1.493849236788959
run-endocytosis2_baseline_zero_diffusion0000-0023,6.1,335,1.2161002771390992,1.4748935803656362
run-endocytosis2_baseline_zero_diffusion0000-0024,6.1,69,1.1913235533320286,1.4447142554736923
run-endocytosis2_baseline_zero_diffusion0000-0025,6.1,154,0.5505576321041001,1.4780113766223186
run-endocytosis2_baseline_zero_diffusion0000-0027,6.1,133,1.0840860886521115,1.4442645538404353
run-endocytosis2_baseline_zero_diffusion0000-0028,6.1,208,1.3241991562881004,1.3938389620713953
run-endocytosis2_baseline_zero_diffusion0000-0029,6.1,396,1.1537135076187013,1.5087710902360627
run-endocytosis2_baseline_zero_diffusion0000-0030,6.1,463,1.0171087405773018,1.5075128498064794
run-endocytosis2_baseline_zero_diffusion0000-0031,6.1,222,0.8225332103536042,1.502323290447756
run-endocytosis2_baseline_zero_diffusion0000-0032,6.1,434,0.9718656176712639,1.4964190251663898
run-endocytosis2_baseline_zero_diffusion0000-0033,6.1,158,1.2303892271970382,1.4464729971282981
run-endocytosis2_baseline_zero_diffusion0000-0034,6.1,22,1.1922485312272588,1.247145701669746
run-endocytosis2_baseline_zero_diffusion0000-0035,6.1,11,0.953212759965515,1.1100970599720872
run-endocytosis2_baseline_zero_diffusion0000-0037,6.1,76,0.46519643667369204,1.3864265883761886
run-endocytosis2_baseline_zero_diffusion0000-0038,6.1,75,0.7818194181492427,1.368100912397195
run-endocytosis2_baseline_zero_diffusion0000-0039,6.1,70,0.8620215581795648,1.3755981658943497
run-endocytosis2_baseline_zero_diffusion0000-0040,6.1,39,0.8292838493713228,1.2252998300776978
run-endocytosis2_baseline_zero_diffusion0000-0041,6.1,588,1.284084704405585,1.533717446250264
run-endocytosis2_baseline_zero_diffusion0000-0042,6.1,491,0.8947668898059161,1.524384665959488
run-endocytosis2_baseline_zero_diffusion0000-0043,6.1,22,0.7455201885160344,1.3192691986922889
run-endocytosis2_baseline_zero_diffusion0000-0044,6.1,750,1.061807735399319,1.5136855986382054
run-endocytosis2_baseline_zero_diffusion0000-0046,6.1,25,0.9432678303081445,1.1633259636846423
run-endocytosis2_baseline_zero_diffusion0000-0047,6.1,107,1.0016032591729074,1.4089621525512328
run-endocytosis2_baseline_zero_diffusion0000-0048,6.1,231,1.2818154493935368,1.4972342124435896
run-endocytosis2_baseline_zero_diffusion0000-0049,6.1,19,1.0711542236541305,1.3501330702907077
run-endocytosis2_baseline_zero_diffusion0000-0000,6.2,30,1.1630880013805804,1.2333613030732635
run-endocytosis2_baseline_zero_diffusion0000-0001,6.2,232,0.9464049476946078,1.4761285677241094
run-endocytosis2_baseline_zero_diffusion0000-0002,6.2,85,0.971000308527548,1.4109465703996285
run-endocytosis2_baseline_zero_diffusion0000-0003,6.2,514,1.2782765231169027,1.521311879462066
run-endocytosis2_baseline_zero_diffusion0000-0004,6.2,175,1.1965938851641298,1.4853134254652356
run-endocytosis2_baseline_zero_diffusion0000-0005,6.2,246,1.3967691714278085,1.4705751290532996
run-endocytosis2_baseline_zero_diffusion0000-0006,6.2,522,1.0978933424540729,1.5189284190848824
run-endocytosis2_baseline_zero_diffusion0000-0007,6.2,202,1.1071125662565362,1.5236611153647857
run-endocytosis2_baseline_zero_diffusion0000-0008,6.2,116,0.49230634143022134,1.3749445974896366
run-endocytosis2_baseline_zero_diffusion0000-0009,6.2,192,0.9587383007222876,1.446176479218995
run-endocytosis2_baseline_zero_diffusion0000-0010,6.2,706,0.8462706347889034,1.5017771822092947
run-endocytosis2_baseline_zero_diffusion0000-0011,6.2,37,1.181217364852319,1.2420007959270696
run-endocytosis2_baseline_zero_diffusion0000-0012,6.2,148,1.2581410081423272,1.4718542059932698
run-endocytosis2_baseline_zero_diffusion0000-0013,6.2,269,0.8294736966804452,1.5054769198230302
run-endocytosis2_baseline_zero_diffusion0000-0014,6.2,246,1.2533899188886979,1.394350934671002
run-endocytosis2_baseline_zero_diffusion0000-0015,6.2,30,0.6470092826678429,1.3361955732693254
run-endocytosis2_baseline_zero_diffusion0000-0016,6.2,148,0.8087419178236313,1.3922716618815445
run-endocytosis2_baseline_zero_diffusion0000-0017,6.2,330,1.059517959550051,1.462728819433652
run-endocytosis2_baseline_zero_diffusion0000-0018,6.2,135,1.312459598766997,1.4063026565702068
run-endocytosis2_baseline_zero_diffusion0000-0019,6.2,726,0.9776822401226778,1.5172997504854115
run-endocytosis2_baseline_zero_diffusion0000-0020,6.2,12,0.6786588223618134,1.2083069161787103
run-endocytosis2_baseline_zero_diffusion0000-0021,6.2,493,0.8850391092516234,1.4959325274933912
run-endocytosis2_baseline_zero_diffusion0000-0022,6.2,578,0.9786873369893127,1.5261854573201625
run-endocytosis2_baseline_zero_diffusion0000-0023,6.2,338,1.211751960214738,1.5003039153310542
run-endocytosis2_baseline_zero_diffusion0000-0024,6.2,69,1.1937706649944704,1.4451524184194486
run-endocytosis2_baseline_zero_diffusion0000-0025,6.2,154,0.6407047575543291,1.4051775373962183
run-endocytosis2_baseline_zero_diffusion0000-0027,6.2,133,0.9628062436319013,1.4769271153295618
run-endocytosis2_baseline_zero_diffusion0000-0028,6.2,204,1.1732294784235109,1.4595039917938024
run-endocytosis2_baseline_zero_diffusion0000-0029,6.2,396,1.164615480821758,1.4830457657514888
run-endocytosis2_baseline_zero_diffusion0000-0030,6.2,474,0.96686531099162,1.5167543210922387
run-endocytosis2_baseline_zero_diffusion0000-0031,6.2,224,0.864771816205552,1.4686730988168926
run-endocytosis2_baseline_zero_diffusion0000-0032,6.2,445,1.009954028947828,1.5345866151040202
run-endocytosis2_baseline_zero_diffusion0000-0033,6.2,158,1.271846591795176,1.4786569121803486
run-endocytosis2_baseline_zero_diffusion0000-0034,6.2,22,1.1740805808529808,1.387165515889469
run-endocytosis2_baseline_zero_diffusion0000-0035,6.2,11,0.9649455144712737,1.1315498074372696
run-endocytosis2_baseline_zero_diffusion0000-0037,6.2,76,0.4640850369175715,1.4691510339829255
run-endocytosis2_baseline_zero_diffusion0000-0038,6.2,75,0.8436449548988607,1.395004408782211
run-endocytosis2_baseline_zero_diffusion0000-0039,6.2,70,1.1971416461012154,1.3916877574265527
run-endocytosis2_baseline_zero_diffusion0000-0040,6.2,39,0.7194162107047518,1.4379021744239604
run-endocytosis2_baseline_zero_diffusion0000-0041,6.2,588,1.2929141053523137,1.5030233678421974
run-endocytosis2_baseline_zero_diffusion0000-0042,6.2,502,0.9178428605803495,1.4638436153093266
run-endocytosis2_baseline_zero_diffusion0000-0043,6.2,22,0.7373927138402294,1.362526050780764
run-endocytosis2_baseline_zero_diffusion0000-0044,6.2,750,1.0421167950964878,1.5156693247155892
run-endocytosis2_baseline_zero_diffusion0000-0046,6.2,25,0.899606762647341,0.9230317133689844
run-endocytosis2_baseline_zero_diffusion0000-0047,6.2,107,0.9975313033661058,1.4739066216271015
run-endocytosis2_baseline_zero_diffusion0000-0048,6.2,240,1.1922452618530133,1.4888410222718143
run-endocytosis2_baseline_zero_diffusion0000-0049,6.2,19,1.0756221612340084,1.273985980741716
run-endocytosis2_baseline_zero_diffusion0000-0000,6.3,30,0.9680398460537625,1.1397407453489545
run-endocytosis2_baseline_zero_diffusion0000-0001,6.3,232,1.0452596706788944,1.500739155197097
run-endocytosis2_baseline_zero_diffusion0000-0002,6.3,85,0.9596276744019668,1.4449219604566461
run-endocytosis2_baseline_zero_diffusion0000-0003,6.3,516,1.2646075096531348,1.49169177956068
run-endocytosis2_baseline_zero_diffusion0000-0004,6.3,175,1.1911709959750247,1.33634163947469
run-endocytosis2_baseline_zero_diffusion0000-0005,6.3,249,1.3298282743280063,1.4943447931597644
run-endocytosis2_baseline_zero_diffusion0000-0006,6.3,522,1.0876835020854672,1.4734698956638697
run-endocytosis2_baseline_zero_diffusion0000-0007,6.3,207,1.1257840476584187,1.480039070654394
run-endocytosis2_baseline_zero_diffusion0000-0008,6.3,119,0.5267077961343491,1.4850163837050119
run-endocytosis2_baseline_zero_diffusion0000-0009,6.3,192,0.9589280315853491,1.4439855505335952
run-endocytosis2_baseline_zero_diffusion0000-0010,6.3,717,0.8932536939678423,1.4751269259238313
run-endocytosis2_baseline_zero_diffusion0000-0011,6.3,37,1.2231888032980183,1.1441669280388158
run-endocytosis2_baseline_zero_diffusion0000-0012,6.3,154,1.21828303302947,1.4330719276253612
run-endocytosis2_baseline_zero_diffusion0000-0013,6.3,269,0.8568190371360773,1.4958554113862546
run-endocytosis2_baseline_zero_diffusion0000-0014,6.3,251,1.2680922727412869,1.5152835341280626
run-endocytosis2_baseline_zero_diffusion0000-0015,6.3,30,0.6591536185058379,1.3731603632341647
run-endocytosis2_baseline_zero_diffusion0000-0016,6.3,152,0.8164084789647704,1.4413013913426673
run-endocytosis2_baseline_zero_diffusion0000-0017,6.3,344,1.1157698592461982,1.4643546532701694
run-endocytosis2_baseline_zero_diffusion0000-0018,6.3,132,1.2901583143821262,1.4568217011067495
run-endocytosis2_baseline_zero_diffusion0000-0019,6.3,733,0.9659384904576527,1.5320522201364895
run-endocytosis2_baseline_zero_diffusion0000-0020,6.3,12,0.6918182686547258,1.205302332947711
run-endocytosis2_baseline_zero_diffusion0000-0021,6.3,499,0.8990673616617251,1.4375616986549893
run-endocytosis2_baseline_zero_diffusion0000-0022,6.3,597,0.9452586245275348,1.5068917682033731
run-endocytosis2_baseline_zero_diffusion0000-0023,6.3,342,1.2274692779795182,1.458068604690039
run-endocytosis2_baseline_zero_diffusion0000-0024,6.3,69,1.0959803432419695,1.3084976183449057
run-endocytosis2_baseline_zero_diffusion0000-0025,6.3,154,0.6510211462848664,1.37581417125567
run-endocytosis2_baseline_zero_diffusion0000-0027,6.3,133,0.9848221282294213,1.3878319819333367
run-endocytosis2_baseline_zero_diffusion0000-0028,6.3,208,1.1816506946505734,1.4813510954273275
run-endocytosis2_baseline_zero_diffusion0000-0029,6.3,396,1.163822413671809,1.4989754619940965
run-endocytosis2_baseline_zero_diffusion0000-0030,6.3,488,0.9816471922244632,1.5063375724401677
run-endocytosis2_baseline_zero_diffusion0000-0031,6.3,229,0.8375674083142234,1.4492311715183088
run-endocytosis2_baseline_zero_diffusion0000-0032,6.3,454,0.9731716466668378,1.4863627844983098
run-endocytosis2_baseline_zero_diffusion0000-0033,6.3,158,1.24764821871506,1.4358238656157207
run-endocytosis2_baseline_zero_diffusion0000-0034,6.3,22,1.1649989897010475,1.35756610066929
run-endocytosis2_baseline_zero_diffusion0000-0035,6.3,11,0.9717059380709522,0.917553941739549
run-endocytosis2_baseline_zero_diffusion0000-0037,6.3,76,0.4823652410636332,1.2966169584114824
run-endocytosis2_baseline_zero_diffusion0000-0038,6.3,75,0.8118186721089883,1.3727509277321563
run-endocytosis2_baseline_zero_diffusion0000-0039,6.3,70,1.0988815273932264,1.3619198414005178
run-endocytosis2_baseline_zero_diffusion0000-0040,6.3,39,0.7252466849442175,1.4001192419312054
run-endocytosis2_baseline_zero_diffusion0000-0041,6.3,588,1.3305269132331887,1.5306794281338256
run-endocytosis2_baseline_zero_diffusion0000-0042,6.3,502,0.9220836854329721,1.5301782290649266
run-endocytosis2_baseline_zero_diffusion0000-0043,6.3,22,0.7302109072390041,1.165665245400426
run-endocytosis2_baseline_zero_diffusion0000-0044,6.3,750,1.0654110566457957,1.5132807810906859
run-endocytosis2_baseline_zero_diffusion0000-0046,6.3,25,0.9008334908134528,1.2154574250203865
run-endocytosis2_baseline_zero_diffusion0000-0047,6.3,107,0.9581814515218389,1.4275671544536448
run-endocytosis2_baseline_zero_diffusion0000-0048,6.3,242,1.2133286116671371,1.4184095982281995
run-endocytosis2_baseline_zero_diffusion0000-0049,6.3,19,1.1116605026461723,0.9120994888092655
run-endocytosis2_baseline_zero_diffusion0000-0000,6.4,30,0.847590890431848,1.2124547018758358
run-endocytosis2_baseline_zero_diffusion0000-0001,6.4,232,1.07699915647798,1.4368373964064962
run-endocytosis2_baseline_zero_diffusion0000-0002,6.4,86,0.954509368980818,1.4247399013956557
run-endocytosis2_baseline_zero_diffusion0000-0003,6.4,521,1.2159649116022155,1.5039535750375062
run-endocytosis2_baseline_zero_diffusion0000-0004,6.4,175,1.1679165464347685,1.486891974290839
run-endocytosis2_baseline_zero_diffusion0000-0005,6.4,249,1.3272995660893963,1.4965926924454314
run-endocytosis2_baseline_zero_diffusion0000-0006,6.4,541,1.1036609660599943,1.5287917522576808
run-endocytosis2_baseline_zero_diffusion0000-0007,6.4,207,1.1007608531386668,1.5108773103454187
run-endocytosis2_baseline_zero_diffusion0000-0008,6.4,126,0.5629718932220675,1.479019459312277
run-endocytosis2_baseline_zero_diffusion0000-0009,6.4,192,1.0039181962322274,1.470064547651784
run-endocytosis2_baseline_zero_diffusion0000-0010,6.4,728,0.912419908046274,1.5106783058713666
run-endocytosis2_baseline_zero_diffusion0000-0011,6.4,37,1.2551549565396052,1.4253191245909087
run-endocytosis2_baseline_zero_diffusion0000-0012,6.4,159,1.1860300098109187,1.4212487371460298
run-endocytosis2_baseline_zero_diffusion0000-0013,6.4,269,0.903004608640314,1.509985956140201
run-endocytosis2_baseline_zero_diffusion0000-0014,6.4,256,1.3446553748923884,1.4739866690633854
run-endocytosis2_baseline_zero_diffusion0000-0015,6.4,30,0.6434304660118744,1.4164656402879148
run-endocytosis2_baseline_zero_diffusion0000-0016,6.4,152,0.8454111633812194,1.4793940394616576
run-endocytosis2_baseline_zero_diffusion0000-0017,6.4,355,1.079987650171177,1.5126865521685886
run-endocytosis2_baseline_zero_diffusion0000-0018,6.4,132,1.249813042500831,1.4391492418803575
run-endocytosis2_baseline_zero_diffusion0000-0019,6.4,741,0.9533990576244852,1.5302929774548248
run-endocytosis2_baseline_zero_diffusion0000-0020,6.4,12,0.6484833793431448,1.1404640969990791
run-endocytosis2_baseline_zero_diffusion0000-0021,6.4,515,0.9573189503372636,1.5016314993215991
run-endocytosis2_baseline_zero_diffusion0000-0022,6.4,617,0.9184338225617593,1.5310135226346535
run-endocytosis2_baseline_zero_diffusion0000-0023,6.4,347,1.1976408459534,1.4855776177399331
run-endocytosis2_baseline_zero_diffusion0000-0024,6.4,69,1.1031880310334135,1.3793356496941116
run-endocytosis2_baseline_zero_diffusion0000-0025,6.4,154,0.5954791098030621,1.4868654795445655
run-endocytosis2_baseline_zero_diffusion0000-0027,6.4,133,0.9262980590716287,1.4570052111463128
run-endocytosis2_baseline_zero_diffusion0000-0028,6.4,210,1.2538311879989814,1.4773215991516881
run-endocytosis2_baseline_zero_diffusion0000-0029,6.4,396,1.208386514914008,1.5010650095255123
run-endocytosis2_baseline_zero_diffusion0000-0030,6.4,503,1.0063341712324385,1.5107627669213584
run-endocytosis2_baseline_zero_diffusion0000-0031,6.4,234,0.8260625154406935,1.4690690568269005
run-endocytosis2_baseline_zero_diffusion0000-0032,6.4,467,1.0509816453290401,1.5277891151411351
run-endocytosis2_baseline_zero_diffusion0000-0033,6.4,158,1.249874170044254,1.4932339797401575
run-endocytosis2_baseline_zero_diffusion0000-0034,6.4,22,1.2228029408123848,1.3275422027615096
run-endocytosis2_baseline_zero_diffusion0000-0035,6.4,11,0.9583559878744518,0.946678902586938
run-endocytosis2_baseline_zero_diffusion0000-0037,6.4,76,0.4065304309868314,1.3563577846207902
run-endocytosis2_baseline_zero_diffusion0000-0038,6.4,75,0.8190521611927455,1.4142109932888813
run-endocytosis2_baseline_zero_diffusion0000-0039,6.4,70,1.1666875821062281,1.2303075319061847
run-endocytosis2_baseline_zero_diffusion0000-0040,6.4,39,0.7981638031892034,1.3541268556701593
run-endocytosis2_baseline_zero_diffusion0000-0041,6.4,594,1.3469120852526981,1.499375894869982
run-endocytosis2_baseline_zero_diffusion0000-0042,6.4,510,0.9114582899016147,1.5124609722494382
run-endocytosis2_baseline_zero_diffusion0000-0043,6.4,22,0.7149863015960561,1.325809167340045
run-endocytosis2_baseline_zero_diffusion0000-0044,6.4,753,1.1062749598759032,1.51393108093254
run-endocytosis2_baseline_zero_diffusion0000-0046,6.4,25,0.9143043869100879,1.3339594167759923
run-endocytosis2_baseline_zero_diffusion0000-0047,6.4,107,0.9746633228223964,1.4617150684998637
run-endocytosis2_baseline_zero_diffusion0000-0048,6.4,249,1.1823806226982432,1.386800823106708
run-endocytosis2_baseline_zero_diffusion0000-0049,6.4,19,1.0990957021798828,1.3060711251887431
run-endocytosis2_baseline_zero_diffusion0000-0000,6.5,30,0.9115484046461897,1.2569468772960257
run-endocytosis2_baseline_zero_diffusion0000-0001,6.5,232,0.9333861199369956,1.5012134782029922
run-endocytosis2_baseline_zero_diffusion0000-0002,6.5,97,0.9604050243499924,1.4221181354169685
run-endocytosis2_baseline_zero_diffusion0000-0003,6.5,536,1.2369027081368813,1.4876570425141207
run-endocytosis2_baseline_zero_diffusion0000-0004,6.5,175,1.1286459379522946,1.493719602010863
run-endocytosis2_baseline_zero_diffusion0000-0005,6.5,249,1.3737328135152564,1.5014132125341928
run-endocytosis2_baseline_zero_diffusion0000-0006,6.5,542,1.126678239092376,1.4841070418041875
run-endocytosis2_baseline_zero_diffusion0000-0007,6.5,209,1.0303149318618083,1.4459769323500264
run-endocytosis2_baseline_zero_diffusion0000-0008,6.5,131,0.5903746874915929,1.3899349410013757
run-endocytosis2_baseline_zero_diffusion0000-0009,6.5,195,1.0205939585577353,1.445148254342158
run-endocytosis2_baseline_zero_diffusion0000-0010,6.5,757,0.8848067184368389,1.5188179345633603
run-endocytosis2_baseline_zero_diffusion0000-0011,6.5,37,1.2516319368941902,1.4092237061596375
run-endocytosis2_baseline_zero_diffusion0000-0012,6.5,162,1.1884274389642053,1.4753166892918115
run-endocytosis2_baseline_zero_diffusion0000-0013,6.5,269,0.8923497878118372,1.519004899015466
run-endocytosis2_baseline_zero_diffusion0000-0014,6.5,260,1.317305712062416,1.4360580879649234
run-endocytosis2_baseline_zero_diffusion0000-0015,6.5,30,0.6494717298841289,1.2761044622263644
run-endocytosis2_baseline_zero_diffusion0000-0016,6.5,152,0.8714097439939317,1.4673355756943476
run-endocytosis2_baseline_zero_diffusion0000-0017,6.5,369,1.0925390693190686,1.5140894817487336
run-endocytosis2_baseline_zero_diffusion0000-0018,6.5,135,1.240448463100375,1.3711412261666023
run-endocytosis2_baseline_zero_diffusion0000-0019,6.5,727,0.9561820860571251,1.527158048054868
run-endocytosis2_baseline_zero_diffusion0000-0020,6.5,12,0.6826019603772985,1.2468600802839678
run-endocytosis2_baseline_zero_diffusion0000-0021,6.5,530,0.9993706438609671,1.531065873793098
run-endocytosis2_baseline_zero_diffusion0000-0022,6.5,633,0.9142097624308178,1.5091450558367225
run-endocytosis2_baseline_zero_diffusion0000-0023,6.5,355,1.2867065044000539,1.5219830216303076
run-endocytosis2_baseline_zero_diffusion0000-0024,6.5,69,1.0517924840566697,1.3431437245411848
run-endocytosis2_baseline_zero_diffusion0000-0025,6.5,154,0.6562083485282766,1.4305203708747036
run-endocytosis2_baseline_zero_diffusion0000-0027,6.5,133,1.2734471238592517,1.4226573533252551
run-endocytosis2_baseline_zero_diffusion0000-0028,6.5,210,1.3054026118096775,1.4768863739266012
run-endocytosis2_baseline_zero_diffusion0000-0029,6.5,399,1.1463506554436822,1.520926265156596
run-endocytosis2_baseline_zero_diffusion0000-0030,6.5,506,1.0479117610440452,1.5054302973964342
run-endocytosis2_baseline_zero_diffusion0000-0031,6.5,239,0.8888611044503665,1.5059600283632295
run-endocytosis2_baseline_zero_diffusion0000-0032,6.5,472,1.0561172251482993,1.5039541316921796
run-endocytosis2_baseline_zero_diffusion0000-0033,6.5,158,1.3567074969924222,1.4739991872017426
run-endocytosis2_baseline_zero_diffusion0000-0034,6.5,22,1.2482184262785694,1.1232894652881997
run-endocytosis2_baseline_zero_diffusion0000-0035,6.5,11,0.9398430718134283,1.214590247780033
run-endocytosis2_baseline_zero_diffusion0000-0037,6.5,76,0.48571744836995756,1.315560021316753
run-endocytosis2_baseline_zero_diffusion0000-0038,6.5,75,0.7680877527985985,1.45126803075249
run-endocytosis2_baseline_zero_diffusion0000-0039,6.5,70,1.1350955345113631,1.4169860288420957
run-endocytosis2_baseline_zero_diffusion0000-0040,6.5,39,0.7851921409114178,1.3793148493881389
run-endocytosis2_baseline_zero_diffusion0000-0041,6.5,594,1.333798957387223,1.5188540190641167
run-endocytosis2_baseline_zero_diffusion0000-0042,6.5,523,1.010044191434571,1.5054910923742848
run-endocytosis2_baseline_zero_diffusion0000-0043,6.5,22,0.6959239318082715,1.2212255850067937
run-endocytosis2_baseline_zero_diffusion0000-0044,6.5,753,1.141419631579024,1.5007585107862902
run-endocytosis2_baseline_zero_diffusion0000-0046,6.5,25,0.939497411575651,1.1953808337097458
run-endocytosis2_baseline_zero_diffusion0000-0047,6.5,107,0.8473191985643865,1.4189725229772259
run-endocytosis2_baseline_zero_diffusion0000-0048,6.5,258,1.1886584426363132,1.5101507838512447
run-endocytosis2_baseline_zero_diffusion0000-0049,6.5,19,1.0893261332877187,1.3234848937353465
run-endocytosis2_baseline_zero_diffusion0000-0000,6.6,17,1.1952563291204426,1.1553670120093968
run-endocytosis2_baseline_zero_diffusion0000-0001,6.6,232,1.02803328294699,1.475159175659779
run-endocytosis2_baseline_zero_diffusion0000-0002,6.6,105,0.9210214249042302,1.4490303007765803
run-endocytosis2_baseline_zero_diffusion0000-0003,6.6,554,1.2828757545587246,1.5299323611900506
run-endocytosis2_baseline_zero_diffusion0000-0004,6.6,175,1.0918578522739655,1.4267167439254025
run-endocytosis2_baseline_zero_diffusion0000-0005,6.6,249,1.30897671609597,1.485632788239544
run-endocytosis2_baseline_zero_diffusion0000-0006,6.6,548,1.126283793133468,1.518710744649956
run-endocytosis2_baseline_zero_diffusion0000-0007,6.6,212,1.0489829334457128,1.480569637586615
run-endocytosis2_baseline_zero_diffusion0000-0008,6.6,135,0.5830224261575665,1.4508118207087835
run-endocytosis2_baseline_zero_diffusion0000-0009,6.6,201,1.0172827097367039,1.4850933416394478
run-endocytosis2_baseline_zero_diffusion0000-0010,6.6,780,0.8914552152153594,1.5203500146398594
run-endocytosis2_baseline_zero_diffusion0000-0011,6.6,37,1.2457964075787147,1.3906650129707665
run-endocytosis2_baseline_zero_diffusion0000-0012,6.6,168,1.2591510192124349,1.4793751907286006
run-endocytosis2_baseline_zero_diffusion0000-0013,6.6,274,0.8744227969359931,1.4842646912282271
run-endocytosis2_baseline_zero_diffusion0000-0014,6.6,263,1.2392882647382764,1.5218025732856133
run-endocytosis2_baseline_zero_diffusion0000-0015,6.6,30,0.6407193738545516,1.4172881956572267
run-endocytosis2_baseline_zero_diffusion0000-0016,6.6,152,0.8417424529330877,1.339003125237612
run-endocytosis2_baseline_zero_diffusion0000-0017,6.6,377,1.0575039873995524,1.478323398948191
run-endocytosis2_baseline_zero_diffusion0000-0018,6.6,132,1.134305757485162,1.4363188577760961
run-endocytosis2_baseline_zero_diffusion0000-0019,6.6,737,0.9287576146517739,1.516412868476853
run-endocytosis2_baseline_zero_diffusion0000-0020,6.6,12,0.7086805826278205,1.207949122425922
run-endocytosis2_baseline_zero_diffusion0000-0021,6.6,541,0.9726460064293165,1.4764755867712211
run-endocytosis2_baseline_zero_diffusion0000-0022,6.6,658,0.8764595433645311,1.4948762486690594
run-endocytosis2_baseline_zero_diffusion0000-0023,6.6,368,1.2781872280377955,1.5014038253930502
run-endocytosis2_baseline_zero_diffusion0000-0024,6.6,69,1.1095617932757096,1.4133472652564698
run-endocytosis2_baseline_zero_diffusion0000-0025,6.6,154,0.7064914750338851,1.463418294327178
run-endocytosis2_baseline_zero_diffusion0000-0027,6.6,133,1.0158498531893698,1.4758957836076594
run-endocytosis2_baseline_zero_diffusion0000-0028,6.6,210,1.3066264415878426,1.445349761499603
run-endocytosis2_baseline_zero_diffusion0000-0029,6.6,413,1.2420264077112126,1.5086834070813695
run-endocytosis2_baseline_zero_diffusion0000-0030,6.6,506,1.1009808490262039,1.519238554133779
run-endocytosis2_baseline_zero_diffusion0000-0031,6.6,239,0.9258008577137793,1.5032535159531943
run-endocytosis2_baseline_zero_diffusion0000-0032,6.6,483,1.0738854824563882,1.4993657631160406
run-endocytosis2_baseline_zero_diffusion0000-0033,6.6,158,1.350116719601219,1.4487666695470578
run-endocytosis2_baseline_zero_diffusion0000-0034,6.6,22,1.2896424266894695,1.3844806113892139
run-endocytosis2_baseline_zero_diffusion0000-0035,6.6,11,0.9414657987317909,0.8273371565789442
run-endocytosis2_baseline_zero_diffusion0000-0037,6.6,76,0.47389168476023324,1.445236623288451
run-endocytosis2_baseline_zero_diffusion0000-0038,6.6,75,0.8001331695780459,1.4255268634041642
run-endocytosis2_baseline_zero_diffusion0000-0039,6.6,70,1.0330053458113146,1.408877078726949
run-endocytosis2_baseline_zero_diffusion0000-0040,6.6,39,0.7424417436970464,1.4093386345067334
run-endocytosis2_baseline_zero_diffusion0000-0041,6.6,594,1.3424168973470376,1.5269125857044654
run-endocytosis2_baseline_zero_diffusion0000-0042,6.6,523,1.0302028468751958,1.5258663324683368
run-endocytosis2_baseline_zero_diffusion0000-0043,6.6,22,0.6952397341900656,1.21256083979821
run-endocytosis2_baseline_zero_diffusion0000-0044,6.6,753,1.0673106828914465,1.5315580300102274
run-endocytosis2_baseline_zero_diffusion0000-0046,6.6,25,0.9218182224619315,1.253236165511537
run-endocytosis2_baseline_zero_diffusion0000-0047,6.6,107,0.9123145025399257,1.3898034542872848
run-endocytosis2_baseline_zero_diffusion0000-0048,6.6,260,1.2072573986704596,1.5179296896308638
run-endocytosis2_baseline_zero_diffusion0000-0049,6.6,19,1.0887212989574366,1.2595052684112842
run-endocytosis2_baseline_zero_diffusion0000-0000,6.7,17,1.2547827579578588,1.0275347993127453
run-endocytosis2_baseline_zero_diffusion0000-0001,6.7,232,0.9830089395447705,1.4610223281657837
run-endocytosis2_baseline_zero_diffusion0000-0002,6.7,105,0.9235618959998791,1.469950806935755
run-endocytosis2_baseline_zero_diffusion0000-0003,6.7,569,1.2965724257041313,1.465100013216556
run-endocytosis2_baseline_zero_diffusion0000-0004,6.7,175,1.1183334479854041,1.4764251350132649
run-endocytosis2_baseline_zero_diffusion0000-0005,6.7,249,1.282820942018819,1.5008800611132933
run-endocytosis2_baseline_zero_diffusion0000-0006,6.7,557,1.081915005216543,1.5010667879244866
run-endocytosis2_baseline_zero_diffusion0000-0007,6.7,212,1.054881202550217,1.4525570726669694
run-endocytosis2_baseline_zero_diffusion0000-0008,6.7,138,0.6144409966366298,1.418984562281377
run-endocytosis2_baseline_zero_diffusion0000-0009,6.7,203,0.998905820166833,1.417714545841143
run-endocytosis2_baseline_zero_diffusion0000-0010,6.7,804,0.8720562713740776,1.5465380799721895
run-endocytosis2_baseline_zero_diffusion0000-0011,6.7,37,1.2452511040929468,1.4141021202233846
run-endocytosis2_baseline_zero_diffusion0000-0012,6.7,178,1.2167874144544768,1.5046864353666105
run-endocytosis2_baseline_zero_diffusion0000-0013,6.7,276,0.9155440986700388,1.4637241286691605
run-endocytosis2_baseline_zero_diffusion0000-0014,6.7,269,1.2933667631957635,1.4855167666843296
run-endocytosis2_baseline_zero_diffusion0000-0015,6.7,30,0.6507203751584326,1.2128858814087802
run-endocytosis2_baseline_zero_diffusion0000-0016,6.7,157,0.809539546446721,1.4372181275244722
run-endocytosis2_baseline_zero_diffusion0000-0017,6.7,380,1.0461236682890889,1.4551127229923004
run-endocytosis2_baseline_zero_diffusion0000-0018,6.7,141,1.0828292370553765,1.4804063151734221
run-endocytosis2_baseline_zero_diffusion0000-0019,6.7,746,1.031787817418107,1.5420913267271135
run-endocytosis2_baseline_zero_diffusion0000-0020,6.7,12,0.683442740247152,1.2471913794201093
run-endocytosis2_baseline_zero_diffusion0000-0021,6.7,558,0.9485228881208291,1.4865214450728406
run-endocytosis2_baseline_zero_diffusion0000-0022,6.7,674,0.8373918275989711,1.5166577646235744
run-endocytosis2_baseline_zero_diffusion0000-0023,6.7,374,1.2912792813849625,1.4990034887240415
run-endocytosis2_baseline_zero_diffusion0000-0024,6.7,69,1.0666925060751575,1.4564832161080818
run-endocytosis2_baseline_zero_diffusion0000-0025,6.7,154,0.7383117853336967,1.4383806114609687
run-endocytosis2_baseline_zero_diffusion0000-0027,6.7,133,0.9936807864943351,1.4947595599032324
run-endocytosis2_baseline_zero_diffusion0000-0028,6.7,184,1.239511409090933,1.461890742031282
run-endocytosis2_baseline_zero_diffusion0000-0029,6.7,424,1.2599802769353279,1.5040188047578038
run-endocytosis2_baseline_zero_diffusion0000-0030,6.7,506,1.0907246622042785,1.5273730765879039
run-endocytosis2_baseline_zero_diffusion0000-0031,6.7,239,0.9598992765104823,1.4927675271781844
run-endocytosis2_baseline_zero_diffusion0000-0032,6.7,490,1.034867654557293,1.521453040577097
run-endocytosis2_baseline_zero_diffusion0000-0033,6.7,214,1.222926083727235,1.4615280823941343
run-endocytosis2_baseline_zero_diffusion0000-0034,6.7,22,1.2780423512143306,1.2063286066563097
run-endocytosis2_baseline_zero_diffusion0000-0035,6.7,11,0.9261002164893589,1.2506587410424248
run-endocytosis2_baseline_zero_diffusion0000-0037,6.7,79,0.4056817224781051,1.4396659515489594
run-endocytosis2_baseline_zero_diffusion0000-0038,6.7,70,0.8223054901548287,1.444589985361026
run-endocytosis2_baseline_zero_diffusion0000-0039,6.7,70,1.061227964576978,1.3729169596959645
run-endocytosis2_baseline_zero_diffusion0000-0040,6.7,39,0.6972810681692837,1.3223121233051156
run-endocytosis2_baseline_zero_diffusion0000-0041,6.7,594,1.3397080524749805,1.5182620652439591
run-endocytosis2_baseline_zero_diffusion0000-0042,6.7,527,1.0119256336250206,1.521415119924969
run-endocytosis2_baseline_zero_diffusion0000-0043,6.7,22,0.6553626284729986,1.328274299188928
run-endocytosis2_baseline_zero_diffusion0000-0044,6.7,757,1.0690410119972311,1.5159267251097766
run-endocytosis2_baseline_zero_diffusion0000-0046,6.7,25,0.9290466676635005,1.1034293929533425
run-endocytosis2_baseline_zero_diffusion0000-0047,6.7,107,1.0116083815676995,1.441951652117064
run-endocytosis2_baseline_zero_diffusion0000-0048,6.7,273,1.2012016705190838,1.5129638149506113
run-endocytosis2_baseline_zero_diffusion0000-0049,6.7,19,1.0826747692527592,1.323671117172796
run-endocytosis2_baseline_zero_diffusion0000-0000,6.8,17,1.244982639900643,1.3059523040887295
run-endocytosis2_baseline_zero_diffusion0000-0001,6.8,232,0.995735553748129,1.4871815871637797
run-endocytosis2_baseline_zero_diffusion0000-0002,6.8,105,0.8811182706867061,1.4611026058077679
run-endocytosis2_baseline_zero_diffusion0000-0003,6.8,584,1.3188119965313567,1.5119702141019697
run-endocytosis2_baseline_zero_diffusion0000-0004,6.8,175,1.1625665545272375,1.4363567731673301
run-endocytosis2_baseline_zero_diffusion0000-0005,6.8,249,1.326889686866915,1.501543619724532
run-endocytosis2_baseline_zero_diffusion0000-0006,6.8,584,1.0238697205080323,1.4968200160854932
run-endocytosis2_baseline_zero_diffusion0000-0007,6.8,212,0.9843892548720924,1.4748971673696574
run-endocytosis2_baseline_zero_diffusion0000-0008,6.8,142,0.6258972928255074,1.4172108253269848
run-endocytosis2_baseline_zero_diffusion0000-0009,6.8,203,1.0688063337968061,1.4829294118913634
run-endocytosis2_baseline_zero_diffusion0000-0010,6.8,815,0.9268443477176375,1.535055811483846
run-endocytosis2_baseline_zero_diffusion0000-0011,6.8,37,1.2644537485992915,1.3967291717825618
run-endocytosis2_baseline_zero_diffusion0000-0012,6.8,188,1.2336641170676477,1.4984516817710263
run-endocytosis2_baseline_zero_diffusion0000-0013,6.8,279,0.9170333677962913,1.4966242428450318
run-endocytosis2_baseline_zero_diffusion0000-0014,6.8,284,1.2833532090866773,1.5152276341342052
run-endocytosis2_baseline_zero_diffusion0000-0015,6.8,30,0.6354043824668304,1.2903317521488613
run-endocytosis2_baseline_zero_diffusion0000-0016,6.8,162,0.8123476534544987,1.4540422963203694
run-endocytosis2_baseline_zero_diffusion0000-0017,6.8,380,1.0063465548315618,1.495034260879128
run-endocytosis2_baseline_zero_diffusion0000-0018,6.8,145,1.0589932099488597,1.4805484180351716
run-endocytosis2_baseline_zero_diffusion0000-0019,6.8,753,1.0757653237218454,1.5106908891955186
run-endocytosis2_baseline_zero_diffusion0000-0020,6.8,12,0.6043442525826743,1.3098729958722106
run-endocytosis2_baseline_zero_diffusion0000-0021,6.8,575,0.9491969796771849,1.5177586061152482
run-endocytosis2_baseline_zero_diffusion0000-0022,6.8,686,0.8217415273502244,1.5206663698116807
run-endocytosis2_baseline_zero_diffusion0000-0023,6.8,373,1.2486524407647916,1.513237535145889
run-endocytosis2_baseline_zero_diffusion0000-0024,6.8,69,0.980762697538882,1.3529521046349235
run-endocytosis2_baseline_zero_diffusion0000-0025,6.8,154,0.7545672863459638,1.4521854487440324
run-endocytosis2_baseline_zero_diffusion0000-0027,6.8,133,0.9457514976612806,1.438481820693263
run-endocytosis2_baseline_zero_diffusion0000-0028,6.8,182,1.2531987454817894,1.472072726487224
run-endocytosis2_baseline_zero_diffusion0000-0029,6.8,438,1.2727450330635057,1.4523273537191097
run-endocytosis2_baseline_zero_diffusion0000-0030,6.8,506,1.0654855779545818,1.524855372781798
run-endocytosis2_baseline_zero_diffusion0000-0031,6.8,239,0.9837300764881448,1.4995529388568518
run-endocytosis2_baseline_zero_diffusion0000-0032,6.8,498,1.0292638100617624,1.517654406844869
run-endocytosis2_baseline_zero_diffusion0000-0033,6.8,214,1.2466435287316149,1.4761409001481085
run-endocytosis2_baseline_zero_diffusion0000-0034,6.8,34,0.9836277066002166,1.2868181560976606
run-endocytosis2_baseline_zero_diffusion0000-0035,6.8,11,0.921452953755895,0.9405386575833379
run-endocytosis2_baseline_zero_diffusion0000-0037,6.8,83,0.40006899335641544,1.416708258953351
run-endocytosis2_baseline_zero_diffusion0000-0038,6.8,71,0.8693326012493574,1.329656780847923
run-endocytosis2_baseline_zero_diffusion0000-0039,6.8,70,1.0785353020015702,1.4335476557185631
run-endocytosis2_baseline_zero_diffusion0000-0040,6.8,39,0.7845094271608997,1.3556823652022756
run-endocytosis2_baseline_zero_diffusion0000-0041,6.8,594,1.3020015943167504,1.4993992222888561
run-endocytosis2_baseline_zero_diffusion0000-0042,6.8,534,0.9961337133415351,1.5001970543710488
run-endocytosis2_baseline_zero_diffusion0000-0043,6.8,22,0.6114697675982701,1.3977301796764146
run-endocytosis2_baseline_zero_diffusion0000-0044,6.8,773,1.0967744091762515,1.5383332008200523
run-endocytosis2_baseline_zero_diffusion0000-0046,6.8,25,0.89964024030048,1.3028160755672442
run-endocytosis2_baseline_zero_diffusion0000-0047,6.8,107,1.1242517927657092,1.3692413066496671
run-endocytosis2_baseline_zero_diffusion0000-0048,6.8,282,1.2743408101741704,1.3822653506718272
run-endocytosis2_baseline_zero_diffusion0000-0049,6.8,19,1.0769196288272915,1.3016349277016557
run-endocytosis2_baseline_zero_diffusion0000-0000,6.9,17,1.2309898265325825,1.3242342945695806
run-endocytosis2_baseline_zero_diffusion0000-0001,6.9,232,1.154069621130236,1.479038351912742
run-endocytosis2_baseline_zero_diffusion0000-0002,6.9,105,0.9338690213939493,1.4143393622906715
run-endocytosis2_baseline_zero_diffusion0000-0003,6.9,592,1.3825368848492223,1.5244367540454944
run-endocytosis2_baseline_zero_diffusion0000-0004,6.9,171,1.1242597053848207,1.4723422895754474
run-endocytosis2_baseline_zero_diffusion0000-0005,6.9,249,1.3208441877729282,1.4986822524292565
run-endocytosis2_baseline_zero_diffusion0000-0006,6.9,609,1.053192895941351,1.5021582356161496
run-endocytosis2_baseline_zero_diffusion0000-0007,6.9,218,0.9887167512359684,1.4258370955525719
run-endocytosis2_baseline_zero_diffusion0000-0008,6.9,147,0.6070626993933129,1.4446483036680056
run-endocytosis2_baseline_zero_diffusion0000-0009,6.9,206,0.969051894204347,1.4636577827117507
run-endocytosis2_baseline_zero_diffusion0000-0010,6.9,837,0.9201635235666302,1.5235163390283242
run-endocytosis2_baseline_zero_diffusion0000-0011,6.9,37,1.2455407925335606,1.404023073014698
run-endocytosis2_baseline_zero_diffusion0000-0012,6.9,194,1.2388591110495777,1.367409964850996
run-endocytosis2_baseline_zero_diffusion0000-0013,6.9,283,0.9348496170170579,1.4801371187468584
run-endocytosis2_baseline_zero_diffusion0000-0014,6.9,293,1.2495900668910347,1.5085896403652603
run-endocytosis2_baseline_zero_diffusion0000-0015,6.9,30,0.6165869076443345,1.3728014601061684
run-endocytosis2_baseline_zero_diffusion0000-0016,6.9,167,0.8242614533555205,1.4996875908300722
run-endocytosis2_baseline_zero_diffusion0000-0017,6.9,380,1.025109124823191,1.500995960806332
run-endocytosis2_baseline_zero_diffusion0000-0018,6.9,148,1.0052390206415343,1.4657064012022594
run-endocytosis2_baseline_zero_diffusion0000-0019,6.9,758,1.0984524094633734,1.5168094766932496
run-endocytosis2_baseline_zero_diffusion0000-0020,6.9,12,0.8228775988692816,1.309170145230087
run-endocytosis2_baseline_zero_diffusion0000-0021,6.9,586,0.9234804995810694,1.5264039567355259
run-endocytosis2_baseline_zero_diffusion0000-0022,6.9,709,0.8292766006561968,1.5275982082801054
run-endocytosis2_baseline_zero_diffusion0000-0023,6.9,375,1.3132606627610295,1.4863211914309715
run-endocytosis2_baseline_zero_diffusion0000-0024,6.9,69,0.997053156850682,1.3435428124688849
run-endocytosis2_baseline_zero_diffusion0000-0025,6.9,159,0.8144145433407296,1.453883527140574
run-endocytosis2_baseline_zero_diffusion0000-0027,6.9,133,1.0230953874159732,1.459070952507387
run-endocytosis2_baseline_zero_diffusion0000-0028,6.9,192,1.2250882874259832,1.4629972148939132
run-endocytosis2_baseline_zero_diffusion0000-0029,6.9,449,1.2564733927506415,1.483389744848708
run-endocytosis2_baseline_zero_diffusion0000-0030,6.9,506,1.067926766214884,1.530943938284244
run-endocytosis2_baseline_zero_diffusion0000-0031,6.9,239,0.948324394666479,1.4886113313008118
run-endocytosis2_baseline_zero_diffusion0000-0032,6.9,509,1.0575238629695463,1.5214894186609955
run-endocytosis2_baseline_zero_diffusion0000-0033,6.9,214,1.2058040215054948,1.5135880947865195
run-endocytosis2_baseline_zero_diffusion0000-0034,6.9,34,0.97656600805387,1.2682272800648746
run-endocytosis2_baseline_zero_diffusion0000-0035,6.9,11,0.9660074719913361,1.2327958160410566
run-endocytosis2_baseline_zero_diffusion0000-0037,6.9,83,0.43025530328798123,1.3597760912975856
run-endocytosis2_baseline_zero_diffusion0000-0038,6.9,71,0.7784723191308512,1.4948092304371512
run-endocytosis2_baseline_zero_diffusion0000-0039,6.9,70,1.1173184741883226,1.3456972855518148
run-endocytosis2_baseline_zero_diffusion0000-0040,6.9,39,0.7402541785824651,1.3489092584665638
run-endocytosis2_baseline_zero_diffusion0000-0041,6.9,598,1.2691780457034443,1.4986819639808169
run-endocytosis2_baseline_zero_diffusion0000-0042,6.9,539,0.9546842167438732,1.4859922000445616
run-endocytosis2_baseline_zero_diffusion0000-0043,6.9,22,0.7055014945983773,1.3373352184465725
run-endocytosis2_baseline_zero_diffusion0000-0044,6.9,784,1.1078897373978704,1.5304183897307577
run-endocytosis2_baseline_zero_diffusion0000-0046,6.9,25,0.923118665822005,1.2107070302773844
run-endocytosis2_baseline_zero_diffusion0000-0047,6.9,110,1.0737907502717707,1.454904483798256
run-endocytosis2_baseline_zero_diffusion0000-0048,6.9,287,1.3108121925264142,1.4871796573965528
run-endocytosis2_baseline_zero_diffusion0000-0049,6.9,19,1.0779587548042013,0.957459998741598
run-endocytosis2_baseline_zero_diffusion0000-0000,7.0,17,1.214510763469476,1.2296280182371557
run-endocytosis2_baseline_zero_diffusion0000-0001,7.0,232,1.1070258546983607,1.4858530500237865
run-endocytosis2_baseline_zero_diffusion0000-0002,7.0,105,0.9273427340440077,1.4725465888550495
run-endocytosis2_baseline_zero_diffusion0000-0003,7.0,599,1.3706931367900916,1.5342538013889069
run-endocytosis2_baseline_zero_diffusion0000-0004,7.0,178,1.1273276618882628,1.3712226057843993
run-endocytosis2_baseline_zero_diffusion0000-0005,7.0,249,1.3843301361198017,1.4954969911486722
run-endocytosis2_baseline_zero_diffusion0000-0006,7.0,627,1.09834270837011,1.4749216790895772
run-endocytosis2_baseline_zero_diffusion0000-0007,7.0,218,1.0404326367314392,1.4914233275355093
run-endocytosis2_baseline_zero_diffusion0000-0008,7.0,148,0.5767558926958091,1.462757639255882
run-endocytosis2_baseline_zero_diffusion0000-0009,7.0,206,0.9610768940531013,1.4809952277610454
run-endocytosis2_baseline_zero_diffusion0000-0010,7.0,859,0.9518963754766031,1.526691831351851
run-endocytosis2_baseline_zero_diffusion0000-0011,7.0,37,1.2593571419222842,1.4005728609570267
run-endocytosis2_baseline_zero_diffusion0000-0012,7.0,199,1.2001697820301684,1.4920291983990357
run-endocytosis2_baseline_zero_diffusion0000-0013,7.0,293,1.0044358683292494,1.4641631137110132
run-endocytosis2_baseline_zero_diffusion0000-0014,7.0,306,1.215955842292439,1.5046869781943268
run-endocytosis2_baseline_zero_diffusion0000-0015,7.0,30,0.614666587486414,1.4130924509161202
run-endocytosis2_baseline_zero_diffusion0000-0016,7.0,167,0.8139455790610464,1.450472535570102
run-endocytosis2_baseline_zero_diffusion0000-0017,7.0,380,0.9800056798191696,1.4723608075697172
run-endocytosis2_baseline_zero_diffusion0000-0018,7.0,151,0.9921156349860457,1.4933186744925138
run-endocytosis2_baseline_zero_diffusion0000-0019,7.0,769,1.1039250286103228,1.5138172586125438
run-endocytosis2_baseline_zero_diffusion0000-0020,7.0,12,0.7363477584786219,1.0493407426496326
run-endocytosis2_baseline_zero_diffusion0000-0021,7.0,586,0.890865762727427,1.5352333837269694
run-endocytosis2_baseline_zero_diffusion0000-0022,7.0,728,0.8568918675333294,1.5346723743854718
run-endocytosis2_baseline_zero_diffusion0000-0023,7.0,375,1.2825377854768742,1.5004758071290702
run-endocytosis2_baseline_zero_diffusion0000-0024,7.0,69,1.0712721699873047,1.4431614963921495
run-endocytosis2_baseline_zero_diffusion0000-0025,7.0,164,0.8364037007058306,1.4867523505152955
run-endocytosis2_baseline_zero_diffusion0000-0027,7.0,133,1.1167234257247092,1.3986068898982698
run-endocytosis2_baseline_zero_diffusion0000-0028,7.0,192,1.2731956010572927,1.5149830020506976
run-endocytosis2_baseline_zero_diffusion0000-0029,7.0,466,1.2210771786764651,1.517517202763011
run-endocytosis2_baseline_zero_diffusion0000-0030,7.0,512,1.057950909268126,1.5309897525096454
run-endocytosis2_baseline_zero_diffusion0000-0031,7.0,239,0.9806968555261343,1.492216411760288
run-endocytosis2_baseline_zero_diffusion0000-0032,7.0,531,1.1230665644700788,1.5313023583480176
run-endocytosis2_baseline_zero_diffusion0000-0033,7.0,219,1.205263091873665,1.4625506222611215
run-endocytosis2_baseline_zero_diffusion0000-0034,7.0,34,0.9764757474936289,1.3374494852454368
run-endocytosis2_baseline_zero_diffusion0000-0035,7.0,11,0.9498671696218733,1.2875319306627084
run-endocytosis2_baseline_zero_diffusion0000-0037,7.0,83,0.4024014230686488,1.434763999070263
run-endocytosis2_baseline_zero_diffusion0000-0038,7.0,71,0.7727924947756244,1.3412154298143644
run-endocytosis2_baseline_zero_diffusion0000-0039,7.0,70,1.2233603165825597,1.292351479413672
run-endocytosis2_baseline_zero_diffusion0000-0040,7.0,39,0.850275714686745,1.408067564898557
run-endocytosis2_baseline_zero_diffusion0000-0041,7.0,603,1.321959042732995,1.5037521052721035
run-endocytosis2_baseline_zero_diffusion0000-0042,7.0,541,0.9281801806204943,1.5372719261459358
run-endocytosis2_baseline_zero_diffusion0000-0043,7.0,22,0.7012178534095717,1.2427876041699946
run-endocytosis2_baseline_zero_diffusion0000-0044,7.0,780,1.1234294396230677,1.503888830198282
run-endocytosis2_baseline_zero_diffusion0000-0046,7.0,25,0.9408929862530292,1.2855459164954222
run-endocytosis2_baseline_zero_diffusion0000-0047,7.0,117,0.8788037464538199,1.4047454931374144
run-endocytosis2_baseline_zero_diffusion0000-0048,7.0,300,1.272442937473068,1.4832076826382077
run-endocytosis2_baseline_zero_diffusion0000-0049,7.0,19,1.0940534991391324,1.225949477673026
run-endocytosis2_baseline_zero_diffusion0000-0000,7.1,17,1.2182432661433438,1.2371037356543073
run-endocytosis2_baseline_zero_diffusion0000-0001,7.1,232,1.1488330435470737,1.5090256506091422
run-endocytosis2_baseline_zero_diffusion0000-0002,7.1,105,0.9320480856369774,1.4415646471704224
run-endocytosis2_baseline_zero_diffusion0000-0003,7.1,613,1.388183937953868,1.5094673979406568
run-endocytosis2_baseline_zero_diffusion0000-0004,7.1,183,1.1705510635494691,1.4583905100645755
run-endocytosis2_baseline_zero_diffusion0000-0005,7.1,249,1.3732208973673907,1.5127928312604044
run-endocytosis2_baseline_zero_diffusion0000-0006,7.1,646,1.0577106889349106,1.5271586201027878
run-endocytosis2_baseline_zero_diffusion0000-0007,7.1,221,0.9808028920582332,1.4779140843836767
run-endocytosis2_baseline_zero_diffusion0000-0008,7.1,154,0.6026088536129546,1.450375168532324
run-endocytosis2_baseline_zero_diffusion0000-0009,7.1,206,0.9498280209399534,1.4185108550763088
run-endocytosis2_baseline_zero_diffusion0000-0010,7.1,891,0.974140143760544,1.533435678808442
run-endocytosis2_baseline_zero_diffusion0000-0011,7.1,37,1.2478706077974988,1.4019125420030316
run-endocytosis2_baseline_zero_diffusion0000-0012,7.1,204,1.219320589216207,1.4909084005683855
run-endocytosis2_baseline_zero_diffusion0000-0013,7.1,299,1.0490937103835312,1.4843588533745244
run-endocytosis2_baseline_zero_diffusion0000-0014,7.1,312,1.2101754737838148,1.502665789096256
run-endocytosis2_baseline_zero_diffusion0000-0015,7.1,30,0.6172257780044897,1.2559392525842448
run-endocytosis2_baseline_zero_diffusion0000-0016,7.1,167,0.7962224186968236,1.4739097057676736
run-endocytosis2_baseline_zero_diffusion0000-0017,7.1,380,0.9985985877569077,1.4389509218522036
run-endocytosis2_baseline_zero_diffusion0000-0018,7.1,153,0.9773259158102495,1.471752956733405
run-endocytosis2_baseline_zero_diffusion0000-0019,7.1,779,1.1169350138405716,1.5035003112943879
run-endocytosis2_baseline_zero_diffusion0000-0020,7.1,12,0.7071465799265101,1.131176287113881
run-endocytosis2_baseline_zero_diffusion0000-0021,7.1,586,0.9195607081137885,1.5347135348414798
run-endocytosis2_baseline_zero_diffusion0000-0022,7.1,744,0.8799258521391851,1.5257014606451995
run-endocytosis2_baseline_zero_diffusion0000-0023,7.1,375,1.3082951124950932,1.5270079030723316
run-endocytosis2_baseline_zero_diffusion0000-0024,7.1,69,1.0544326476260286,1.4733384589951468
run-endocytosis2_baseline_zero_diffusion0000-0025,7.1,166,0.8192226637431709,1.4302312508524029
run-endocytosis2_baseline_zero_diffusion0000-0027,7.1,133,1.1273560241732614,1.4089394898925216
run-endocytosis2_baseline_zero_diffusion0000-0028,7.1,199,1.251912024634269,1.4489485866480212
run-endocytosis2_baseline_zero_diffusion0000-0029,7.1,476,1.2248903676893217,1.5179311827374982
run-endocytosis2_baseline_zero_diffusion0000-0030,7.1,520,1.0376749759428117,1.5330706256080715
run-endocytosis2_baseline_zero_diffusion0000-0031,7.1,239,0.9793542932472691,1.4733074690144057
run-endocytosis2_baseline_zero_diffusion0000-0032,7.1,540,1.0592636373610547,1.5019181462346927
run-endocytosis2_baseline_zero_diffusion0000-0033,7.1,232,1.2266650483263581,1.4378286868265557
run-endocytosis2_baseline_zero_diffusion0000-0034,7.1,34,1.0029846339424249,1.192034927664028
run-endocytosis2_baseline_zero_diffusion0000-0035,7.1,11,0.9372118102084095,1.2719113810058853
run-endocytosis2_baseline_zero_diffusion0000-0037,7.1,87,0.4448821504538949,1.4064028961328332
run-endocytosis2_baseline_zero_diffusion0000-0038,7.1,71,0.7882733562022821,1.2927086517252875
run-endocytosis2_baseline_zero_diffusion0000-0039,7.1,70,1.2413987917046663,1.4456955337083934
run-endocytosis2_baseline_zero_diffusion0000-0040,7.1,39,0.8406160891996761,1.3152804342558457
run-endocytosis2_baseline_zero_diffusion0000-0041,7.1,612,1.3385453000128782,1.5170544559827932
run-endocytosis2_baseline_zero_diffusion0000-0042,7.1,541,0.9663481817880312,1.4816983658382614
run-endocytosis2_baseline_zero_diffusion0000-0043,7.1,22,0.7554088681347029,1.4013400133950231
run-endocytosis2_baseline_zero_diffusion0000-0044,7.1,784,1.1062885791206463,1.531178786673795
run-endocytosis2_baseline_zero_diffusion0000-0046,7.1,25,0.9183609237127203,1.3756506797610182
run-endocytosis2_baseline_zero_diffusion0000-0047,7.1,117,0.9992707759530554,1.4327337808603249
run-endocytosis2_baseline_zero_diffusion0000-0048,7.1,294,1.2778847954286288,1.4671168271439399
run-endocytosis2_baseline_zero_diffusion0000-0049,7.1,19,1.0929715974663998,1.2021943585845942
run-endocytosis2_baseline_zero_diffusion0000-0000,7.2,17,1.2118285944815805,1.2735571123321492
run-endocytosis2_baseline_zero_diffusion0000-0001,7.2,232,1.1265761387991884,1.512815629899422
run-endocytosis2_baseline_zero_diffusion0000-0002,7.2,105,0.8676351831112508,1.3681346923718767
run-endocytosis2_baseline_zero_diffusion0000-0003,7.2,623,1.4006541120439657,1.5160618280003912
run-endocytosis2_baseline_zero_diffusion0000-0004,7.2,188,1.161829455281693,1.3987343147195932
run-endocytosis2_baseline_zero_diffusion0000-0005,7.2,249,1.3760345732040482,1.5077137642911953
run-endocytosis2_baseline_zero_diffusion0000-0006,7.2,672,1.1061827654872967,1.4872194418200424
run-endocytosis2_baseline_zero_diffusion0000-0007,7.2,224,0.9508240171473963,1.4537350945076288
run-endocytosis2_baseline_zero_diffusion0000-0008,7.2,159,0.6165862604699197,1.4606536117176514
run-endocytosis2_baseline_zero_diffusion0000-0009,7.2,213,1.0076971247893116,1.4623178077438483
run-endocytosis2_baseline_zero_diffusion0000-0010,7.2,918,0.9823035144378182,1.5378511754900925
run-endocytosis2_baseline_zero_diffusion0000-0011,7.2,37,1.2614957437868901,1.131505392910613
run-endocytosis2_baseline_zero_diffusion0000-0012,7.2,212,1.17021028315989,1.4869144362983777
run-endocytosis2_baseline_zero_diffusion0000-0013,7.2,304,1.068161322044686,1.502227960237663
run-endocytosis2_baseline_zero_diffusion0000-0014,7.2,318,1.2767261933766156,1.5266854762742308
run-endocytosis2_baseline_zero_diffusion0000-0015,7.2,30,0.6331054293689085,1.399849119887812
run-endocytosis2_baseline_zero_diffusion0000-0016,7.2,167,0.7518111969961182,1.4952742198914868
run-endocytosis2_baseline_zero_diffusion0000-0017,7.2,384,1.078544583570584,1.4553145367426394
run-endocytosis2_baseline_zero_diffusion0000-0018,7.2,165,0.9486445344117045,1.5294372982993345
run-endocytosis2_baseline_zero_diffusion0000-0019,7.2,792,1.120132283681549,1.4865945624451398
run-endocytosis2_baseline_zero_diffusion0000-0020,7.2,12,0.7355178284568974,1.354028844742973
run-endocytosis2_baseline_zero_diffusion0000-0021,7.2,588,0.9690217000814788,1.4836819977374545
run-endocytosis2_baseline_zero_diffusion0000-0022,7.2,755,0.8711968851212579,1.5401910594965906
run-endocytosis2_baseline_zero_diffusion0000-0023,7.2,386,1.1913001857679666,1.5196991751038615
run-endocytosis2_baseline_zero_diffusion0000-0024,7.2,69,1.1082452353528152,1.2354488446786083
run-endocytosis2_baseline_zero_diffusion0000-0025,7.2,166,0.8986944431903732,1.4943058221456957
run-endocytosis2_baseline_zero_diffusion0000-0027,7.2,133,1.2018994257635651,1.509629806448687
run-endocytosis2_baseline_zero_diffusion0000-0028,7.2,195,1.2821296000503046,1.4595354644611938
run-endocytosis2_baseline_zero_diffusion0000-0029,7.2,484,1.2801438380273789,1.5306399417701044
run-endocytosis2_baseline_zero_diffusion0000-0030,7.2,520,1.0519615289439215,1.532248613607847
run-endocytosis2_baseline_zero_diffusion0000-0031,7.2,239,0.9940880438330139,1.4651267297453352
run-endocytosis2_baseline_zero_diffusion0000-0032,7.2,556,1.095777783307696,1.507852418840848
run-endocytosis2_baseline_zero_diffusion0000-0033,7.2,250,1.1779306880420335,1.4907991587877578
run-endocytosis2_baseline_zero_diffusion0000-0034,7.2,34,1.0113778597023582,1.3064497535070185
run-endocytosis2_baseline_zero_diffusion0000-0035,7.2,11,0.9394135042331858,1.1765861530924848
run-endocytosis2_baseline_zero_diffusion0000-0037,7.2,89,0.42789208805695256,1.3851351472516515
run-endocytosis2_baseline_zero_diffusion0000-0038,7.2,71,0.7517850877600635,1.46031856782873
run-endocytosis2_baseline_zero_diffusion0000-0039,7.2,70,1.1619416227518449,1.4249870512480658
run-endocytosis2_baseline_zero_diffusion0000-0040,7.2,39,0.8427325128068124,1.4285624131093415
run-endocytosis2_baseline_zero_diffusion0000-0041,7.2,618,1.366846229126008,1.4927967044816608
run-endocytosis2_baseline_zero_diffusion0000-0042,7.2,541,1.0191535127901734,1.487523841913378
run-endocytosis2_baseline_zero_diffusion0000-0043,7.2,22,0.7543528107903302,1.3167118110304628
run-endocytosis2_baseline_zero_diffusion0000-0044,7.2,784,1.1316365370863672,1.4900516186195136
run-endocytosis2_baseline_zero_diffusion0000-0046,7.2,25,0.9242520073962545,1.3453526243210527
run-endocytosis2_baseline_zero_diffusion0000-0047,7.2,117,1.097690311934864,1.439133998571341
run-endocytosis2_baseline_zero_diffusion0000-0048,7.2,308,1.2001899312702733,1.4851806817343338
run-endocytosis2_baseline_zero_diffusion0000-0049,7.2,19,1.1066111852075529,1.0672027878198396
run-endocytosis2_baseline_zero_diffusion0000-0000,7.3,17,1.2037689800333187,1.2928529578023675
run-endocytosis2_baseline_zero_diffusion0000-0001,7.3,232,1.1029464631979056,1.4661110752208075
run-endocytosis2_baseline_zero_diffusion0000-0002,7.3,110,1.035035323399108,1.4023400174204401
run-endocytosis2_baseline_zero_diffusion0000-0003,7.3,635,1.3750114674433014,1.468407157919823
run-endocytosis2_baseline_zero_diffusion0000-0004,7.3,201,1.176167161458858,1.5137198369395957
run-endocytosis2_baseline_zero_diffusion0000-0005,7.3,249,1.3472302317469795,1.4517872560725658
run-endocytosis2_baseline_zero_diffusion0000-0006,7.3,689,1.1548717084713995,1.4888534245364855
run-endocytosis2_baseline_zero_diffusion0000-0007,7.3,228,0.9601904732508078,1.479755795077207
run-endocytosis2_baseline_zero_diffusion0000-0008,7.3,159,0.5960213489884862,1.4289503508782702
run-endocytosis2_baseline_zero_diffusion0000-0009,7.3,214,0.9518517052083311,1.4795077229349545
run-endocytosis2_baseline_zero_diffusion0000-0010,7.3,934,0.9948662822224308,1.5219884608156118
run-endocytosis2_baseline_zero_diffusion0000-0011,7.3,37,1.2524386975637956,1.2794856454861654
run-endocytosis2_baseline_zero_diffusion0000-0012,7.3,229,1.2349949764305566,1.4751641762687948
run-endocytosis2_baseline_zero_diffusion0000-0013,7.3,313,1.0687912147646808,1.5104445395128396
run-endocytosis2_baseline_zero_diffusion0000-0014,7.3,336,1.2766982130619466,1.5049400482526665
run-endocytosis2_baseline_zero_diffusion0000-0015,7.3,30,0.5929835619622792,1.2508301475925325
run-endocytosis2_baseline_zero_diffusion0000-0016,7.3,167,0.7850672816182896,1.4782923602412492
run-endocytosis2_baseline_zero_diffusion0000-0017,7.3,388,1.0390201620981694,1.4661672583639545
run-endocytosis2_baseline_zero_diffusion0000-0018,7.3,167,0.8519764032194748,1.3319027600473803
run-endocytosis2_baseline_zero_diffusion0000-0019,7.3,797,1.2194182906597026,1.506580958530842
run-endocytosis2_baseline_zero_diffusion0000-0020,7.3,12,0.8235934000919086,1.181818502393269
run-endocytosis2_baseline_zero_diffusion0000-0021,7.3,588,0.9455144165074857,1.4880744136815969
run-endocytosis2_baseline_zero_diffusion0000-0022,7.3,773,0.9011412205916687,1.5058098867040783
run-endocytosis2_baseline_zero_diffusion0000-0023,7.3,389,1.192495055311318,1.4707671090918855
run-endocytosis2_baseline_zero_diffusion0000-0024,7.3,69,1.1074795422637098,1.4582709115911192
run-endocytosis2_baseline_zero_diffusion0000-0025,7.3,166,0.8699093460543387,1.4082651440604876
run-endocytosis2_baseline_zero_diffusion0000-0027,7.3,133,1.2289866950297457,1.388475809456013
run-endocytosis2_baseline_zero_diffusion0000-0028,7.3,192,1.3251321431293672,1.4742867743381496
run-endocytosis2_baseline_zero_diffusion0000-0029,7.3,493,1.2989781143198924,1.5134351702314355
run-endocytosis2_baseline_zero_diffusion0000-0030,7.3,525,1.140288727342212,1.5086518077984956
run-endocytosis2_baseline_zero_diffusion0000-0031,7.3,239,0.9540762210562093,1.4980761733320958
run-endocytosis2_baseline_zero_diffusion0000-0032,7.3,583,1.1489617012222277,1.5239468879784215
run-endocytosis2_baseline_zero_diffusion0000-0033,7.3,268,1.2058723241176585,1.5112391401843837
run-endocytosis2_baseline_zero_diffusion0000-0034,7.3,22,1.3006300123986778,1.223758637972654
run-endocytosis2_baseline_zero_diffusion0000-0035,7.3,11,0.9400099885776282,1.3360120297784772
run-endocytosis2_baseline_zero_diffusion0000-0037,7.3,89,0.45376768665083667,1.4977757467535577
run-endocytosis2_baseline_zero_diffusion0000-0038,7.3,71,0.7837482766875191,1.2638360433969864
run-endocytosis2_baseline_zero_diffusion0000-0039,7.3,70,1.1070290429636362,1.3934966064184064
run-endocytosis2_baseline_zero_diffusion0000-0040,7.3,39,0.8134332977663798,1.2251320692969454
run-endocytosis2_baseline_zero_diffusion0000-0041,7.3,624,1.3621794518268393,1.5225805274988404
run-endocytosis2_baseline_zero_diffusion0000-0042,7.3,541,0.9957071507755731,1.476572723199154
run-endocytosis2_baseline_zero_diffusion0000-0043,7.3,22,0.7406041735085624,1.2059177071498426
run-endocytosis2_baseline_zero_diffusion0000-0044,7.3,798,1.106996002078948,1.490931776871722
run-endocytosis2_baseline_zero_diffusion0000-0046,7.3,60,1.022903602206464,1.375173445086665
run-endocytosis2_baseline_zero_diffusion0000-0047,7.3,117,1.1353240393191226,1.4412522567960266
run-endocytosis2_baseline_zero_diffusion0000-0048,7.3,313,1.1979235468267075,1.4593521086603394
run-endocytosis2_baseline_zero_diffusion0000-0049,7.3,19,1.1169669244479477,0.9851747520279468
run-endocytosis2_baseline_zero_diffusion0000-0000,7.4,17,1.2116238355877693,1.2515845104215855
run-endocytosis2_baseline_zero_diffusion0000-0001,7.4,232,1.1125649973014742,1.4058894003863411
run-endocytosis2_baseline_zero_diffusion0000-0002,7.4,115,1.0688415763242438,1.4326747245673175
run-endocytosis2_baseline_zero_diffusion0000-0003,7.4,648,1.3367518940855048,1.5051869203027608
run-endocytosis2_baseline_zero_diffusion0000-0004,7.4,207,1.1458032797189694,1.464565378749619
run-endocytosis2_baseline_zero_diffusion0000-0005,7.4,249,1.3325247881482845,1.4325725510511969
run-endocytosis2_baseline_zero_diffusion0000-0006,7.4,705,1.1695986502938782,1.4946961477232783
run-endocytosis2_baseline_zero_diffusion0000-0007,7.4,229,0.923094810531213,1.4984821469610718
run-endocytosis2_baseline_zero_diffusion0000-0008,7.4,159,0.6696851010250717,1.4884651894678684
run-endocytosis2_baseline_zero_diffusion0000-0009,7.4,214,0.9353551702710488,1.4916377560679264
run-endocytosis2_baseline_zero_diffusion0000-0010,7.4,948,1.0307002623666375,1.5266973863819409
run-endocytosis2_baseline_zero_diffusion0000-0011,7.4,37,1.2779929248309774,1.4045014263802609
run-endocytosis2_baseline_zero_diffusion0000-0012,7.4,245,1.238326065412256,1.4459257529209246
run-endocytosis2_baseline_zero_diffusion0000-0013,7.4,317,1.0446830392995974,1.516673408948096
run-endocytosis2_baseline_zero_diffusion0000-0014,7.4,347,1.3207892227509528,1.5130315600094513
run-endocytosis2_baseline_zero_diffusion0000-0015,7.4,30,0.6315188492098324,1.3435957748876663
run-endocytosis2_baseline_zero_diffusion0000-0016,7.4,167,0.8254212596694254,1.465024853021101
run-endocytosis2_baseline_zero_diffusion0000-0017,7.4,388,1.1249309758359507,1.5354471939591587
run-endocytosis2_baseline_zero_diffusion0000-0018,7.4,176,0.8984055308867046,1.465471353364322
run-endocytosis2_baseline_zero_diffusion0000-0019,7.4,804,1.1873940824438314,1.5242630381108317
run-endocytosis2_baseline_zero_diffusion0000-0020,7.4,12,0.8036902743265458,0.9979340170090298
run-endocytosis2_baseline_zero_diffusion0000-0021,7.4,591,0.9155936071417143,1.5089859373220316
run-endocytosis2_baseline_zero_diffusion0000-0022,7.4,786,0.891632991623116,1.525202677056755
run-endocytosis2_baseline_zero_diffusion0000-0023,7.4,394,1.149010930124001,1.5299526124337615
run-endocytosis2_baseline_zero_diffusion0000-0024,7.4,69,1.0334249833052906,1.3487999538666635
run-endocytosis2_baseline_zero_diffusion0000-0025,7.4,166,0.7620036440771952,1.465187680239429
run-endocytosis2_baseline_zero_diffusion0000-0027,7.4,133,1.298867351534581,1.3989092020234213
run-endocytosis2_baseline_zero_diffusion0000-0028,7.4,195,1.3028769131857034,1.4555029626876819
run-endocytosis2_baseline_zero_diffusion0000-0029,7.4,509,1.2535571373226966,1.5039645386674965
run-endocytosis2_baseline_zero_diffusion0000-0030,7.4,533,1.1291579148076551,1.4930581201612727
run-endocytosis2_baseline_zero_diffusion0000-0031,7.4,239,0.9224543358987445,1.48632259888703
run-endocytosis2_baseline_zero_diffusion0000-0032,7.4,596,1.120881468225285,1.528040273972454
run-endocytosis2_baseline_zero_diffusion0000-0033,7.4,253,1.2442525236417998,1.4945245572770585
run-endocytosis2_baseline_zero_diffusion0000-0034,7.4,45,0.8647506660536561,1.3656690205321502
run-endocytosis2_baseline_zero_diffusion0000-0035,7.4,11,0.9182190341940475,1.027496874125449
run-endocytosis2_baseline_zero_diffusion0000-0037,7.4,89,0.44277428313390277,1.4457922215594041
run-endocytosis2_baseline_zero_diffusion0000-0038,7.4,71,0.753322818985908,1.4331976021237935
run-endocytosis2_baseline_zero_diffusion0000-0039,7.4,72,1.0846337756678976,1.43358422145043
run-endocytosis2_baseline_zero_diffusion0000-0040,7.4,39,0.7737960091931287,1.338673218419778
run-endocytosis2_baseline_zero_diffusion0000-0041,7.4,633,1.3424809013326706,1.5474161253972902
run-endocytosis2_baseline_zero_diffusion0000-0042,7.4,541,0.9983997882164523,1.5129371422567273
run-endocytosis2_baseline_zero_diffusion0000-0043,7.4,22,0.7428086328760677,1.3822815259788548
run-endocytosis2_baseline_zero_diffusion0000-0044,7.4,792,1.13816444795436,1.5176672817382697
run-endocytosis2_baseline_zero_diffusion0000-0046,7.4,60,1.0861602678961733,1.4407626780215177
run-endocytosis2_baseline_zero_diffusion0000-0047,7.4,117,1.1619031594092002,1.495040225941255
run-endocytosis2_baseline_zero_diffusion0000-0048,7.4,315,1.1972597087905945,1.514591532880845
run-endocytosis2_baseline_zero_diffusion0000-0049,7.4,19,1.1015131879456288,1.2835327920183257
run-endocytosis2_baseline_zero_diffusion0000-0000,7.5,17,1.2395337947366618,1.2165752738239761
run-endocytosis2_baseline_zero_diffusion0000-0001,7.5,232,1.196008531731171,1.466854330017835
run-endocytosis2_baseline_zero_diffusion0000-0002,7.5,120,1.0300621162817563,1.4727516370669123
run-endocytosis2_baseline_zero_diffusion0000-0003,7.5,654,1.3024365936673865,1.522821567384016
run-endocytosis2_baseline_zero_diffusion0000-0004,7.5,212,1.1912655305312385,1.494244981822924
run-endocytosis2_baseline_zero_diffusion0000-0005,7.5,249,1.2266411111651747,1.514051897207044
run-endocytosis2_baseline_zero_diffusion0000-0006,7.5,723,1.1547635280942834,1.4363759403659075
run-endocytosis2_baseline_zero_diffusion0000-0007,7.5,237,1.1105560687957168,1.5263471182447292
run-endocytosis2_baseline_zero_diffusion0000-0008,7.5,159,0.6714685233733627,1.4756919184359547
run-endocytosis2_baseline_zero_diffusion0000-0009,7.5,214,0.9577425812639265,1.4958588099108765
run-endocytosis2_baseline_zero_diffusion0000-0010,7.5,950,1.0490860114641274,1.5289350909297
run-endocytosis2_baseline_zero_diffusion0000-0011,7.5,37,1.2855418321707155,1.3215235274723895
run-endocytosis2_baseline_zero_diffusion0000-0012,7.5,255,1.2572839802869378,1.5144331924581456
run-endocytosis2_baseline_zero_diffusion0000-0013,7.5,317,1.019667090195147,1.4959971144412434
run-endocytosis2_baseline_zero_diffusion0000-0014,7.5,355,1.2737089565012596,1.4752071749672762
run-endocytosis2_baseline_zero_diffusion0000-0015,7.5,30,0.6424966952795332,1.0951905157306179
run-endocytosis2_baseline_zero_diffusion0000-0016,7.5,167,0.842741184885681,1.44732109503361
run-endocytosis2_baseline_zero_diffusion0000-0017,7.5,388,1.1428682725724892,1.515247945829142
run-endocytosis2_baseline_zero_diffusion0000-0018,7.5,181,0.8620418444597083,1.4820069601081651
run-endocytosis2_baseline_zero_diffusion0000-0019,7.5,812,1.2363638206485912,1.498273125862962
run-endocytosis2_baseline_zero_diffusion0000-0020,7.5,12,0.8173224701757439,0.6533126894518396
run-endocytosis2_baseline_zero_diffusion0000-0021,7.5,591,0.8981978406847397,1.5041637374082046
run-endocytosis2_baseline_zero_diffusion0000-0022,7.5,786,0.8988978363146233,1.5385349104330657
run-endocytosis2_baseline_zero_diffusion0000-0023,7.5,396,1.1548469099340601,1.5056863528056057
run-endocytosis2_baseline_zero_diffusion0000-0024,7.5,69,1.097219846494776,1.3373206950697356
run-endocytosis2_baseline_zero_diffusion0000-0025,7.5,166,0.6818618308910873,1.4429247887482013
run-endocytosis2_baseline_zero_diffusion0000-0027,7.5,133,1.3054218605321328,1.4480820559069925
run-endocytosis2_baseline_zero_diffusion0000-0028,7.5,196,1.2649980081092647,1.4952930654635725
run-endocytosis2_baseline_zero_diffusion0000-0029,7.5,535,1.2354544505514775,1.5086026391093976
run-endocytosis2_baseline_zero_diffusion0000-0030,7.5,542,1.154499929061532,1.5190275261278616
run-endocytosis2_baseline_zero_diffusion0000-0031,7.5,239,1.0076065767670572,1.3810774364376628
run-endocytosis2_baseline_zero_diffusion0000-0032,7.5,613,1.17394191429308,1.5171692867098183
run-endocytosis2_baseline_zero_diffusion0000-0033,7.5,276,1.199409925525401,1.4730826130816022
run-endocytosis2_baseline_zero_diffusion0000-0034,7.5,45,0.8591017300323641,1.3565530191352757
run-endocytosis2_baseline_zero_diffusion0000-0035,7.5,11,0.9641634600320419,1.1098064670813756
run-endocytosis2_baseline_zero_diffusion0000-0037,7.5,89,0.463808993806228,1.4226720638890824
run-endocytosis2_baseline_zero_diffusion0000-0038,7.5,71,0.7430357630834599,1.3130979110903627
run-endocytosis2_baseline_zero_diffusion0000-0039,7.5,77,1.1083835937754565,1.4455209126503705
run-endocytosis2_baseline_zero_diffusion0000-0040,7.5,39,0.7451323786263757,1.2870542058778223
run-endocytosis2_baseline_zero_diffusion0000-0041,7.5,636,1.3183396329531818,1.5358621882507584
run-endocytosis2_baseline_zero_diffusion0000-0042,7.5,546,0.9660544070482845,1.5259841381127588
run-endocytosis2_baseline_zero_diffusion0000-0043,7.5,22,0.6297006396675412,1.328412584999009
run-endocytosis2_baseline_zero_diffusion0000-0044,7.5,793,1.0882095234446658,1.499421642503368
run-endocytosis2_baseline_zero_diffusion0000-0046,7.5,60,1.1514987725594288,1.434521923788197
run-endocytosis2_baseline_zero_diffusion0000-0047,7.5,117,1.13515218417336,1.4424141372115524
run-endocytosis2_baseline_zero_diffusion0000-0048,7.5,312,1.2348583889255518,1.482335482325768
run-endocytosis2_baseline_zero_diffusion0000-0049,7.5,19,1.1119591885463858,1.208444216356045
run-endocytosis2_baseline_zero_diffusion0000-0000,7.6,17,1.221391459428936,1.1644658004808184
run-endocytosis2_baseline_zero_diffusion0000-0001,7.6,232,1.0701212912969562,1.4880475181976343
run-endocytosis2_baseline_zero_diffusion0000-0002,7.6,127,1.1846029891967322,1.4877437103950513
run-endocytosis2_baseline_zero_diffusion0000-0003,7.6,661,1.3380237737154943,1.5075000805354373
run-endocytosis2_baseline_zero_diffusion0000-0004,7.6,212,1.2686604013735148,1.4921833160456532
run-endocytosis2_baseline_zero_diffusion0000-0005,7.6,249,1.2421499528151556,1.4846828461377775
run-endocytosis2_baseline_zero_diffusion0000-0006,7.6,728,1.1258765477988155,1.4847138255242949
run-endocytosis2_baseline_zero_diffusion0000-0007,7.6,245,1.1159886648025883,1.507041087839079
run-endocytosis2_baseline_zero_diffusion0000-0008,7.6,159,0.7593269205283697,1.2797099721152878
run-endocytosis2_baseline_zero_diffusion0000-0009,7.6,214,0.9007587464298287,1.5074527396478081
run-endocytosis2_baseline_zero_diffusion0000-0010,7.6,953,1.0244439909028316,1.538220276055586
run-endocytosis2_baseline_zero_diffusion0000-0011,7.6,37,1.2644313880078282,1.3413484703592562
run-endocytosis2_baseline_zero_diffusion0000-0012,7.6,264,1.2524727958422601,1.5082534938398773
run-endocytosis2_baseline_zero_diffusion0000-0013,7.6,317,1.045375801405771,1.4467158853989968
run-endocytosis2_baseline_zero_diffusion0000-0014,7.6,363,1.327678104125836,1.5277485751432929
run-endocytosis2_baseline_zero_diffusion0000-0015,7.6,30,0.6306491178954159,1.4253196193311144
run-endocytosis2_baseline_zero_diffusion0000-0016,7.6,167,0.8437025196532019,1.4737424406171298
run-endocytosis2_baseline_zero_diffusion0000-0017,7.6,388,1.0985802221444592,1.4672717503106565
run-endocytosis2_baseline_zero_diffusion0000-0018,7.6,189,0.8483849530816832,1.5071210538403863
run-endocytosis2_baseline_zero_diffusion0000-0019,7.6,816,1.215144946743243,1.526256307526331
run-endocytosis2_baseline_zero_diffusion0000-0020,7.6,12,0.8006851359789501,0.9673259843749485
run-endocytosis2_baseline_zero_diffusion0000-0021,7.6,595,0.9368709394203839,1.5023807828116567
run-endocytosis2_baseline_zero_diffusion0000-0022,7.6,789,0.8824583821736165,1.5437025678317249
run-endocytosis2_baseline_zero_diffusion0000-0023,7.6,395,1.2170756843761912,1.490776079503362
run-endocytosis2_baseline_zero_diffusion0000-0024,7.6,69,1.082467851951665,1.3031866153468785
run-endocytosis2_baseline_zero_diffusion0000-0025,7.6,166,0.8072571422038161,1.4901288626690363
run-endocytosis2_baseline_zero_diffusion0000-0027,7.6,133,1.1900795382838114,1.4537940497903554
run-endocytosis2_baseline_zero_diffusion0000-0028,7.6,197,1.2412010093170822,1.416836484832928
run-endocytosis2_baseline_zero_diffusion0000-0029,7.6,558,1.3205649582207033,1.472155133617744
run-endocytosis2_baseline_zero_diffusion0000-0030,7.6,554,1.1406331630910376,1.486710265435316
run-endocytosis2_baseline_zero_diffusion0000-0031,7.6,243,1.0144178197748963,1.4047222814613498
run-endocytosis2_baseline_zero_diffusion0000-0032,7.6,642,1.218656876877945,1.5151202080363593
run-endocytosis2_baseline_zero_diffusion0000-0033,7.6,278,1.200344100871456,1.4533203568703483
run-endocytosis2_baseline_zero_diffusion0000-0034,7.6,45,0.9002871404700575,1.3950984788403273
run-endocytosis2_baseline_zero_diffusion0000-0035,7.6,11,0.9653561482819327,1.1973547647770042
run-endocytosis2_baseline_zero_diffusion0000-0037,7.6,89,0.4422174463162434,1.46917451645151
run-endocytosis2_baseline_zero_diffusion0000-0038,7.6,71,0.7441591840527487,1.4276092475625495
run-endocytosis2_baseline_zero_diffusion0000-0039,7.6,79,1.1161404328463862,1.4023001138217366
run-endocytosis2_baseline_zero_diffusion0000-0040,7.6,39,0.7179757724372133,1.3413269502770988
run-endocytosis2_baseline_zero_diffusion0000-0041,7.6,638,1.3086285313700938,1.509322280393785
run-endocytosis2_baseline_zero_diffusion0000-0042,7.6,546,1.0175701834416926,1.5005817615274852
run-endocytosis2_baseline_zero_diffusion0000-0043,7.6,22,0.6271200520127035,1.1910373751561596
run-endocytosis2_baseline_zero_diffusion0000-0044,7.6,798,1.1214020316039965,1.5072460514183836
run-endocytosis2_baseline_zero_diffusion0000-0046,7.6,60,1.169586269501632,1.4149043013929876
run-endocytosis2_baseline_zero_diffusion0000-0047,7.6,117,1.1615958333393563,1.4749597813882966
run-endocytosis2_baseline_zero_diffusion0000-0048,7.6,322,1.2194825558719413,1.4974720158942234
run-endocytosis2_baseline_zero_diffusion0000-0049,7.6,19,1.1022297200461468,1.3514980744394163
run-endocytosis2_baseline_zero_diffusion0000-0000,7.7,17,1.2498658829069262,1.0870741950701792
run-endocytosis2_baseline_zero_diffusion0000-0001,7.7,232,1.122196261856671,1.41448250172801
run-endocytosis2_baseline_zero_diffusion0000-0002,7.7,129,1.1582424165294969,1.4743962090124076
run-endocytosis2_baseline_zero_diffusion0000-0003,7.7,672,1.3172147837845793,1.5428899617147565
run-endocytosis2_baseline_zero_diffusion0000-0004,7.7,216,1.142879646448885,1.4708680125260085
run-endocytosis2_baseline_zero_diffusion0000-0005,7.7,249,1.3112858598136774,1.510341017963611
run-endocytosis2_baseline_zero_diffusion0000-0006,7.7,747,1.1188760303118488,1.5399248441384945
run-endocytosis2_baseline_zero_diffusion0000-0007,7.7,254,1.149230751843527,1.4460936713257473
run-endocytosis2_baseline_zero_diffusion0000-0008,7.7,159,0.68399502347165,1.4683957729271873
run-endocytosis2_baseline_zero_diffusion0000-0009,7.7,214,0.8975804208134668,1.4804858618623624
run-endocytosis2_baseline_zero_diffusion0000-0010,7.7,963,1.032831791059495,1.52554723295332
run-endocytosis2_baseline_zero_diffusion0000-0011,7.7,37,1.2474261076017186,1.361303520571974
run-endocytosis2_baseline_zero_diffusion0000-0012,7.7,272,1.2413725735753915,1.5133999580441706
run-endocytosis2_baseline_zero_diffusion0000-0013,7.7,317,1.0507746534764344,1.4793806003531786
run-endocytosis2_baseline_zero_diffusion0000-0014,7.7,365,1.272674432776559,1.5134644002848228
run-endocytosis2_baseline_zero_diffusion0000-0015,7.7,30,0.6754922171482491,1.3997684945827054
run-endocytosis2_baseline_zero_diffusion0000-0016,7.7,167,0.8292956083217622,1.48588565936219
run-endocytosis2_baseline_zero_diffusion0000-0017,7.7,388,1.1351125622460745,1.4674844587214044
run-endocytosis2_baseline_zero_diffusion0000-0018,7.7,194,0.8429354815670527,1.4789924342574656
run-endocytosis2_baseline_zero_diffusion0000-0019,7.7,817,1.241085695023058,1.5205088854044428
run-endocytosis2_baseline_zero_diffusion0000-0020,7.7,12,0.843259313646153,1.1225888815497918
run-endocytosis2_baseline_zero_diffusion0000-0021,7.7,608,1.0017958604552402,1.5122528830723845
run-endocytosis2_baseline_zero_diffusion0000-0022,7.7,789,0.8970346708945336,1.5242339027023557
run-endocytosis2_baseline_zero_diffusion0000-0023,7.7,403,1.2986579279670596,1.5161348081095263
run-endocytosis2_baseline_zero_diffusion0000-0024,7.7,69,1.0730181665137086,1.4591390493425451
run-endocytosis2_baseline_zero_diffusion0000-0025,7.7,166,0.8993312166871572,1.4385993424603163
run-endocytosis2_baseline_zero_diffusion0000-0027,7.7,133,1.225079339431256,1.458710024488322
run-endocytosis2_baseline_zero_diffusion0000-0028,7.7,213,1.3263499003809058,1.466280838541353
run-endocytosis2_baseline_zero_diffusion0000-0029,7.7,582,1.3123525905014766,1.4999703276217458
run-endocytosis2_baseline_zero_diffusion0000-0030,7.7,564,1.123505158976484,1.5153107243779442
run-endocytosis2_baseline_zero_diffusion0000-0031,7.7,247,0.9837750165980157,1.5106977912016977
run-endocytosis2_baseline_zero_diffusion0000-0032,7.7,666,1.1789723827317866,1.5413557384396053
run-endocytosis2_baseline_zero_diffusion0000-0033,7.7,287,1.1767435810053493,1.523104512654443
run-endocytosis2_baseline_zero_diffusion0000-0034,7.7,45,0.9223854765940074,1.3885138462276316
run-endocytosis2_baseline_zero_diffusion0000-0035,7.7,11,0.953631124294795,1.0341318204498917
run-endocytosis2_baseline_zero_diffusion0000-0037,7.7,89,0.43490118990446125,1.3733469119533965
run-endocytosis2_baseline_zero_diffusion0000-0038,7.7,71,0.805226279827522,1.4219962986010841
run-endocytosis2_baseline_zero_diffusion0000-0039,7.7,79,1.116432630070303,1.4487547620385517
run-endocytosis2_baseline_zero_diffusion0000-0040,7.7,53,0.5845480253365856,1.4461309678329224
run-endocytosis2_baseline_zero_diffusion0000-0041,7.7,638,1.2387223917645698,1.5268597712633665
run-endocytosis2_baseline_zero_diffusion0000-0042,7.7,552,1.0583824618468314,1.5072402374428433
run-endocytosis2_baseline_zero_diffusion0000-0043,7.7,22,0.6373091182369923,1.182696237813894
run-endocytosis2_baseline_zero_diffusion0000-0044,7.7,803,1.1596494796157413,1.5341072967523413
run-endocytosis2_baseline_zero_diffusion0000-0046,7.7,60,1.2280640706015182,1.3632399261236796
run-endocytosis2_baseline_zero_diffusion0000-0047,7.7,125,1.0892162492204114,1.3812268116332391
run-endocytosis2_baseline_zero_diffusion0000-0048,7.7,322,1.2298620877944164,1.5101007098009798
run-endocytosis2_baseline_zero_diffusion0000-0049,7.7,19,1.106467600441946,1.314677068247264
run-endocytosis2_baseline_zero_diffusion0000-0000,7.8,17,1.2530199311308672,1.2510817214628118
run-endocytosis2_baseline_zero_diffusion0000-0001,7.8,232,1.092380294995513,1.4904692321101538
run-endocytosis2_baseline_zero_diffusion0000-0002,7.8,133,1.1441756730159471,1.4686808557669895
run-endocytosis2_baseline_zero_diffusion0000-0003,7.8,696,1.2673902749680048,1.5213184797056256
run-endocytosis2_baseline_zero_diffusion0000-0004,7.8,226,1.1836032343468936,1.433464315777639
run-endocytosis2_baseline_zero_diffusion0000-0005,7.8,252,1.281284605513512,1.514151538183952
run-endocytosis2_baseline_zero_diffusion0000-0006,7.8,776,1.0971988523435563,1.4865248607177464
run-endocytosis2_baseline_zero_diffusion0000-0007,7.8,258,1.108796431472876,1.5027108903347837
run-endocytosis2_baseline_zero_diffusion0000-0008,7.8,162,0.6875288366081744,1.4764020006717047
run-endocytosis2_baseline_zero_diffusion0000-0009,7.8,214,0.8726952178765294,1.4949290368457249
run-endocytosis2_baseline_zero_diffusion0000-0010,7.8,979,1.0022407917933989,1.5220971307764597
run-endocytosis2_baseline_zero_diffusion0000-0011,7.8,37,1.2479226932406378,1.3407502901360666
run-endocytosis2_baseline_zero_diffusion0000-0012,7.8,285,1.2509642305761022,1.5168493677077652
run-endocytosis2_baseline_zero_diffusion0000-0013,7.8,317,1.0791085024357903,1.50022636218358
run-endocytosis2_baseline_zero_diffusion0000-0014,7.8,365,1.3025782566086126,1.506680428439695
run-endocytosis2_baseline_zero_diffusion0000-0015,7.8,30,0.6968047124254912,1.2652069116005176
run-endocytosis2_baseline_zero_diffusion0000-0016,7.8,167,0.8628191946357047,1.4103302113566056
run-endocytosis2_baseline_zero_diffusion0000-0017,7.8,391,1.1383068352991008,1.5161576494966904
run-endocytosis2_baseline_zero_diffusion0000-0018,7.8,206,0.8503318098823509,1.443802469144298
run-endocytosis2_baseline_zero_diffusion0000-0019,7.8,817,1.2514562511976282,1.518843631246925
run-endocytosis2_baseline_zero_diffusion0000-0020,7.8,12,0.8597194219831561,1.3032754745518886
run-endocytosis2_baseline_zero_diffusion0000-0021,7.8,621,0.9924805359216585,1.5273899927226218
run-endocytosis2_baseline_zero_diffusion0000-0022,7.8,794,0.8549902586685796,1.5311357245692583
run-endocytosis2_baseline_zero_diffusion0000-0023,7.8,405,1.2248211694386686,1.4695750499316205
run-endocytosis2_baseline_zero_diffusion0000-0024,7.8,69,1.1480937866232364,1.448070107687936
run-endocytosis2_baseline_zero_diffusion0000-0025,7.8,166,0.8769654824545239,1.4452975150624816
run-endocytosis2_baseline_zero_diffusion0000-0027,7.8,133,1.2317460044748914,1.3912110911081672
run-endocytosis2_baseline_zero_diffusion0000-0028,7.8,168,1.127799012920058,1.4540242513330988
run-endocytosis2_baseline_zero_diffusion0000-0029,7.8,617,1.3108613749587485,1.5388789946376698
run-endocytosis2_baseline_zero_diffusion0000-0030,7.8,576,1.1462126871853624,1.4976525261981768
run-endocytosis2_baseline_zero_diffusion0000-0031,7.8,247,1.0124998246616856,1.4743843829066836
run-endocytosis2_baseline_zero_diffusion0000-0032,7.8,684,1.1633522551946258,1.4943626018636966
run-endocytosis2_baseline_zero_diffusion0000-0033,7.8,297,1.2049748181696613,1.4542013012196136
run-endocytosis2_baseline_zero_diffusion0000-0034,7.8,45,0.9168534453632861,1.2370202921309983
run-endocytosis2_baseline_zero_diffusion0000-0035,7.8,11,0.9438225774857346,1.2092127723014177
run-endocytosis2_baseline_zero_diffusion0000-0037,7.8,89,0.4176271839600989,1.4918444650497837
run-endocytosis2_baseline_zero_diffusion0000-0038,7.8,71,0.7359301083186488,1.4740167586136843
run-endocytosis2_baseline_zero_diffusion0000-0039,7.8,79,1.1106264285221035,1.4764704692402226
run-endocytosis2_baseline_zero_diffusion0000-0040,7.8,61,0.6068285017577143,1.3315900938010246
run-endocytosis2_baseline_zero_diffusion0000-0041,7.8,642,1.2948937284642128,1.502117170468751
run-endocytosis2_baseline_zero_diffusion0000-0042,7.8,543,1.0270664364380928,1.505273005582203
run-endocytosis2_baseline_zero_diffusion0000-0043,7.8,22,0.7314239436588672,0.9517543455913183
run-endocytosis2_baseline_zero_diffusion0000-0044,7.8,811,1.119662090154942,1.5173871465835864
run-endocytosis2_baseline_zero_diffusion0000-0046,7.8,60,1.1595386549288509,1.4285544725457542
run-endocytosis2_baseline_zero_diffusion0000-0047,7.8,125,1.087720095125743,1.433058967360748
run-endocytosis2_baseline_zero_diffusion0000-0048,7.8,314,1.297476056460994,1.5194230772928596
run-endocytosis2_baseline_zero_diffusion0000-0049,7.8,19,1.08588623217376,1.1863747222604248
run-endocytosis2_baseline_zero_diffusion0000-0000,7.9,17,1.2614387471390538,1.3216261775014542
run-endocytosis2_baseline_zero_diffusion0000-0001,7.9,232,1.0550820790468607,1.4312180882328678
run-endocytosis2_baseline_zero_diffusion0000-0002,7.9,138,1.1122737389071644,1.4607690538744174
run-endocytosis2_baseline_zero_diffusion0000-0003,7.9,706,1.293569491228884,1.5124413536970114
run-endocytosis2_baseline_zero_diffusion0000-0004,7.9,233,1.1742878859058825,1.4861669943762206
run-endocytosis2_baseline_zero_diffusion0000-0005,7.9,252,1.3969033578076828,1.5119579236377565
run-endocytosis2_baseline_zero_diffusion0000-0006,7.9,796,1.1071856129573614,1.5192178950296404
run-endocytosis2_baseline_zero_diffusion0000-0007,7.9,259,1.1166144078248603,1.4773028314852827
run-endocytosis2_baseline_zero_diffusion0000-0008,7.9,166,0.7428634638034746,1.4295003981098338
run-endocytosis2_baseline_zero_diffusion0000-0009,7.9,214,0.8826671496091562,1.4310462964858337
run-endocytosis2_baseline_zero_diffusion0000-0010,7.9,1003,1.071026067472951,1.5423080044138937
run-endocytosis2_baseline_zero_diffusion0000-0011,7.9,37,1.2580134521917676,1.3901857740539179
run-endocytosis2_baseline_zero_diffusion0000-0012,7.9,292,1.1920497535413848,1.430624596560437
run-endocytosis2_baseline_zero_diffusion0000-0013,7.9,317,1.090762804970004,1.523332824085926
run-endocytosis2_baseline_zero_diffusion0000-0014,7.9,370,1.3311972018395084,1.4624539588576932
run-endocytosis2_baseline_zero_diffusion0000-0015,7.9,30,0.69137983990175,1.1887277687801083
run-endocytosis2_baseline_zero_diffusion0000-0016,7.9,167,0.8232245035144115,1.4848299460849153
run-endocytosis2_baseline_zero_diffusion0000-0017,7.9,391,1.107599495873391,1.4564883195512077
run-endocytosis2_baseline_zero_diffusion0000-0018,7.9,219,0.8778810220402017,1.4801286570253058
run-endocytosis2_baseline_zero_diffusion0000-0019,7.9,820,1.243687226785437,1.5121232992713094
run-endocytosis2_baseline_zero_diffusion0000-0020,7.9,12,0.8567223144859603,1.2710391622890551
run-endocytosis2_baseline_zero_diffusion0000-0021,7.9,638,0.99056827661271,1.5312376435497963
run-endocytosis2_baseline_zero_diffusion0000-0022,7.9,794,0.8403668307508587,1.4903070280570143
run-endocytosis2_baseline_zero_diffusion0000-0023,7.9,405,1.1783367921999393,1.5069698821695032
run-endocytosis2_baseline_zero_diffusion0000-0024,7.9,69,1.0200358451440898,1.4304759267749243
run-endocytosis2_baseline_zero_diffusion0000-0025,7.9,166,0.9204754064840097,1.4294689386720605
run-endocytosis2_baseline_zero_diffusion0000-0027,7.9,133,1.299352149453553,1.403195266371929
run-endocytosis2_baseline_zero_diffusion0000-0028,7.9,173,1.1287544428571987,1.4802865204886815
run-endocytosis2_baseline_zero_diffusion0000-0029,7.9,649,1.2865900962173158,1.5134223314689326
run-endocytosis2_baseline_zero_diffusion0000-0030,7.9,584,1.1430907180265077,1.4801426027216789
run-endocytosis2_baseline_zero_diffusion0000-0031,7.9,247,0.9875514941485523,1.4843587545908117
run-endocytosis2_baseline_zero_diffusion0000-0032,7.9,707,1.1865004574386198,1.5331385472589873
run-endocytosis2_baseline_zero_diffusion0000-0033,7.9,305,1.1391182204855377,1.4815466640951602
run-endocytosis2_baseline_zero_diffusion0000-0034,7.9,45,0.8975687848477917,1.3771901072375083
run-endocytosis2_baseline_zero_diffusion0000-0035,7.9,11,0.9654650518731662,0.8161825243642625
run-endocytosis2_baseline_zero_diffusion0000-0037,7.9,89,0.38951561458966655,1.434658393675549
run-endocytosis2_baseline_zero_diffusion0000-0038,7.9,71,0.7897906858687286,1.4230416123376524
run-endocytosis2_baseline_zero_diffusion0000-0039,7.9,79,1.1169525276786931,1.3422667773179153
run-endocytosis2_baseline_zero_diffusion0000-0040,7.9,68,0.5398253930124077,1.2107191569163784
run-endocytosis2_baseline_zero_diffusion0000-0041,7.9,651,1.2481758317547738,1.5129336826498059
run-endocytosis2_baseline_zero_diffusion0000-0042,7.9,548,1.0327767763246323,1.5074772341525322
run-endocytosis2_baseline_zero_diffusion0000-0043,7.9,22,0.7130461473064231,1.1707457129200245
run-endocytosis2_baseline_zero_diffusion0000-0044,7.9,821,1.1567703312481667,1.5311559198925215
run-endocytosis2_baseline_zero_diffusion0000-0046,7.9,60,1.1262014898467558,1.3402882057527488
run-endocytosis2_baseline_zero_diffusion0000-0047,7.9,125,1.0887362173791149,1.4351366773006529
run-endocytosis2_baseline_zero_diffusion0000-0048,7.9,314,1.3536753090274187,1.4730038728171033
run-endocytosis2_baseline_zero_diffusion0000-0049,7.9,19,1.1301635833973154,1.075723463836634
run-endocytosis2_baseline_zero_diffusion0000-0000,8.0,17,1.2680814079409264,1.2847547119945517
run-endocytosis2_baseline_zero_diffusion0000-0001,8.0,232,1.020875339179991,1.4657637053183499
run-endocytosis2_baseline_zero_diffusion0000-0002,8.0,149,1.1419744017030156,1.4548241319333308
run-endocytosis2_baseline_zero_diffusion0000-0003,8.0,709,1.2945018847112897,1.5309509123273946
run-endocytosis2_baseline_zero_diffusion0000-0004,8.0,238,1.2205509292805372,1.4878692351523068
run-endocytosis2_baseline_zero_diffusion0000-0005,8.0,252,1.2924510626487435,1.4879826593485614
run-endocytosis2_baseline_zero_diffusion0000-0006,8.0,809,1.140939281123809,1.524284618105132
run-endocytosis2_baseline_zero_diffusion0000-0007,8.0,259,1.1859916133219748,1.494564887798594
run-endocytosis2_baseline_zero_diffusion0000-0008,8.0,168,0.7105768243685419,1.4424693600459744
run-endocytosis2_baseline_zero_diffusion0000-0009,8.0,219,0.9021528248893044,1.4347428437794627
run-endocytosis2_baseline_zero_diffusion0000-0010,8.0,1019,1.0762446890286603,1.5205521150374182
run-endocytosis2_baseline_zero_diffusion0000-0011,8.0,37,1.2533501998452827,1.303056914722195
run-endocytosis2_baseline_zero_diffusion0000-0012,8.0,297,1.2283278190169766,1.502779547898463
run-endocytosis2_baseline_zero_diffusion0000-0013,8.0,317,1.1396013014805328,1.485571594676609
run-endocytosis2_baseline_zero_diffusion0000-0014,8.0,380,1.3536899167855223,1.5134599584027104
run-endocytosis2_baseline_zero_diffusion0000-0015,8.0,30,0.7022210122304685,1.2135147263990476
run-endocytosis2_baseline_zero_diffusion0000-0016,8.0,167,0.7991564460581051,1.4595771837724871
run-endocytosis2_baseline_zero_diffusion0000-0017,8.0,391,1.0972222742929734,1.5077891216079227
run-endocytosis2_baseline_zero_diffusion0000-0018,8.0,226,0.9191467496952074,1.5009292445895426
run-endocytosis2_baseline_zero_diffusion0000-0019,8.0,827,1.2398005441444955,1.5163898163875225
run-endocytosis2_baseline_zero_diffusion0000-0020,8.0,12,0.8623275382960429,1.318514257626766
run-endocytosis2_baseline_zero_diffusion0000-0021,8.0,644,1.0025261701372234,1.5136019244781327
run-endocytosis2_baseline_zero_diffusion0000-0022,8.0,796,0.9014211655691383,1.5310303383308215
run-endocytosis2_baseline_zero_diffusion0000-0023,8.0,405,1.2018977625451488,1.489070351390267
run-endocytosis2_baseline_zero_diffusion0000-0024,8.0,69,1.0656626991372515,1.414023303685434
run-endocytosis2_baseline_zero_diffusion0000-0025,8.0,166,0.979979840975348,1.4930684626382207
run-endocytosis2_baseline_zero_diffusion0000-0027,8.0,133,1.284758270663093,1.430237788116204
run-endocytosis2_baseline_zero_diffusion0000-0028,8.0,174,1.1708685192845774,1.4367242012378183
run-endocytosis2_baseline_zero_diffusion0000-0029,8.0,674,1.318319405675734,1.4902619800100332
run-endocytosis2_baseline_zero_diffusion0000-0030,8.0,598,1.1061919657967343,1.5203629736991986
run-endocytosis2_baseline_zero_diffusion0000-0031,8.0,247,0.9302126230388524,1.4326623360470172
run-endocytosis2_baseline_zero_diffusion0000-0032,8.0,735,1.2251023464816653,1.4827398086620693
run-endocytosis2_baseline_zero_diffusion0000-0033,8.0,308,1.1098340534021318,1.5016539317427688
run-endocytosis2_baseline_zero_diffusion0000-0034,8.0,45,0.8478529610954212,1.3511749666241784
run-endocytosis2_baseline_zero_diffusion0000-0035,8.0,11,0.9741370054204253,1.2388905400376946
run-endocytosis2_baseline_zero_diffusion0000-0037,8.0,89,0.3770931752063509,1.4614162891806022
run-endocytosis2_baseline_zero_diffusion0000-0038,8.0,71,0.8381192008855222,1.397966308400304
run-endocytosis2_baseline_zero_diffusion0000-0039,8.0,79,1.1062126820696037,1.3617425475658527
run-endocytosis2_baseline_zero_diffusion0000-0040,8.0,73,0.5371730344667405,1.4365087097902445
run-endocytosis2_baseline_zero_diffusion0000-0041,8.0,655,1.2689932060924252,1.5288506998755982
run-endocytosis2_baseline_zero_diffusion0000-0042,8.0,552,1.0073845678725664,1.5088460942074768
run-endocytosis2_baseline_zero_diffusion0000-0043,8.0,22,0.7370199442930014,1.2301762203073556
run-endocytosis2_baseline_zero_diffusion0000-0044,8.0,832,1.136221289709495,1.5280633751771313
run-endocytosis2_baseline_zero_diffusion0000-0046,8.0,60,1.1113619425367258,1.444237261035245
run-endocytosis2_baseline_zero_diffusion0000-0047,8.0,120,1.1885646008932162,1.458333432579769
run-endocytosis2_baseline_zero_diffusion0000-0048,8.0,311,1.3373050476055197,1.507406783602012
run-endocytosis2_baseline_zero_diffusion0000-0049,8.0,19,1.1163978591840742,1.140028945803671
run-endocytosis2_baseline_zero_diffusion0000-0000,8.1,17,1.2505477194323487,1.2108787480538985
run-endocytosis2_baseline_zero_diffusion0000-0001,8.1,232,1.0558326719248108,1.4642452888660062
run-endocytosis2_baseline_zero_diffusion0000-0002,8.1,158,1.1048364738749323,1.4978789757528872
run-endocytosis2_baseline_zero_diffusion0000-0003,8.1,714,1.3095564766692342,1.5297074355415385
run-endocytosis2_baseline_zero_diffusion0000-0004,8.1,246,1.2301606993264218,1.4977860096844877
run-endocytosis2_baseline_zero_diffusion0000-0005,8.1,252,1.3583342459725523,1.4556187634939532
run-endocytosis2_baseline_zero_diffusion0000-0006,8.1,822,1.116008890943071,1.5150824659249218
run-endocytosis2_baseline_zero_diffusion0000-0007,8.1,259,1.1918091673720697,1.4743558271122053
run-endocytosis2_baseline_zero_diffusion0000-0008,8.1,171,0.7326338342676731,1.461575039501134
run-endocytosis2_baseline_zero_diffusion0000-0009,8.1,223,0.9051680565432478,1.50301356543555
run-endocytosis2_baseline_zero_diffusion0000-0010,8.1,1030,1.1021085639850714,1.5277042344618414
run-endocytosis2_baseline_zero_diffusion0000-0011,8.1,37,1.2406928676256543,1.2308531624562984
run-endocytosis2_baseline_zero_diffusion0000-0012,8.1,302,1.2040270017882777,1.5262130881087144
run-endocytosis2_baseline_zero_diffusion0000-0013,8.1,319,1.1322403507742398,1.5111497258543904
run-endocytosis2_baseline_zero_diffusion0000-0014,8.1,388,1.3181188250324587,1.4665367101793747
run-endocytosis2_baseline_zero_diffusion0000-0015,8.1,30,0.6855691140262977,1.2765164093417516
run-endocytosis2_baseline_zero_diffusion0000-0016,8.1,172,0.8213521981166861,1.4361991754262389
run-endocytosis2_baseline_zero_diffusion0000-0017,8.1,394,1.1343633537036677,1.4863611029326118
run-endocytosis2_baseline_zero_diffusion0000-0018,8.1,234,0.8417023884402617,1.4714684979724242
run-endocytosis2_baseline_zero_diffusion0000-0019,8.1,832,1.2289976182877584,1.5269378840510828
run-endocytosis2_baseline_zero_diffusion0000-0020,8.1,12,0.8769193733256663,1.0919977895032922
run-endocytosis2_baseline_zero_diffusion0000-0021,8.1,649,1.061807274418793,1.536258448270585
run-endocytosis2_baseline_zero_diffusion0000-0022,8.1,796,0.9217505481610154,1.5135665165040055
run-endocytosis2_baseline_zero_diffusion0000-0023,8.1,409,1.1772311510914522,1.5244739073806772
run-endocytosis2_baseline_zero_diffusion0000-0024,8.1,88,1.0432924152156091,1.3209744155981469
run-endocytosis2_baseline_zero_diffusion0000-0025,8.1,166,0.8965959505898823,1.3959167827454149
run-endocytosis2_baseline_zero_diffusion0000-0027,8.1,133,1.255199157248788,1.4590540927346236
run-endocytosis2_baseline_zero_diffusion0000-0028,8.1,183,1.1681771255829785,1.3771934857866734
run-endocytosis2_baseline_zero_diffusion0000-0029,8.1,696,1.3877430862715607,1.5323861275475932
run-endocytosis2_baseline_zero_diffusion0000-0030,8.1,615,1.1417256852444644,1.5277096750528465
run-endocytosis2_baseline_zero_diffusion0000-0031,8.1,247,0.9826931189353012,1.464244374309462
run-endocytosis2_baseline_zero_diffusion0000-0032,8.1,756,1.2462806991484556,1.5083651806827538
run-endocytosis2_baseline_zero_diffusion0000-0033,8.1,308,1.1367852308754143,1.5074067064475807
run-endocytosis2_baseline_zero_diffusion0000-0034,8.1,45,0.9138134656980645,1.462142722208265
run-endocytosis2_baseline_zero_diffusion0000-0035,8.1,11,0.9604463082996559,1.058355343653512
run-endocytosis2_baseline_zero_diffusion0000-0037,8.1,89,0.35473608355642994,1.4748389300603717
run-endocytosis2_baseline_zero_diffusion0000-0038,8.1,71,0.8085797738149066,1.2748891123511077
run-endocytosis2_baseline_zero_diffusion0000-0039,8.1,79,1.0726478390097285,1.4070229480531973
run-endocytosis2_baseline_zero_diffusion0000-0040,8.1,75,0.5228048661030542,1.40742039658245
run-endocytosis2_baseline_zero_diffusion0000-0041,8.1,655,1.3100968663740105,1.5194999542823024
run-endocytosis2_baseline_zero_diffusion0000-0042,8.1,564,1.001284811316746,1.4964018699419535
run-endocytosis2_baseline_zero_diffusion0000-0043,8.1,22,0.7300677459616909,1.2167546088664443
run-endocytosis2_baseline_zero_diffusion0000-0044,8.1,845,1.0960189672041418,1.5158085205776002
run-endocytosis2_baseline_zero_diffusion0000-0046,8.1,60,1.0852275208310334,1.430824351827608
run-endocytosis2_baseline_zero_diffusion0000-0047,8.1,133,1.1595249250353086,1.4912107481119146
run-endocytosis2_baseline_zero_diffusion0000-0048,8.1,322,1.3211967968749956,1.4881084446915156
run-endocytosis2_baseline_zero_diffusion0000-0049,8.1,19,1.1162822884315726,1.228470439185404
run-endocytosis2_baseline_zero_diffusion0000-0000,8.2,17,1.2574513576782065,1.3565822312498308
run-endocytosis2_baseline_zero_diffusion0000-0001,8.2,232,1.159589561318909,1.5073629190805102
run-endocytosis2_baseline_zero_diffusion0000-0002,8.2,163,1.0592852769984171,1.4793423301579052
run-endocytosis2_baseline_zero_diffusion0000-0003,8.2,722,1.2686505997611783,1.489462193436434
run-endocytosis2_baseline_zero_diffusion0000-0004,8.2,251,1.2028786870462025,1.5037679206116585
run-endocytosis2_baseline_zero_diffusion0000-0005,8.2,256,1.2894304519232669,1.4973536402246175
run-endocytosis2_baseline_zero_diffusion0000-0006,8.2,838,1.1587594458473582,1.5431998800387516
run-endocytosis2_baseline_zero_diffusion0000-0007,8.2,264,1.2000639194776732,1.5044864917936864
run-endocytosis2_baseline_zero_diffusion0000-0008,8.2,171,0.736079561897418,1.465157881218564
run-endocytosis2_baseline_zero_diffusion0000-0009,8.2,223,0.8461737900985838,1.4426347376294035
run-endocytosis2_baseline_zero_diffusion0000-0010,8.2,1040,1.0808016516110985,1.5304492278759692
run-endocytosis2_baseline_zero_diffusion0000-0011,8.2,37,1.2601694440559845,1.3183786356943972
run-endocytosis2_baseline_zero_diffusion0000-0012,8.2,303,1.222745729678967,1.4853795448580285
run-endocytosis2_baseline_zero_diffusion0000-0013,8.2,322,1.1632954417414192,1.527188414218345
run-endocytosis2_baseline_zero_diffusion0000-0014,8.2,393,1.3102491324624483,1.528926639368184
run-endocytosis2_baseline_zero_diffusion0000-0015,8.2,30,0.7243221685874718,1.3858440607271565
run-endocytosis2_baseline_zero_diffusion0000-0016,8.2,172,0.826431273743201,1.4802421963512293
run-endocytosis2_baseline_zero_diffusion0000-0017,8.2,394,1.0787229196923964,1.498957223245212
run-endocytosis2_baseline_zero_diffusion0000-0018,8.2,257,0.8225325909400893,1.5119654616236604
run-endocytosis2_baseline_zero_diffusion0000-0019,8.2,837,1.192451925773225,1.4970404913028532
run-endocytosis2_baseline_zero_diffusion0000-0020,8.2,12,0.8427238681387125,1.273417424323998
run-endocytosis2_baseline_zero_diffusion0000-0021,8.2,655,1.0617760618216239,1.4590900790793266
run-endocytosis2_baseline_zero_diffusion0000-0022,8.2,796,0.9064317155130442,1.5307098351419794
run-endocytosis2_baseline_zero_diffusion0000-0023,8.2,409,1.199735380220751,1.5023487573815801
run-endocytosis2_baseline_zero_diffusion0000-0024,8.2,88,1.0457137607550109,1.3486222689883662
run-endocytosis2_baseline_zero_diffusion0000-0025,8.2,166,0.8651302941904953,1.4595561033644997
run-endocytosis2_baseline_zero_diffusion0000-0027,8.2,133,1.1751162135756692,1.4893524214171987
run-endocytosis2_baseline_zero_diffusion0000-0028,8.2,190,1.159977471155548,1.4563147839129789
run-endocytosis2_baseline_zero_diffusion0000-0029,8.2,723,1.3655921956161639,1.5372417096136466
run-endocytosis2_baseline_zero_diffusion0000-0030,8.2,627,1.143544873010568,1.4989519274001952
run-endocytosis2_baseline_zero_diffusion0000-0031,8.2,247,1.0559194384327935,1.5112740575382289
run-endocytosis2_baseline_zero_diffusion0000-0032,8.2,769,1.2522741352225448,1.5204171703083533
run-endocytosis2_baseline_zero_diffusion0000-0033,8.2,308,1.2230670853067949,1.5282974911737115
run-endocytosis2_baseline_zero_diffusion0000-0034,8.2,45,0.8533992734143125,1.1049065902447297
run-endocytosis2_baseline_zero_diffusion0000-0035,8.2,11,0.9439366472682945,1.2466967349098557
run-endocytosis2_baseline_zero_diffusion0000-0037,8.2,89,0.4149735696351293,1.484222675153524
run-endocytosis2_baseline_zero_diffusion0000-0038,8.2,71,0.7985414060894199,1.4428809012669652
run-endocytosis2_baseline_zero_diffusion0000-0039,8.2,79,1.0729251956020938,1.4323876656745704
run-endocytosis2_baseline_zero_diffusion0000-0040,8.2,80,0.5377535499858039,1.4175229825480904
run-endocytosis2_baseline_zero_diffusion0000-0041,8.2,655,1.3333348006036425,1.471725607385184
run-endocytosis2_baseline_zero_diffusion0000-0042,8.2,573,1.0725329668925196,1.5118346269546623
run-endocytosis2_baseline_zero_diffusion0000-0043,8.2,22,0.7281798542233255,1.3578165253021839
run-endocytosis2_baseline_zero_diffusion0000-0044,8.2,854,1.0976694535168074,1.5189072022094612
run-endocytosis2_baseline_zero_diffusion0000-0046,8.2,60,1.0574078363997774,1.427471964432046
run-endocytosis2_baseline_zero_diffusion0000-0047,8.2,138,1.2961811315150775,1.4635506027158995
run-endocytosis2_baseline_zero_diffusion0000-0048,8.2,322,1.3207704745770497,1.4989609305490679
run-endocytosis2_baseline_zero_diffusion0000-0049,8.2,19,1.1015910812584608,1.27260262638664
run-endocytosis2_baseline_zero_diffusion0000-0000,8.3,17,1.268222014278277,1.3626126247402397
run-endocytosis2_baseline_zero_diffusion0000-0001,8.3,232,1.152631515642841,1.5036188842516633
run-endocytosis2_baseline_zero_diffusion0000-0002,8.3,172,1.062475228375253,1.4359249021188814
run-endocytosis2_baseline_zero_diffusion0000-0003,8.3,729,1.3070338751518213,1.5311666098413694
run-endocytosis2_baseline_zero_diffusion0000-0004,8.3,253,1.178576299780645,1.4713284474940789
run-endocytosis2_baseline_zero_diffusion0000-0005,8.3,261,1.3554778420445301,1.5160305635816955
run-endocytosis2_baseline_zero_diffusion0000-0006,8.3,856,1.1310878150049655,1.5258340672195834
run-endocytosis2_baseline_zero_diffusion0000-0007,8.3,269,1.2258415316051345,1.5189048988051854
run-endocytosis2_baseline_zero_diffusion0000-0008,8.3,183,0.7463006439833636,1.4266789027133164
run-endocytosis2_baseline_zero_diffusion0000-0009,8.3,223,0.9688092927835825,1.4589283220960318
run-endocytosis2_baseline_zero_diffusion0000-0010,8.3,1070,1.06821334322285,1.5150555690754988
run-endocytosis2_baseline_zero_diffusion0000-0011,8.3,37,1.2511947563468666,1.2264829055443993
run-endocytosis2_baseline_zero_diffusion0000-0012,8.3,303,1.2273488196676166,1.4753031870810418
run-endocytosis2_baseline_zero_diffusion0000-0013,8.3,322,1.1509288684980676,1.4640321744677178
run-endocytosis2_baseline_zero_diffusion0000-0014,8.3,401,1.3224413676572484,1.5041131336619686
run-endocytosis2_baseline_zero_diffusion0000-0015,8.3,30,0.7262744435052427,1.27368130162903
run-endocytosis2_baseline_zero_diffusion0000-0016,8.3,172,0.78872588475003,1.4899917857163816
run-endocytosis2_baseline_zero_diffusion0000-0017,8.3,394,1.0413502675399076,1.501699414430104
run-endocytosis2_baseline_zero_diffusion0000-0018,8.3,292,0.7587298647720053,1.5015124374609308
run-endocytosis2_baseline_zero_diffusion0000-0019,8.3,837,1.220388784630211,1.4874730385274815
run-endocytosis2_baseline_zero_diffusion0000-0020,8.3,12,0.8548673244725327,1.2016444123292487
run-endocytosis2_baseline_zero_diffusion0000-0021,8.3,662,1.094520536582257,1.5192081186865187
run-endocytosis2_baseline_zero_diffusion0000-0022,8.3,796,0.9273437738026817,1.508476026691357
run-endocytosis2_baseline_zero_diffusion0000-0023,8.3,419,1.2403172049365476,1.5146837706941743
run-endocytosis2_baseline_zero_diffusion0000-0024,8.3,88,1.035197401560286,1.4701186001461566
run-endocytosis2_baseline_zero_diffusion0000-0025,8.3,166,0.7251404517596336,1.501137926277822
run-endocytosis2_baseline_zero_diffusion0000-0027,8.3,133,1.2840585535611666,1.4744099961445765
run-endocytosis2_baseline_zero_diffusion0000-0028,8.3,237,1.3666708197016881,1.4257197698908253
run-endocytosis2_baseline_zero_diffusion0000-0029,8.3,739,1.4145393128951815,1.5224111222875798
run-endocytosis2_baseline_zero_diffusion0000-0030,8.3,637,1.19106269545522,1.4833154362447598
run-endocytosis2_baseline_zero_diffusion0000-0031,8.3,247,1.0278639944550108,1.4977167839096166
run-endocytosis2_baseline_zero_diffusion0000-0032,8.3,783,1.2394735092438378,1.5181099441098576
run-endocytosis2_baseline_zero_diffusion0000-0033,8.3,181,1.1032133694458406,1.4150028615342394
run-endocytosis2_baseline_zero_diffusion0000-0034,8.3,45,0.9373870371257804,1.3002749665238615
run-endocytosis2_baseline_zero_diffusion0000-0035,8.3,11,0.9461794349719643,1.0331215166668017
run-endocytosis2_baseline_zero_diffusion0000-0037,8.3,89,0.44060733232358307,1.423577616796568
run-endocytosis2_baseline_zero_diffusion0000-0038,8.3,77,0.7374243865430905,1.4570910999463476
run-endocytosis2_baseline_zero_diffusion0000-0039,8.3,79,1.023759006892452,1.3252182160237806
run-endocytosis2_baseline_zero_diffusion0000-0040,8.3,82,0.5044911165794161,1.464848458027942
run-endocytosis2_baseline_zero_diffusion0000-0041,8.3,649,1.3025615983376886,1.4961139960010599
run-endocytosis2_baseline_zero_diffusion0000-0042,8.3,578,1.0586426653431396,1.5315961483437732
run-endocytosis2_baseline_zero_diffusion0000-0043,8.3,22,0.7195976025253108,1.239077940429663
run-endocytosis2_baseline_zero_diffusion0000-0044,8.3,859,1.1047838012836602,1.5124130645774854
run-endocytosis2_baseline_zero_diffusion0000-0046,8.3,60,1.068438354445481,1.4236566411250016
run-endocytosis2_baseline_zero_diffusion0000-0047,8.3,142,1.26813293469485,1.4370029337853132
run-endocytosis2_baseline_zero_diffusion0000-0048,8.3,319,1.3359887632437406,1.507520752036981
run-endocytosis2_baseline_zero_diffusion0000-0049,8.3,19,1.0874690067119892,1.2717003030524272
run-endocytosis2_baseline_zero_diffusion0000-0000,8.4,17,1.2658159717322435,1.3211123124155835
run-endocytosis2_baseline_zero_diffusion0000-0001,8.4,232,1.193438833544039,1.5208539605267593
run-endocytosis2_baseline_zero_diffusion0000-0002,8.4,178,1.1342009371534307,1.4576333103608647
run-endocytosis2_baseline_zero_diffusion0000-0003,8.4,734,1.4007241072564918,1.5186638193461532
run-endocytosis2_baseline_zero_diffusion0000-0004,8.4,253,1.3103421863262907,1.5032684778596797
run-endocytosis2_baseline_zero_diffusion0000-0005,8.4,267,1.4159240964727522,1.4876447205828294
run-endocytosis2_baseline_zero_diffusion0000-0006,8.4,868,1.1411195083422057,1.4968763942010714
run-endocytosis2_baseline_zero_diffusion0000-0007,8.4,280,1.3057272705033711,1.5173829859905514
run-endocytosis2_baseline_zero_diffusion0000-0008,8.4,188,0.7497905695632483,1.4543782632598012
run-endocytosis2_baseline_zero_diffusion0000-0009,8.4,223,1.036929243801342,1.4601362267948486
run-endocytosis2_baseline_zero_diffusion0000-0010,8.4,1108,1.1006844137088894,1.5408088272389389
run-endocytosis2_baseline_zero_diffusion0000-0011,8.4,37,1.236020840977889,1.3217398173752413
run-endocytosis2_baseline_zero_diffusion0000-0012,8.4,309,1.2179355825957714,1.4566072962148857
run-endocytosis2_baseline_zero_diffusion0000-0013,8.4,322,1.2325863309027703,1.497340745458983
run-endocytosis2_baseline_zero_diffusion0000-0014,8.4,420,1.2413385386242115,1.5355141355364903
run-endocytosis2_baseline_zero_diffusion0000-0015,8.4,30,0.6833478367101311,1.3967373217493178
run-endocytosis2_baseline_zero_diffusion0000-0016,8.4,172,0.7945388773769008,1.4960831231129932
run-endocytosis2_baseline_zero_diffusion0000-0017,8.4,400,1.1017254776502277,1.5241366628347535
run-endocytosis2_baseline_zero_diffusion0000-0018,8.4,318,0.8451348962595149,1.5092832256131596
run-endocytosis2_baseline_zero_diffusion0000-0019,8.4,848,1.2496509831523794,1.5350563336878769
run-endocytosis2_baseline_zero_diffusion0000-0020,8.4,12,0.8773945706281255,1.3067908902566847
run-endocytosis2_baseline_zero_diffusion0000-0021,8.4,677,1.098337019115661,1.5256595216604711
run-endocytosis2_baseline_zero_diffusion0000-0022,8.4,806,0.9238009153460204,1.5327433094006366
run-endocytosis2_baseline_zero_diffusion0000-0023,8.4,421,1.1817316016524022,1.494993756357981
run-endocytosis2_baseline_zero_diffusion0000-0024,8.4,88,1.0504119972600972,1.4181601315805095
run-endocytosis2_baseline_zero_diffusion0000-0025,8.4,166,0.7169186975029518,1.4619994760248125
run-endocytosis2_baseline_zero_diffusion0000-0027,8.4,133,1.2752905625783386,1.489810246711396
run-endocytosis2_baseline_zero_diffusion0000-0028,8.4,242,1.325814095477638,1.4461934942509003
run-endocytosis2_baseline_zero_diffusion0000-0029,8.4,758,1.3893579721124527,1.5235188707393226
run-endocytosis2_baseline_zero_diffusion0000-0030,8.4,652,1.2333569054164857,1.5249291758392984
run-endocytosis2_baseline_zero_diffusion0000-0031,8.4,247,1.0566355678468464,1.4974435530432022
run-endocytosis2_baseline_zero_diffusion0000-0032,8.4,793,1.1565212534323728,1.5229944360482928
run-endocytosis2_baseline_zero_diffusion0000-0033,8.4,181,1.0236219805185898,1.503395421109969
run-endocytosis2_baseline_zero_diffusion0000-0034,8.4,45,0.9321071907806395,1.367061765086439
run-endocytosis2_baseline_zero_diffusion0000-0035,8.4,11,0.9651221200964439,1.3365214995117276
run-endocytosis2_baseline_zero_diffusion0000-0037,8.4,89,0.505157846649146,1.384869906575964
run-endocytosis2_baseline_zero_diffusion0000-0038,8.4,82,0.6603769946281941,1.351033523221948
run-endocytosis2_baseline_zero_diffusion0000-0039,8.4,83,0.9246741635586151,1.4297259078379616
run-endocytosis2_baseline_zero_diffusion0000-0040,8.4,87,0.5942036490110525,1.4011790194625682
run-endocytosis2_baseline_zero_diffusion0000-0041,8.4,660,1.3297681769946161,1.5188175189740938
run-endocytosis2_baseline_zero_diffusion0000-0042,8.4,583,1.0463030399244668,1.524507110223916
run-endocytosis2_baseline_zero_diffusion0000-0043,8.4,22,0.7334597846249928,0.8912338869944992
run-endocytosis2_baseline_zero_diffusion0000-0044,8.4,876,1.1510526567620993,1.534942915872685
run-endocytosis2_baseline_zero_diffusion0000-0046,8.4,60,1.0767344686523759,1.4364131461396876
run-endocytosis2_baseline_zero_diffusion0000-0047,8.4,147,1.2318189004633426,1.4653999830088045
run-endocytosis2_baseline_zero_diffusion0000-0048,8.4,322,1.328232104065959,1.5053726982519529
run-endocytosis2_baseline_zero_diffusion0000-0049,8.4,19,1.1182115324305455,1.2837808722960697
run-endocytosis2_baseline_zero_diffusion0000-0000,8.5,17,1.2501403980331485,1.2555945887218554
run-endocytosis2_baseline_zero_diffusion0000-0001,8.5,232,1.138738149803391,1.44024205619737
run-endocytosis2_baseline_zero_diffusion0000-0002,8.5,185,1.1660245955622264,1.4863205188992925
run-endocytosis2_baseline_zero_diffusion0000-0003,8.5,739,1.4291991959418076,1.5285880840634052
run-endocytosis2_baseline_zero_diffusion0000-0004,8.5,253,1.3527645552035685,1.4618372543911597
run-endocytosis2_baseline_zero_diffusion0000-0005,8.5,272,1.4221666745004884,1.5264562587438073
run-endocytosis2_baseline_zero_diffusion0000-0006,8.5,890,1.1208041160233913,1.533607160476409
run-endocytosis2_baseline_zero_diffusion0000-0007,8.5,282,1.2861742883463214,1.4810913013218945
run-endocytosis2_baseline_zero_diffusion0000-0008,8.5,193,0.7873977710450462,1.4827899020857565
run-endocytosis2_baseline_zero_diffusion0000-0009,8.5,223,1.1128358420880027,1.4933031464647222
run-endocytosis2_baseline_zero_diffusion0000-0010,8.5,1160,1.1381153368462487,1.5357104771104733
run-endocytosis2_baseline_zero_diffusion0000-0011,8.5,37,1.2553640720933696,1.4318512993668258
run-endocytosis2_baseline_zero_diffusion0000-0012,8.5,324,1.2631260307688743,1.5027755218121526
run-endocytosis2_baseline_zero_diffusion0000-0013,8.5,325,1.2130809270722205,1.5194578954467721
run-endocytosis2_baseline_zero_diffusion0000-0014,8.5,433,1.2157504708095033,1.5151336122927939
run-endocytosis2_baseline_zero_diffusion0000-0015,8.5,30,0.7365228454305809,1.3942389874274876
run-endocytosis2_baseline_zero_diffusion0000-0016,8.5,172,0.7656176513818804,1.4737022386015324
run-endocytosis2_baseline_zero_diffusion0000-0017,8.5,404,1.1809407101750242,1.5136352614352016
run-endocytosis2_baseline_zero_diffusion0000-0018,8.5,344,0.7440197673284613,1.4484719335217526
run-endocytosis2_baseline_zero_diffusion0000-0019,8.5,857,1.236438817583421,1.5324258199515262
run-endocytosis2_baseline_zero_diffusion0000-0020,8.5,12,0.8720020024284794,1.010750187239229
run-endocytosis2_baseline_zero_diffusion0000-0021,8.5,686,1.088208200358742,1.4728264896963892
run-endocytosis2_baseline_zero_diffusion0000-0022,8.5,816,0.9525117343790201,1.5442078454656492
run-endocytosis2_baseline_zero_diffusion0000-0023,8.5,424,1.2410742856893549,1.5244313405227936
run-endocytosis2_baseline_zero_diffusion0000-0024,8.5,88,1.0388032365656885,1.487337426183531
run-endocytosis2_baseline_zero_diffusion0000-0025,8.5,166,0.788199577948683,1.4591719416816769
run-endocytosis2_baseline_zero_diffusion0000-0027,8.5,133,1.1744396567959121,1.4856651148418618
run-endocytosis2_baseline_zero_diffusion0000-0028,8.5,195,1.145345077661404,1.3858636357715262
run-endocytosis2_baseline_zero_diffusion0000-0029,8.5,777,1.4094107924221193,1.4985551832231008
run-endocytosis2_baseline_zero_diffusion0000-0030,8.5,662,1.2376819255767522,1.512328082729877
run-endocytosis2_baseline_zero_diffusion0000-0031,8.5,247,1.067409880752435,1.4607818265420645
run-endocytosis2_baseline_zero_diffusion0000-0032,8.5,822,1.1634638974004,1.5156394922899914
run-endocytosis2_baseline_zero_diffusion0000-0033,8.5,181,1.0642812086419218,1.427581836469239
run-endocytosis2_baseline_zero_diffusion0000-0034,8.5,45,0.9359582355697424,1.3272909721585124
run-endocytosis2_baseline_zero_diffusion0000-0035,8.5,11,0.9663629724692256,0.9647977338243451
run-endocytosis2_baseline_zero_diffusion0000-0037,8.5,89,0.4554880443899618,1.3992438762951946
run-endocytosis2_baseline_zero_diffusion0000-0038,8.5,84,0.7217216802287368,1.4360964080171945
run-endocytosis2_baseline_zero_diffusion0000-0039,8.5,87,0.9472275262347671,1.40860773550035
run-endocytosis2_baseline_zero_diffusion0000-0040,8.5,87,0.5135793690359833,1.4281786709387232
run-endocytosis2_baseline_zero_diffusion0000-0041,8.5,665,1.2886276928224325,1.5357948898074287
run-endocytosis2_baseline_zero_diffusion0000-0042,8.5,590,1.0019385468902158,1.5369510457585045
run-endocytosis2_baseline_zero_diffusion0000-0043,8.5,22,0.7102044773412264,1.3344250111435332
run-endocytosis2_baseline_zero_diffusion0000-0044,8.5,893,1.1263751139361067,1.5206242666747753
run-endocytosis2_baseline_zero_diffusion0000-0046,8.5,60,0.9586743884588845,1.4175028254258661
run-endocytosis2_baseline_zero_diffusion0000-0047,8.5,152,1.296162992584913,1.4613723383246382
run-endocytosis2_baseline_zero_diffusion0000-0048,8.5,322,1.319427913859299,1.5050768505519498
run-endocytosis2_baseline_zero_diffusion0000-0049,8.5,19,1.1188820553782064,1.308672640038979
run-endocytosis2_baseline_zero_diffusion0000-0000,8.6,17,1.2574249171088447,1.286972387261081
run-endocytosis2_baseline_zero_diffusion0000-0001,8.6,232,1.2060619747430588,1.499969564824018
run-endocytosis2_baseline_zero_diffusion0000-0002,8.6,186,1.1856395687721781,1.4681339633950479
run-endocytosis2_baseline_zero_diffusion0000-0003,8.6,747,1.3960634864259658,1.5289524699931802
run-endocytosis2_baseline_zero_diffusion0000-0004,8.6,257,1.3675493586559677,1.4618107312150252
run-endocytosis2_baseline_zero_diffusion0000-0005,8.6,277,1.363658210567849,1.5111709785882044
run-endocytosis2_baseline_zero_diffusion0000-0006,8.6,906,1.1084084542943033,1.4961065680125973
run-endocytosis2_baseline_zero_diffusion0000-0007,8.6,288,1.3264020521432576,1.5217361903449587
run-endocytosis2_baseline_zero_diffusion0000-0008,8.6,204,0.7587659151330217,1.4609794542137617
run-endocytosis2_baseline_zero_diffusion0000-0009,8.6,223,0.9940443899316815,1.4381919316828762
run-endocytosis2_baseline_zero_diffusion0000-0010,8.6,1201,1.149241564581657,1.534808184586144
run-endocytosis2_baseline_zero_diffusion0000-0011,8.6,37,1.240475735388915,1.3338556142355111
run-endocytosis2_baseline_zero_diffusion0000-0012,8.6,335,1.2606466213555358,1.4931055050181663
run-endocytosis2_baseline_zero_diffusion0000-0013,8.6,328,1.172770324701302,1.507196088185442
run-endocytosis2_baseline_zero_diffusion0000-0014,8.6,439,1.267761463536544,1.5241387354093945
run-endocytosis2_baseline_zero_diffusion0000-0015,8.6,30,0.729465139546321,1.3960086137211234
run-endocytosis2_baseline_zero_diffusion0000-0016,8.6,172,0.7703284120396716,1.4842205508650919
run-endocytosis2_baseline_zero_diffusion0000-0017,8.6,408,1.1633764505305757,1.478188293907422
run-endocytosis2_baseline_zero_diffusion0000-0018,8.6,376,0.7484724160150896,1.5035227248178982
run-endocytosis2_baseline_zero_diffusion0000-0019,8.6,878,1.3123148991649052,1.5353263746288297
run-endocytosis2_baseline_zero_diffusion0000-0020,8.6,12,0.8776172377470444,1.2949249174046304
run-endocytosis2_baseline_zero_diffusion0000-0021,8.6,702,1.1025501171028944,1.527663514406111
run-endocytosis2_baseline_zero_diffusion0000-0022,8.6,826,0.941403549230236,1.5128055547479207
run-endocytosis2_baseline_zero_diffusion0000-0023,8.6,424,1.2888119267480656,1.5184133848305092
run-endocytosis2_baseline_zero_diffusion0000-0024,8.6,88,1.0626676151555765,1.3977251790831677
run-endocytosis2_baseline_zero_diffusion0000-0025,8.6,166,0.7448045189336704,1.3943286548034717
run-endocytosis2_baseline_zero_diffusion0000-0027,8.6,133,1.1895242632979035,1.4963472988149922
run-endocytosis2_baseline_zero_diffusion0000-0028,8.6,190,1.2566037857019592,1.4772321577383951
run-endocytosis2_baseline_zero_diffusion0000-0029,8.6,793,1.394126137758839,1.5088354492699825
run-endocytosis2_baseline_zero_diffusion0000-0030,8.6,670,1.2357991173191836,1.5383414412224188
run-endocytosis2_baseline_zero_diffusion0000-0031,8.6,247,1.04961434199208,1.5015757672782046
run-endocytosis2_baseline_zero_diffusion0000-0032,8.6,833,1.1858368232641694,1.5181508285741534
run-endocytosis2_baseline_zero_diffusion0000-0033,8.6,181,1.0570546413928372,1.4268048603787329
run-endocytosis2_baseline_zero_diffusion0000-0034,8.6,45,0.9112895138625262,1.321138858870635
run-endocytosis2_baseline_zero_diffusion0000-0035,8.6,11,0.9609105996998673,1.2635961722345996
run-endocytosis2_baseline_zero_diffusion0000-0037,8.6,89,0.606170776220729,1.3467842794695182
run-endocytosis2_baseline_zero_diffusion0000-0038,8.6,84,0.6651834437991848,1.4694180927894038
run-endocytosis2_baseline_zero_diffusion0000-0039,8.6,87,1.0329418708686369,1.4461524669029113
run-endocytosis2_baseline_zero_diffusion0000-0040,8.6,87,0.5311660423221658,1.4669500158139968
run-endocytosis2_baseline_zero_diffusion0000-0041,8.6,671,1.3039688350909362,1.4986670775621425
run-endocytosis2_baseline_zero_diffusion0000-0042,8.6,599,0.9770701620822629,1.5229699733068334
run-endocytosis2_baseline_zero_diffusion0000-0043,8.6,22,0.706025685721781,1.2625903417477644
run-endocytosis2_baseline_zero_diffusion0000-0044,8.6,918,1.1487326611230537,1.5056905953125326
run-endocytosis2_baseline_zero_diffusion0000-0046,8.6,60,0.8993467267612159,1.4052672399123967
run-endocytosis2_baseline_zero_diffusion0000-0047,8.6,163,1.1704488858685278,1.4693671860335742
run-endocytosis2_baseline_zero_diffusion0000-0048,8.6,322,1.3222881224433591,1.488844073690907
run-endocytosis2_baseline_zero_diffusion0000-0049,8.6,19,1.1337306604382724,1.1729717055688398
run-endocytosis2_baseline_zero_diffusion0000-0000,8.7,17,1.255158101534808,1.133046121511473
run-endocytosis2_baseline_zero_diffusion0000-0001,8.7,232,1.1973063629065286,1.4905487877461934
run-endocytosis2_baseline_zero_diffusion0000-0002,8.7,198,1.243473694303083,1.4672782857876014
run-endocytosis2_baseline_zero_diffusion0000-0003,8.7,755,1.426259620187801,1.5432683174542563
run-endocytosis2_baseline_zero_diffusion0000-0004,8.7,259,1.3568966112138312,1.4904996546699836
run-endocytosis2_baseline_zero_diffusion0000-0005,8.7,283,1.3254207244334606,1.4968825208307786
run-endocytosis2_baseline_zero_diffusion0000-0006,8.7,924,1.1253611868910345,1.5230112023271867
run-endocytosis2_baseline_zero_diffusion0000-0007,8.7,294,1.3066913515911571,1.501630812216909
run-endocytosis2_baseline_zero_diffusion0000-0008,8.7,213,0.8046075332619264,1.5127408396999875
run-endocytosis2_baseline_zero_diffusion0000-0009,8.7,223,1.045139174933419,1.4092601655157104
run-endocytosis2_baseline_zero_diffusion0000-0010,8.7,1220,1.1968197985876274,1.5323352072618597
run-endocytosis2_baseline_zero_diffusion0000-0011,8.7,37,1.2391220384180879,1.3513475324750257
run-endocytosis2_baseline_zero_diffusion0000-0012,8.7,357,1.2681904845514143,1.5102572309360383
run-endocytosis2_baseline_zero_diffusion0000-0013,8.7,328,1.2132109305503687,1.5097966126639133
run-endocytosis2_baseline_zero_diffusion0000-0014,8.7,439,1.2411400986227723,1.5316562655085606
run-endocytosis2_baseline_zero_diffusion0000-0015,8.7,30,0.7244601155963963,1.3904783578737052
run-endocytosis2_baseline_zero_diffusion0000-0016,8.7,180,0.7543719682930875,1.4927372277010746
run-endocytosis2_baseline_zero_diffusion0000-0017,8.7,416,1.1988639672624704,1.5189413397400091
run-endocytosis2_baseline_zero_diffusion0000-0018,8.7,418,0.7359561270739844,1.4990487411353852
run-endocytosis2_baseline_zero_diffusion0000-0019,8.7,886,1.324504683428731,1.5334256489331521
run-endocytosis2_baseline_zero_diffusion0000-0020,8.7,12,0.8888514845055954,1.0078110389215689
run-endocytosis2_baseline_zero_diffusion0000-0021,8.7,714,1.124839881124361,1.5148767222288377
run-endocytosis2_baseline_zero_diffusion0000-0022,8.7,835,0.9240590743689653,1.5365158872886517
run-endocytosis2_baseline_zero_diffusion0000-0023,8.7,370,1.2571838283660501,1.499802694648395
run-endocytosis2_baseline_zero_diffusion0000-0024,8.7,88,0.9622675650287802,1.4696755562110462
run-endocytosis2_baseline_zero_diffusion0000-0025,8.7,176,0.7581826410470517,1.4969785105395854
run-endocytosis2_baseline_zero_diffusion0000-0027,8.7,133,1.2299032672823973,1.471606989440074
run-endocytosis2_baseline_zero_diffusion0000-0028,8.7,278,1.3052080992491262,1.466451248018212
run-endocytosis2_baseline_zero_diffusion0000-0029,8.7,808,1.3939151853846905,1.5262606425140899
run-endocytosis2_baseline_zero_diffusion0000-0030,8.7,673,1.2822280302821287,1.532198657082451
run-endocytosis2_baseline_zero_diffusion0000-0031,8.7,247,1.112690245028238,1.472882516992166
run-endocytosis2_baseline_zero_diffusion0000-0032,8.7,835,1.2112838504319647,1.5161800052692451
run-endocytosis2_baseline_zero_diffusion0000-0033,8.7,181,1.0197344616596373,1.4618619119757454
run-endocytosis2_baseline_zero_diffusion0000-0034,8.7,45,0.9534089427748932,1.4083215961470228
run-endocytosis2_baseline_zero_diffusion0000-0035,8.7,11,0.975685907846724,1.2969797212987277
run-endocytosis2_baseline_zero_diffusion0000-0037,8.7,89,0.6003732077956598,1.4390276117424767
run-endocytosis2_baseline_zero_diffusion0000-0038,8.7,84,0.7167657772840172,1.4577535672347475
run-endocytosis2_baseline_zero_diffusion0000-0039,8.7,89,0.9956003375954496,1.4189503971188702
run-endocytosis2_baseline_zero_diffusion0000-0040,8.7,87,0.5136703585596996,1.4746956065955026
run-endocytosis2_baseline_zero_diffusion0000-0041,8.7,682,1.267654874802723,1.5293272232169048
run-endocytosis2_baseline_zero_diffusion0000-0042,8.7,611,0.9146164106997693,1.5338921013225983
run-endocytosis2_baseline_zero_diffusion0000-0043,8.7,22,0.7171840577645571,1.2996098919248444
run-endocytosis2_baseline_zero_diffusion0000-0044,8.7,920,1.2404577587227859,1.5450384490303568
run-endocytosis2_baseline_zero_diffusion0000-0046,8.7,60,0.9200279762421968,1.3703721014657537
run-endocytosis2_baseline_zero_diffusion0000-0047,8.7,173,1.009276015508914,1.4197653704304927
run-endocytosis2_baseline_zero_diffusion0000-0048,8.7,324,1.3064340450917575,1.517810561318084
run-endocytosis2_baseline_zero_diffusion0000-0049,8.7,19,1.191158232568391,1.2069769588283883
run-endocytosis2_baseline_zero_diffusion0000-0000,8.8,17,1.271208585927912,1.2857073329154232
run-endocytosis2_baseline_zero_diffusion0000-0001,8.8,232,1.1923094813457429,1.481204506811967
run-endocytosis2_baseline_zero_diffusion0000-0002,8.8,203,1.2491144733730761,1.466712892158713
run-endocytosis2_baseline_zero_diffusion0000-0003,8.8,766,1.4522064220625346,1.5166928474753687
run-endocytosis2_baseline_zero_diffusion0000-0004,8.8,259,1.4094826644566423,1.5004449258140231
run-endocytosis2_baseline_zero_diffusion0000-0005,8.8,298,1.26467439063599,1.5182624504306201
run-endocytosis2_baseline_zero_diffusion0000-0006,8.8,933,1.172979705196911,1.4923533346043418
run-endocytosis2_baseline_zero_diffusion0000-0007,8.8,298,1.3339879336828662,1.5177927731455954
run-endocytosis2_baseline_zero_diffusion0000-0008,8.8,219,0.7822606359071249,1.4837851783235536
run-endocytosis2_baseline_zero_diffusion0000-0009,8.8,225,1.0709696176795167,1.4655201183259745
run-endocytosis2_baseline_zero_diffusion0000-0010,8.8,1231,1.1480471148246472,1.5311032121016723
run-endocytosis2_baseline_zero_diffusion0000-0011,8.8,37,1.2423746403937115,1.3616034650607718
run-endocytosis2_baseline_zero_diffusion0000-0012,8.8,387,1.305927005348939,1.4809467717115075
run-endocytosis2_baseline_zero_diffusion0000-0013,8.8,331,1.1841901880902166,1.4799579898327386
run-endocytosis2_baseline_zero_diffusion0000-0014,8.8,450,1.2996041112725958,1.4967424052330727
run-endocytosis2_baseline_zero_diffusion0000-0015,8.8,30,0.7213961408189469,1.2194764983881858
run-endocytosis2_baseline_zero_diffusion0000-0016,8.8,183,0.7455930983468367,1.4524691666802592
run-endocytosis2_baseline_zero_diffusion0000-0017,8.8,416,1.2373582466672242,1.4955936817973126
run-endocytosis2_baseline_zero_diffusion0000-0018,8.8,449,0.6607920873417747,1.457823731232654
run-endocytosis2_baseline_zero_diffusion0000-0019,8.8,908,1.3113724276867793,1.5327864332678458
run-endocytosis2_baseline_zero_diffusion0000-0020,8.8,12,0.8464997312585983,1.0693649192250958
run-endocytosis2_baseline_zero_diffusion0000-0021,8.8,727,1.1581489939936462,1.5211454769852923
run-endocytosis2_baseline_zero_diffusion0000-0022,8.8,838,0.902516902304593,1.5121947718251527
run-endocytosis2_baseline_zero_diffusion0000-0023,8.8,434,1.3071376916222581,1.4799754451760525
run-endocytosis2_baseline_zero_diffusion0000-0024,8.8,88,0.9515625318262279,1.4519678738858282
run-endocytosis2_baseline_zero_diffusion0000-0025,8.8,177,0.6840847609748145,1.419093356089491
run-endocytosis2_baseline_zero_diffusion0000-0027,8.8,133,1.0742507385398248,1.3584547814682821
run-endocytosis2_baseline_zero_diffusion0000-0028,8.8,288,1.2867253448930456,1.4947757923856022
run-endocytosis2_baseline_zero_diffusion0000-0029,8.8,839,1.3639220732044584,1.5104866479261332
run-endocytosis2_baseline_zero_diffusion0000-0030,8.8,678,1.2691858724856944,1.528154819162293
run-endocytosis2_baseline_zero_diffusion0000-0031,8.8,247,1.1766199693034398,1.4295345151707055
run-endocytosis2_baseline_zero_diffusion0000-0032,8.8,835,1.1815157653215418,1.5324845441415829
run-endocytosis2_baseline_zero_diffusion0000-0033,8.8,181,1.0709010165970314,1.491613458458349
run-endocytosis2_baseline_zero_diffusion0000-0034,8.8,45,0.9548393402102039,1.43395759901528
run-endocytosis2_baseline_zero_diffusion0000-0035,8.8,11,0.96875485399617,0.972665782209092
run-endocytosis2_baseline_zero_diffusion0000-0037,8.8,89,0.6184220630129672,1.470978503818748
run-endocytosis2_baseline_zero_diffusion0000-0038,8.8,84,0.708973523945704,1.4483811191449856
run-endocytosis2_baseline_zero_diffusion0000-0039,8.8,90,0.9902263710609385,1.4917954816093277
run-endocytosis2_baseline_zero_diffusion0000-0040,8.8,87,0.5584164870165063,1.5033825424665326
run-endocytosis2_baseline_zero_diffusion0000-0041,8.8,689,1.2572161136096995,1.5284368533855603
run-endocytosis2_baseline_zero_diffusion0000-0042,8.8,618,0.9118525658285622,1.4715766465797517
run-endocytosis2_baseline_zero_diffusion0000-0043,8.8,22,0.7037910673230008,1.3554208207436504
run-endocytosis2_baseline_zero_diffusion0000-0044,8.8,920,1.23984208554494,1.5279527173268845
run-endocytosis2_baseline_zero_diffusion0000-0046,8.8,60,1.038666787093034,1.430233406573611
run-endocytosis2_baseline_zero_diffusion0000-0047,8.8,184,0.9916120153022256,1.4244630210072509
run-endocytosis2_baseline_zero_diffusion0000-0048,8.8,331,1.3149339499741965,1.4728916124524594
run-endocytosis2_baseline_zero_diffusion0000-0049,8.8,19,1.2016755913980235,1.3326615104206072
run-endocytosis2_baseline_zero_diffusion0000-0000,8.9,17,1.251613968553739,1.2826191846209523
run-endocytosis2_baseline_zero_diffusion0000-0001,8.9,232,1.1541375003173322,1.502995497039917
run-endocytosis2_baseline_zero_diffusion0000-0002,8.9,205,1.2218960023448389,1.4800007018667438
run-endocytosis2_baseline_zero_diffusion0000-0003,8.9,773,1.4388695368515276,1.507306965163331
run-endocytosis2_baseline_zero_diffusion0000-0004,8.9,259,1.381682632853001,1.4764240778733795
run-endocytosis2_baseline_zero_diffusion0000-0005,8.9,312,1.1871390027477542,1.4738919043904295
run-endocytosis2_baseline_zero_diffusion0000-0006,8.9,949,1.2094691196496083,1.5266063097657656
run-endocytosis2_baseline_zero_diffusion0000-0007,8.9,310,1.3673695329678288,1.5080828286940118
run-endocytosis2_baseline_zero_diffusion0000-0008,8.9,226,0.7931200860581488,1.3967365716354618
run-endocytosis2_baseline_zero_diffusion0000-0009,8.9,230,0.9845216695146476,1.4875073765351428
run-endocytosis2_baseline_zero_diffusion0000-0010,8.9,1246,1.1493980985137187,1.505887633016111
run-endocytosis2_baseline_zero_diffusion0000-0011,8.9,37,1.2563684203882879,1.289868139745421
run-endocytosis2_baseline_zero_diffusion0000-0012,8.9,407,1.2963678195016528,1.5275784787808186
run-endocytosis2_baseline_zero_diffusion0000-0013,8.9,335,1.2257811416095115,1.477489037068362
run-endocytosis2_baseline_zero_diffusion0000-0014,8.9,469,1.2792462967492733,1.4995033755083214
run-endocytosis2_baseline_zero_diffusion0000-0015,8.9,30,0.6903619410380635,1.2988012016610715
run-endocytosis2_baseline_zero_diffusion0000-0016,8.9,184,0.7774365882193549,1.4780006831568842
run-endocytosis2_baseline_zero_diffusion0000-0017,8.9,416,1.1655631046133648,1.4782091840770428
run-endocytosis2_baseline_zero_diffusion0000-0018,8.9,486,0.7455750055969692,1.5242701736861526
run-endocytosis2_baseline_zero_diffusion0000-0019,8.9,922,1.3215841818122613,1.5246233217692313
run-endocytosis2_baseline_zero_diffusion0000-0020,8.9,12,0.8405030845168872,1.196458521513707
run-endocytosis2_baseline_zero_diffusion0000-0021,8.9,735,1.1367182812508734,1.5267462904911893
run-endocytosis2_baseline_zero_diffusion0000-0022,8.9,847,0.8936732311603945,1.519094623815479
run-endocytosis2_baseline_zero_diffusion0000-0023,8.9,444,1.2819626445242172,1.4807129283953322
run-endocytosis2_baseline_zero_diffusion0000-0024,8.9,88,0.966962732682161,1.4090074953259615
run-endocytosis2_baseline_zero_diffusion0000-0025,8.9,177,0.7707850739032832,1.435685118900321
run-endocytosis2_baseline_zero_diffusion0000-0027,8.9,133,1.153300905718253,1.4585733113774144
run-endocytosis2_baseline_zero_diffusion0000-0028,8.9,290,1.3263465256872224,1.4367988537781746
run-endocytosis2_baseline_zero_diffusion0000-0029,8.9,860,1.4336539990769812,1.5308891903623032
run-endocytosis2_baseline_zero_diffusion0000-0030,8.9,679,1.2652170415178368,1.5209963609201698
run-endocytosis2_baseline_zero_diffusion0000-0031,8.9,247,1.1483037296804937,1.4331534645265063
run-endocytosis2_baseline_zero_diffusion0000-0032,8.9,848,1.1897346692659416,1.4993192073836799
run-endocytosis2_baseline_zero_diffusion0000-0033,8.9,181,1.0386989919653469,1.470865570781402
run-endocytosis2_baseline_zero_diffusion0000-0034,8.9,45,0.9545924868059195,1.4556038809479075
run-endocytosis2_baseline_zero_diffusion0000-0035,8.9,11,0.9727083598986709,1.1958635290620567
run-endocytosis2_baseline_zero_diffusion0000-0037,8.9,89,0.5049875529315311,1.4552059828638388
run-endocytosis2_baseline_zero_diffusion0000-0038,8.9,84,0.717482431548394,1.4555570584162765
run-endocytosis2_baseline_zero_diffusion0000-0039,8.9,90,0.9753504934851898,1.4152010145044114
run-endocytosis2_baseline_zero_diffusion0000-0040,8.9,87,0.6294535821690537,1.432953271920783
run-endocytosis2_baseline_zero_diffusion0000-0041,8.9,695,1.282078953822488,1.4896627622418646
run-endocytosis2_baseline_zero_diffusion0000-0042,8.9,627,0.9786650189828208,1.5217884269478814
run-endocytosis2_baseline_zero_diffusion0000-0043,8.9,22,0.7117612793751381,1.1450518981390463
run-endocytosis2_baseline_zero_diffusion0000-0044,8.9,922,1.2798558288913076,1.5121958094365973
run-endocytosis2_baseline_zero_diffusion0000-0046,8.9,60,1.0563003099520318,1.3393765876968349
run-endocytosis2_baseline_zero_diffusion0000-0047,8.9,184,0.9911991795752197,1.4573978183011855
run-endocytosis2_baseline_zero_diffusion0000-0048,8.9,332,1.2555366008617768,1.4473076540047312
run-endocytosis2_baseline_zero_diffusion0000-0049,8.9,19,1.2151902973573518,1.134693975846178
run-endocytosis2_baseline_zero_diffusion0000-0000,9.0,17,1.2657997177059543,1.2588120155162648
run-endocytosis2_baseline_zero_diffusion0000-0001,9.0,232,1.211240262823125,1.496976711251257
run-endocytosis2_baseline_zero_diffusion0000-0002,9.0,205,1.2451553725690399,1.450612980887786
run-endocytosis2_baseline_zero_diffusion0000-0003,9.0,777,1.3812292538388529,1.528622063561848
run-endocytosis2_baseline_zero_diffusion0000-0004,9.0,259,1.3863502480523766,1.509747143793211
run-endocytosis2_baseline_zero_diffusion0000-0005,9.0,322,1.1463686664376758,1.515802212999122
run-endocytosis2_baseline_zero_diffusion0000-0006,9.0,960,1.2006646733252961,1.5260785684130689
run-endocytosis2_baseline_zero_diffusion0000-0007,9.0,311,1.3192844270325232,1.4792868260151804
run-endocytosis2_baseline_zero_diffusion0000-0008,9.0,235,0.8137338289122363,1.515426445858563
run-endocytosis2_baseline_zero_diffusion0000-0009,9.0,231,1.0139759011958032,1.4320981797344552
run-endocytosis2_baseline_zero_diffusion0000-0010,9.0,1256,1.1905076867721829,1.4961540521680632
run-endocytosis2_baseline_zero_diffusion0000-0011,9.0,37,1.2274605360195023,1.176057655984033
run-endocytosis2_baseline_zero_diffusion0000-0012,9.0,427,1.3147249690461633,1.4978103903076831
run-endocytosis2_baseline_zero_diffusion0000-0013,9.0,345,1.2022929558331659,1.494969582678112
run-endocytosis2_baseline_zero_diffusion0000-0014,9.0,489,1.2842525728366703,1.490520533998512
run-endocytosis2_baseline_zero_diffusion0000-0015,9.0,30,0.7108605453764606,1.1475816275735542
run-endocytosis2_baseline_zero_diffusion0000-0016,9.0,184,0.7227043281150196,1.409815752494579
run-endocytosis2_baseline_zero_diffusion0000-0017,9.0,416,1.173968057929359,1.499579237887759
run-endocytosis2_baseline_zero_diffusion0000-0018,9.0,511,0.785212252147625,1.5205703227074787
run-endocytosis2_baseline_zero_diffusion0000-0019,9.0,927,1.3320737769903879,1.5252353503360234
run-endocytosis2_baseline_zero_diffusion0000-0020,9.0,12,0.8411522755141227,1.220442974649053
run-endocytosis2_baseline_zero_diffusion0000-0021,9.0,743,1.1340808862210532,1.537286373416101
run-endocytosis2_baseline_zero_diffusion0000-0022,9.0,855,0.8775856752398636,1.528447096950338
run-endocytosis2_baseline_zero_diffusion0000-0023,9.0,451,1.2989623793452267,1.5081539715046173
run-endocytosis2_baseline_zero_diffusion0000-0024,9.0,88,0.9637661235989334,1.4799996090956489
run-endocytosis2_baseline_zero_diffusion0000-0025,9.0,181,0.7796608740302107,1.4973027570949082
run-endocytosis2_baseline_zero_diffusion0000-0027,9.0,133,1.0857293188963963,1.4423151637635825
run-endocytosis2_baseline_zero_diffusion0000-0028,9.0,290,1.3254394533212792,1.4829556281581875
run-endocytosis2_baseline_zero_diffusion0000-0029,9.0,877,1.4274199663815654,1.487867368440451
run-endocytosis2_baseline_zero_diffusion0000-0030,9.0,679,1.2606545391408328,1.519952523330686
run-endocytosis2_baseline_zero_diffusion0000-0031,9.0,249,1.1698803659292722,1.4959179974809234
run-endocytosis2_baseline_zero_diffusion0000-0032,9.0,857,1.1427884808656184,1.5095572528776424
run-endocytosis2_baseline_zero_diffusion0000-0033,9.0,181,1.0476158113697491,1.4904429430637054
run-endocytosis2_baseline_zero_diffusion0000-0034,9.0,45,0.9629243432066837,1.4105557586844295
run-endocytosis2_baseline_zero_diffusion0000-0035,9.0,11,0.9674410503638571,1.1178349567958636
run-endocytosis2_baseline_zero_diffusion0000-0037,9.0,89,0.46246902859538297,1.4643684150062082
run-endocytosis2_baseline_zero_diffusion0000-0038,9.0,84,0.6903014594459524,1.4562083295509047
run-endocytosis2_baseline_zero_diffusion0000-0039,9.0,90,0.9157243065175422,1.4549387857286835
run-endocytosis2_baseline_zero_diffusion0000-0040,9.0,87,0.6118726830624327,1.4529958243068626
run-endocytosis2_baseline_zero_diffusion0000-0041,9.0,700,1.287240432720271,1.5159688495617363
run-endocytosis2_baseline_zero_diffusion0000-0042,9.0,637,0.9936676724895716,1.5187595230422486
run-endocytosis2_baseline_zero_diffusion0000-0043,9.0,22,0.7180628584573685,1.3518583326630622
run-endocytosis2_baseline_zero_diffusion0000-0044,9.0,922,1.295835851025739,1.535426325918536
run-endocytosis2_baseline_zero_diffusion0000-0046,9.0,60,1.0597107146553184,1.3791574145395622
run-endocytosis2_baseline_zero_diffusion0000-0047,9.0,184,1.0506789407882335,1.4908085548656052
run-endocytosis2_baseline_zero_diffusion0000-0048,9.0,336,1.2459505471739174,1.5048473679786631
run-endocytosis2_baseline_zero_diffusion0000-0049,9.0,19,1.1938984509192805,1.2279358602997374
run-endocytosis2_baseline_zero_diffusion0000-0000,9.1,17,1.2576119605291063,1.3552774772292522
run-endocytosis2_baseline_zero_diffusion0000-0001,9.1,232,1.170854316529517,1.4808143430563976
run-endocytosis2_baseline_zero_diffusion0000-0002,9.1,210,1.3101621884456698,1.4753309176443308
run-endocytosis2_baseline_zero_diffusion0000-0003,9.1,789,1.3717974399758504,1.5306322597212367
run-endocytosis2_baseline_zero_diffusion0000-0004,9.1,259,1.3736859306154914,1.496685593388038
run-endocytosis2_baseline_zero_diffusion0000-0005,9.1,334,1.1660735698702065,1.477795236905589
run-endocytosis2_baseline_zero_diffusion0000-0006,9.1,958,1.1795027822232995,1.5430498673689768
run-endocytosis2_baseline_zero_diffusion0000-0007,9.1,316,1.3169642781061721,1.514770121499029
run-endocytosis2_baseline_zero_diffusion0000-0008,9.1,236,0.788757480299881,1.4970035173834113
run-endocytosis2_baseline_zero_diffusion0000-0009,9.1,231,0.9869821240451446,1.5119607722058854
run-endocytosis2_baseline_zero_diffusion0000-0010,9.1,1263,1.2028806179188771,1.5420425649883447
run-endocytosis2_baseline_zero_diffusion0000-0011,9.1,37,1.2462852530804025,1.232533873237835
run-endocytosis2_baseline_zero_diffusion0000-0012,9.1,445,1.2882238869978229,1.4870834270445883
run-endocytosis2_baseline_zero_diffusion0000-0013,9.1,354,1.154069184241144,1.5012717228747812
run-endocytosis2_baseline_zero_diffusion0000-0014,9.1,492,1.282791097996298,1.5110267188728834
run-endocytosis2_baseline_zero_diffusion0000-0015,9.1,30,0.7154236876003532,1.332248651225046
run-endocytosis2_baseline_zero_diffusion0000-0016,9.1,184,0.760567207681363,1.4259596555103
run-endocytosis2_baseline_zero_diffusion0000-0017,9.1,416,1.225766586174251,1.463615239431669
run-endocytosis2_baseline_zero_diffusion0000-0018,9.1,520,0.8044655048941708,1.4819145676254413
run-endocytosis2_baseline_zero_diffusion0000-0019,9.1,934,1.3401251904102995,1.5049104708565286
run-endocytosis2_baseline_zero_diffusion0000-0020,9.1,12,0.8537097083820537,1.3380618477498318
run-endocytosis2_baseline_zero_diffusion0000-0021,9.1,758,1.1096991095017408,1.509442893989877
run-endocytosis2_baseline_zero_diffusion0000-0022,9.1,855,0.9310236785716874,1.5245048809316764
run-endocytosis2_baseline_zero_diffusion0000-0023,9.1,464,1.262870161763781,1.5299438260116407
run-endocytosis2_baseline_zero_diffusion0000-0024,9.1,88,0.9514384626414423,1.4767206837905695
run-endocytosis2_baseline_zero_diffusion0000-0025,9.1,181,0.6797737711310257,1.4970241661436197
run-endocytosis2_baseline_zero_diffusion0000-0027,9.1,133,1.1207613673081722,1.4430033561346776
run-endocytosis2_baseline_zero_diffusion0000-0028,9.1,220,1.2211155434990104,1.5053970217129435
run-endocytosis2_baseline_zero_diffusion0000-0029,9.1,898,1.436993376781321,1.5376411968615877
run-endocytosis2_baseline_zero_diffusion0000-0030,9.1,679,1.2545492286534348,1.500283073171172
run-endocytosis2_baseline_zero_diffusion0000-0031,9.1,249,1.2129312569417148,1.4804790116753188
run-endocytosis2_baseline_zero_diffusion0000-0032,9.1,866,1.1178203333955286,1.5283149072388826
run-endocytosis2_baseline_zero_diffusion0000-0033,9.1,181,1.0791958498345844,1.477151053909362
run-endocytosis2_baseline_zero_diffusion0000-0034,9.1,45,0.9468437996506487,1.2478843380121216
run-endocytosis2_baseline_zero_diffusion0000-0035,9.1,11,0.9677744923363439,1.1495135458819512
run-endocytosis2_baseline_zero_diffusion0000-0037,9.1,89,0.6696964634565642,1.4621696607452854
run-endocytosis2_baseline_zero_diffusion0000-0038,9.1,84,0.718211687952579,1.449806137967115
run-endocytosis2_baseline_zero_diffusion0000-0039,9.1,90,0.8842369045066957,1.4497214922542743
run-endocytosis2_baseline_zero_diffusion0000-0040,9.1,89,0.7304222111258025,1.383100376450045
run-endocytosis2_baseline_zero_diffusion0000-0041,9.1,705,1.2374970487580272,1.526048993672105
run-endocytosis2_baseline_zero_diffusion0000-0042,9.1,651,0.9966239346961183,1.5269073732805354
run-endocytosis2_baseline_zero_diffusion0000-0043,9.1,22,0.7211473984431918,1.268131399481716
run-endocytosis2_baseline_zero_diffusion0000-0044,9.1,928,1.269049175492654,1.5124581165551287
run-endocytosis2_baseline_zero_diffusion0000-0046,9.1,60,1.1126416202816105,1.3616282879629058
run-endocytosis2_baseline_zero_diffusion0000-0047,9.1,184,1.0057865009413853,1.4610936350191808
run-endocytosis2_baseline_zero_diffusion0000-0048,9.1,337,1.2860851208173478,1.5008562533654237
run-endocytosis2_baseline_zero_diffusion0000-0049,9.1,19,1.1808450810901834,1.2114884832144268
run-endocytosis2_baseline_zero_diffusion0000-0000,9.2,17,1.260971059718363,1.262046273450338
run-endocytosis2_baseline_zero_diffusion0000-0001,9.2,232,1.1940435740935877,1.431387185511804
run-endocytosis2_baseline_zero_diffusion0000-0002,9.2,215,1.2905649602367961,1.4032894346650153
run-endocytosis2_baseline_zero_diffusion0000-0003,9.2,799,1.3788954184264721,1.5368126512275144
run-endocytosis2_baseline_zero_diffusion0000-0004,9.2,259,1.3750270051644788,1.5036678894527395
run-endocytosis2_baseline_zero_diffusion0000-0005,9.2,344,1.035395308047798,1.50431969501697
run-endocytosis2_baseline_zero_diffusion0000-0006,9.2,968,1.1915943255471257,1.5314894668445729
run-endocytosis2_baseline_zero_diffusion0000-0007,9.2,321,1.3169126493402283,1.5088144803705046
run-endocytosis2_baseline_zero_diffusion0000-0008,9.2,238,0.8595100800167927,1.5017510290578115
run-endocytosis2_baseline_zero_diffusion0000-0009,9.2,231,0.9794051077337588,1.4675792560804464
run-endocytosis2_baseline_zero_diffusion0000-0010,9.2,1277,1.1629488193569133,1.530393661844493
run-endocytosis2_baseline_zero_diffusion0000-0011,9.2,37,1.2295725956232673,1.4367624912023191
run-endocytosis2_baseline_zero_diffusion0000-0012,9.2,458,1.2226041261345841,1.5398942260573933
run-endocytosis2_baseline_zero_diffusion0000-0013,9.2,354,1.1247719688386537,1.482051432139716
run-endocytosis2_baseline_zero_diffusion0000-0014,9.2,492,1.2172659663441103,1.4606505576768747
run-endocytosis2_baseline_zero_diffusion0000-0015,9.2,30,0.7093173753771581,1.4432414272823557
run-endocytosis2_baseline_zero_diffusion0000-0016,9.2,184,0.7578844857919113,1.4520563988351867
run-endocytosis2_baseline_zero_diffusion0000-0017,9.2,416,1.2243044339572033,1.492117329420893
run-endocytosis2_baseline_zero_diffusion0000-0018,9.2,526,0.8398552149894448,1.5156125225446608
run-endocytosis2_baseline_zero_diffusion0000-0019,9.2,937,1.2916355596183147,1.5186760699191482
run-endocytosis2_baseline_zero_diffusion0000-0020,9.2,12,0.8653443455267573,1.1394928012752132
run-endocytosis2_baseline_zero_diffusion0000-0021,9.2,779,1.0875470593285854,1.5338526469587108
run-endocytosis2_baseline_zero_diffusion0000-0022,9.2,855,0.923858961405499,1.515722257747502
run-endocytosis2_baseline_zero_diffusion0000-0023,9.2,476,1.273518509166715,1.486549589149383
run-endocytosis2_baseline_zero_diffusion0000-0024,9.2,88,0.9702418928209205,1.3239873702726035
run-endocytosis2_baseline_zero_diffusion0000-0025,9.2,181,0.7081870945751123,1.394934456327543
run-endocytosis2_baseline_zero_diffusion0000-0027,9.2,133,1.0009108275555358,1.4681522465325274
run-endocytosis2_baseline_zero_diffusion0000-0028,9.2,220,1.2204570782383841,1.4739534427797107
run-endocytosis2_baseline_zero_diffusion0000-0029,9.2,913,1.4173191464022714,1.5165527549810174
run-endocytosis2_baseline_zero_diffusion0000-0030,9.2,668,1.2365064849634007,1.5140219967331503
run-endocytosis2_baseline_zero_diffusion0000-0031,9.2,249,1.1005822266459053,1.4620713320292094
run-endocytosis2_baseline_zero_diffusion0000-0032,9.2,879,1.1036027414381149,1.4881934496334646
run-endocytosis2_baseline_zero_diffusion0000-0033,9.2,181,1.0480595183809982,1.4951174605217143
run-endocytosis2_baseline_zero_diffusion0000-0034,9.2,45,0.9098340833653825,1.3409818696142384
run-endocytosis2_baseline_zero_diffusion0000-0035,9.2,11,0.9759898154871117,1.0954054078716742
run-endocytosis2_baseline_zero_diffusion0000-0037,9.2,89,0.6629037021119449,1.452631423835692
run-endocytosis2_baseline_zero_diffusion0000-0038,9.2,84,0.6980555400219266,1.2833169928295118
run-endocytosis2_baseline_zero_diffusion0000-0039,9.2,90,0.9980712405066177,1.3954093439101636
run-endocytosis2_baseline_zero_diffusion0000-0040,9.2,94,0.738675191684326,1.4217409745530445
run-endocytosis2_baseline_zero_diffusion0000-0041,9.2,705,1.2801579914819685,1.498622829575124
run-endocytosis2_baseline_zero_diffusion0000-0042,9.2,655,0.9863442058368813,1.5178453481333078
run-endocytosis2_baseline_zero_diffusion0000-0043,9.2,22,0.7354213661126595,1.3565387996853575
run-endocytosis2_baseline_zero_diffusion0000-0044,9.2,933,1.2850308296583082,1.5223911144654432
run-endocytosis2_baseline_zero_diffusion0000-0046,9.2,60,1.1093513058832494,1.3494089185940554
run-endocytosis2_baseline_zero_diffusion0000-0047,9.2,197,0.97690885406485,1.4695826638299627
run-endocytosis2_baseline_zero_diffusion0000-0048,9.2,341,1.2886998144565942,1.4865876281030173
run-endocytosis2_baseline_zero_diffusion0000-0049,9.2,19,1.2061613326854663,1.3211915784523454
run-endocytosis2_baseline_zero_diffusion0000-0000,9.3,17,1.2693392818021552,1.1531908764118324
run-endocytosis2_baseline_zero_diffusion0000-0001,9.3,232,1.1613214947638562,1.5150601812864342
run-endocytosis2_baseline_zero_diffusion0000-0002,9.3,222,1.2738866571581575,1.4978270722069875
run-endocytosis2_baseline_zero_diffusion0000-0003,9.3,815,1.391170367792354,1.5253611646222318
run-endocytosis2_baseline_zero_diffusion0000-0004,9.3,259,1.358454376652594,1.5001589138883393
run-endocytosis2_baseline_zero_diffusion0000-0005,9.3,351,1.0974900348115288,1.516466342969574
run-endocytosis2_baseline_zero_diffusion0000-0006,9.3,972,1.231601098475582,1.5179428439781786
run-endocytosis2_baseline_zero_diffusion0000-0007,9.3,329,1.298119357022408,1.5084943982817516
run-endocytosis2_baseline_zero_diffusion0000-0008,9.3,245,0.8915955980167488,1.434488451923785
run-endocytosis2_baseline_zero_diffusion0000-0009,9.3,231,1.0268000941540023,1.4905735072760407
run-endocytosis2_baseline_zero_diffusion0000-0010,9.3,1295,1.1467548568461357,1.509182284084704
run-endocytosis2_baseline_zero_diffusion0000-0011,9.3,37,1.250492123963715,1.3112871451829928
run-endocytosis2_baseline_zero_diffusion0000-0012,9.3,467,1.204420607973502,1.504510476986271
run-endocytosis2_baseline_zero_diffusion0000-0013,9.3,354,1.1320751619029061,1.5042550132600334
run-endocytosis2_baseline_zero_diffusion0000-0014,9.3,503,1.271915387234906,1.5045182899011522
run-endocytosis2_baseline_zero_diffusion0000-0015,9.3,30,0.7139993759813763,1.2362519559116143
run-endocytosis2_baseline_zero_diffusion0000-0016,9.3,184,0.7820523241525946,1.3958329619648113
run-endocytosis2_baseline_zero_diffusion0000-0017,9.3,420,1.2165348242942404,1.519744534911364
run-endocytosis2_baseline_zero_diffusion0000-0018,9.3,552,0.7895252047727317,1.5116743780901236
run-endocytosis2_baseline_zero_diffusion0000-0019,9.3,940,1.3030243159240016,1.5141585129500963
run-endocytosis2_baseline_zero_diffusion0000-0020,9.3,12,0.8878901088041306,1.22691373306096
run-endocytosis2_baseline_zero_diffusion0000-0021,9.3,795,1.1122161676196503,1.525778388182976
run-endocytosis2_baseline_zero_diffusion0000-0022,9.3,858,0.8996270022732692,1.5034053951252568
run-endocytosis2_baseline_zero_diffusion0000-0023,9.3,483,1.3108468122185648,1.5377854691182329
run-endocytosis2_baseline_zero_diffusion0000-0024,9.3,88,0.9825375194235256,1.4616113607694425
run-endocytosis2_baseline_zero_diffusion0000-0025,9.3,181,0.6459782445787748,1.5121872539635794
run-endocytosis2_baseline_zero_diffusion0000-0027,9.3,133,1.0714008333999046,1.4589828622910839
run-endocytosis2_baseline_zero_diffusion0000-0028,9.3,219,1.1725515590891724,1.488463090255088
run-endocytosis2_baseline_zero_diffusion0000-0029,9.3,917,1.4301545814528347,1.5125445838000762
run-endocytosis2_baseline_zero_diffusion0000-0030,9.3,668,1.2164209860461201,1.5357850698497966
run-endocytosis2_baseline_zero_diffusion0000-0031,9.3,254,1.123681280510203,1.4557525688319584
run-endocytosis2_baseline_zero_diffusion0000-0032,9.3,883,1.1052089913621623,1.5266333301730324
run-endocytosis2_baseline_zero_diffusion0000-0033,9.3,181,1.0348765863863927,1.4966446816647765
run-endocytosis2_baseline_zero_diffusion0000-0034,9.3,45,0.9350854799759859,1.4138338403907982
run-endocytosis2_baseline_zero_diffusion0000-0035,9.3,11,0.9616935298619352,1.2994122748562955
run-endocytosis2_baseline_zero_diffusion0000-0037,9.3,89,0.6629715392181825,1.378563260506729
run-endocytosis2_baseline_zero_diffusion0000-0038,9.3,84,0.6807175517216956,1.440298501209877
run-endocytosis2_baseline_zero_diffusion0000-0039,9.3,98,1.0947772513602703,1.3795061937648674
run-endocytosis2_baseline_zero_diffusion0000-0040,9.3,99,0.9414839950418274,1.4740808302166157
run-endocytosis2_baseline_zero_diffusion0000-0041,9.3,705,1.2645807181402247,1.5222024949761102
run-endocytosis2_baseline_zero_diffusion0000-0042,9.3,652,0.9861568989080276,1.4874456356596393
run-endocytosis2_baseline_zero_diffusion0000-0043,9.3,22,0.7276731366118802,1.251290047720199
run-endocytosis2_baseline_zero_diffusion0000-0044,9.3,938,1.3203727649196695,1.5342610214430676
run-endocytosis2_baseline_zero_diffusion0000-0045,9.3,6,0.07329223397204454,1.0029918824633777
run-endocytosis2_baseline_zero_diffusion0000-0046,9.3,60,1.039177910082567,1.3697887998921656
run-endocytosis2_baseline_zero_diffusion0000-0047,9.3,205,0.9412481560389488,1.4824451022501914
run-endocytosis2_baseline_zero_diffusion0000-0048,9.3,346,1.2652124140963048,1.4513482674047975
run-endocytosis2_baseline_zero_diffusion0000-0049,9.3,19,1.225167122799559,1.2629775327342074
run-endocytosis2_baseline_zero_diffusion0000-0000,9.4,17,1.251976094748567,1.2895250818387005
run-endocytosis2_baseline_zero_diffusion0000-0001,9.4,238,1.1406381072179426,1.4896437326170893
run-endocytosis2_baseline_zero_diffusion0000-0002,9.4,227,1.2724433138477207,1.4797022561516808
run-endocytosis2_baseline_zero_diffusion0000-0003,9.4,819,1.399874417775525,1.5266108186794927
run-endocytosis2_baseline_zero_diffusion0000-0004,9.4,259,1.3689640350171595,1.4489963714725007
run-endocytosis2_baseline_zero_diffusion0000-0005,9.4,356,1.037347598531929,1.5198137215413126
run-endocytosis2_baseline_zero_diffusion0000-0006,9.4,977,1.2470785027472149,1.53546451468924
run-endocytosis2_baseline_zero_diffusion0000-0007,9.4,335,1.328315614100634,1.4927011034739506
run-endocytosis2_baseline_zero_diffusion0000-0008,9.4,255,0.8911823620702314,1.47687151235523
run-endocytosis2_baseline_zero_diffusion0000-0009,9.4,231,1.001588933788904,1.4098187470500412
run-endocytosis2_baseline_zero_diffusion0000-0010,9.4,1309,1.1428075992661546,1.5214294994260749
run-endocytosis2_baseline_zero_diffusion0000-0011,9.4,37,1.2091905712003737,1.279855801111626
run-endocytosis2_baseline_zero_diffusion0000-0012,9.4,488,1.210614785657739,1.5148778978168342
run-endocytosis2_baseline_zero_diffusion0000-0013,9.4,354,1.14061966594915,1.521366050184331
run-endocytosis2_baseline_zero_diffusion0000-0014,9.4,512,1.2861315914273945,1.4853379140079779
run-endocytosis2_baseline_zero_diffusion0000-0015,9.4,30,0.7292483884269173,1.271602620414551
run-endocytosis2_baseline_zero_diffusion0000-0016,9.4,184,0.7547007748105624,1.4708976489842818
run-endocytosis2_baseline_zero_diffusion0000-0017,9.4,427,1.1933750344492875,1.4837428428276078
run-endocytosis2_baseline_zero_diffusion0000-0018,9.4,574,0.7935418856503631,1.5298942563634474
run-endocytosis2_baseline_zero_diffusion0000-0019,9.4,944,1.3291526050640232,1.5249589915449948
run-endocytosis2_baseline_zero_diffusion0000-0020,9.4,12,0.8892412068645533,0.8110957318824359
run-endocytosis2_baseline_zero_diffusion0000-0021,9.4,812,1.1157320348579858,1.5211735135097197
run-endocytosis2_baseline_zero_diffusion0000-0022,9.4,868,0.9233026548387443,1.5309623306591476
run-endocytosis2_baseline_zero_diffusion0000-0023,9.4,485,1.3292774679451047,1.4738441506590994
run-endocytosis2_baseline_zero_diffusion0000-0024,9.4,92,0.9335829259187766,1.4193486638246573
run-endocytosis2_baseline_zero_diffusion0000-0025,9.4,185,0.567048803334433,1.4827362148471412
run-endocytosis2_baseline_zero_diffusion0000-0026,9.4,7,0.009313802916515401,1.1184693413375493
run-endocytosis2_baseline_zero_diffusion0000-0027,9.4,133,1.0438979404393955,1.4720657649897404
run-endocytosis2_baseline_zero_diffusion0000-0028,9.4,224,1.1847120350551896,1.4663142841642225
run-endocytosis2_baseline_zero_diffusion0000-0029,9.4,920,1.4374212189539557,1.5306809239152739
run-endocytosis2_baseline_zero_diffusion0000-0030,9.4,671,1.2188165035858394,1.5165362277022127
run-endocytosis2_baseline_zero_diffusion0000-0031,9.4,254,1.1356308033414613,1.4609681472474478
run-endocytosis2_baseline_zero_diffusion0000-0032,9.4,893,1.1584440552537765,1.5155489230186292
run-endocytosis2_baseline_zero_diffusion0000-0033,9.4,181,1.017343454690152,1.5030240242108077
run-endocytosis2_baseline_zero_diffusion0000-0034,9.4,45,0.9755533010635508,1.4275642499097208
run-endocytosis2_baseline_zero_diffusion0000-0035,9.4,11,0.9428808482713686,1.2087461271298832
run-endocytosis2_baseline_zero_diffusion0000-0037,9.4,89,0.7599967276020394,1.2717888692484536
run-endocytosis2_baseline_zero_diffusion0000-0038,9.4,84,0.6746877484293318,1.4531920006588541
run-endocytosis2_baseline_zero_diffusion0000-0039,9.4,98,1.1289013708607174,1.4282162353208097
run-endocytosis2_baseline_zero_diffusion0000-0040,9.4,104,1.0601152121123232,1.3964390896027652
run-endocytosis2_baseline_zero_diffusion0000-0041,9.4,711,1.2681020540478245,1.5341254444143408
run-endocytosis2_baseline_zero_diffusion0000-0042,9.4,652,1.071578133351231,1.5088417909865122
run-endocytosis2_baseline_zero_diffusion0000-0043,9.4,22,0.7342513475394815,1.1167974940812464
run-endocytosis2_baseline_zero_diffusion0000-0044,9.4,949,1.3332859447652288,1.532468453271082
run-endocytosis2_baseline_zero_diffusion0000-0045,9.4,6,0.3403267713921305,0.5613897860356909
run-endocytosis2_baseline_zero_diffusion0000-0046,9.4,60,1.0450478834383476,1.4040090441148512
run-endocytosis2_baseline_zero_diffusion0000-0047,9.4,205,0.9464512909259646,1.4987896283201236
run-endocytosis2_baseline_zero_diffusion0000-0048,9.4,352,1.3180849732036621,1.5242489977869638
run-endocytosis2_baseline_zero_diffusion0000-0049,9.4,19,1.200020471239433,1.2656219664319714
run-endocytosis2_baseline_zero_diffusion0000-0000,9.5,17,1.264228269068961,1.3435197375317591
run-endocytosis2_baseline_zero_diffusion0000-0001,9.5,243,1.1761376234495202,1.4579480925155164
run-endocytosis2_baseline_zero_diffusion0000-0002,9.5,232,1.2947485336854614,1.5075187514790458
run-endocytosis2_baseline_zero_diffusion0000-0003,9.5,823,1.3974308182556565,1.520041593201999
run-endocytosis2_baseline_zero_diffusion0000-0004,9.5,259,1.3380724661861436,1.4663871901849088
run-endocytosis2_baseline_zero_diffusion0000-0005,9.5,356,1.0250103098736045,1.5115242806933185
run-endocytosis2_baseline_zero_diffusion0000-0006,9.5,985,1.2612789842690981,1.523419688542022
run-endocytosis2_baseline_zero_diffusion0000-0007,9.5,340,1.3602234558613318,1.518765654007425
run-endocytosis2_baseline_zero_diffusion0000-0008,9.5,266,0.8294087478119113,1.4714008056402896
run-endocytosis2_baseline_zero_diffusion0000-0009,9.5,231,1.085761518174599,1.490209968691933
run-endocytosis2_baseline_zero_diffusion0000-0010,9.5,1320,1.1513718226377123,1.5399609240924126
run-endocytosis2_baseline_zero_diffusion0000-0011,9.5,37,1.2473339118904783,1.3633197434585314
run-endocytosis2_baseline_zero_diffusion0000-0012,9.5,498,1.24090026082113,1.5121543343736676
run-endocytosis2_baseline_zero_diffusion0000-0013,9.5,362,1.148791547313148,1.4977729652549683
run-endocytosis2_baseline_zero_diffusion0000-0014,9.5,519,1.3188904516463358,1.5154879882331806
run-endocytosis2_baseline_zero_diffusion0000-0015,9.5,30,0.7182785978223618,1.2640813488978468
run-endocytosis2_baseline_zero_diffusion0000-0016,9.5,184,0.7374676795971299,1.4249846202803755
run-endocytosis2_baseline_zero_diffusion0000-0017,9.5,437,1.1820452471607024,1.523649607746361
run-endocytosis2_baseline_zero_diffusion0000-0018,9.5,594,0.8029616958292258,1.4809125053435463
run-endocytosis2_baseline_zero_diffusion0000-0019,9.5,949,1.3162144963960491,1.5033459184089764
run-endocytosis2_baseline_zero_diffusion0000-0020,9.5,12,0.952272351117564,0.8616043451340034
run-endocytosis2_baseline_zero_diffusion0000-0021,9.5,828,1.0710438531062594,1.5077331443695001
run-endocytosis2_baseline_zero_diffusion0000-0022,9.5,877,0.8960517645174999,1.5013564727046693
run-endocytosis2_baseline_zero_diffusion0000-0023,9.5,483,1.393153101733774,1.5181481434810506
run-endocytosis2_baseline_zero_diffusion0000-0024,9.5,94,0.9275678653184904,1.3926379896533927
run-endocytosis2_baseline_zero_diffusion0000-0025,9.5,190,0.6032714709340025,1.5038058224057074
run-endocytosis2_baseline_zero_diffusion0000-0026,9.5,7,-0.002497560945597499,0.7215874471279798
run-endocytosis2_baseline_zero_diffusion0000-0027,9.5,133,1.0102281617626963,1.4669722661956763
run-endocytosis2_baseline_zero_diffusion0000-0028,9.5,315,1.298837083312011,1.5005702719836203
run-endocytosis2_baseline_zero_diffusion0000-0029,9.5,935,1.4247968186115683,1.492791731017884
run-endocytosis2_baseline_zero_diffusion0000-0030,9.5,671,1.1675490702747,1.5221178047028825
run-endocytosis2_baseline_zero_diffusion0000-0031,9.5,254,1.1296009363957542,1.489115366811088
run-endocytosis2_baseline_zero_diffusion0000-0032,9.5,905,1.200229640051134,1.5377953110656721
run-endocytosis2_baseline_zero_diffusion0000-0033,9.5,183,1.0977032067871693,1.4706192491264984
run-endocytosis2_baseline_zero_diffusion0000-0034,9.5,45,1.0035346520201973,1.4088630804672801
run-endocytosis2_baseline_zero_diffusion0000-0035,9.5,11,0.9935335138801809,1.3291374053013225
run-endocytosis2_baseline_zero_diffusion0000-0037,9.5,89,0.7495696192189748,1.3864983314497803
run-endocytosis2_baseline_zero_diffusion0000-0038,9.5,84,0.646025652473459,1.4343548897249012
run-endocytosis2_baseline_zero_diffusion0000-0039,9.5,98,1.152080869396607,1.4580660906927752
run-endocytosis2_baseline_zero_diffusion0000-0040,9.5,109,1.0193644197795282,1.3880290593879534
run-endocytosis2_baseline_zero_diffusion0000-0041,9.5,715,1.2415009505914834,1.476199967499614
run-endocytosis2_baseline_zero_diffusion0000-0042,9.5,655,1.0831990232795454,1.513593727983144
run-endocytosis2_baseline_zero_diffusion0000-0043,9.5,22,0.7247943644700957,1.1657897390456808
run-endocytosis2_baseline_zero_diffusion0000-0044,9.5,961,1.350423364198137,1.4773984344173952
run-endocytosis2_baseline_zero_diffusion0000-0045,9.5,6,0.1459963356879006,1.086547605966174
run-endocytosis2_baseline_zero_diffusion0000-0046,9.5,60,1.109398556315789,1.4007806472935531
run-endocytosis2_baseline_zero_diffusion0000-0047,9.5,207,0.9526778442097829,1.4084935936738368
run-endocytosis2_baseline_zero_diffusion0000-0048,9.5,362,1.3204451334235427,1.4812354018828335
run-endocytosis2_baseline_zero_diffusion0000-0049,9.5,19,1.2128147099980933,1.326120080659038
run-endocytosis2_baseline_zero_diffusion0000-0000,9.6,17,1.2449893019661238,1.32943415617913
run-endocytosis2_baseline_zero_diffusion0000-0001,9.6,248,1.1408450920596542,1.4842755118118014
run-endocytosis2_baseline_zero_diffusion0000-0002,9.6,235,1.3020625080501698,1.5012552357474334
run-endocytosis2_baseline_zero_diffusion0000-0003,9.6,856,1.4648663675250848,1.5313671200038768
run-endocytosis2_baseline_zero_diffusion0000-0004,9.6,259,1.3477665270404506,1.4871653038070272
run-endocytosis2_baseline_zero_diffusion0000-0005,9.6,359,0.978683388643981,1.475749590276873
run-endocytosis2_baseline_zero_diffusion0000-0006,9.6,993,1.2236980954717978,1.531410669937184
run-endocytosis2_baseline_zero_diffusion0000-0007,9.6,345,1.352786282876452,1.5007702703919887
run-endocytosis2_baseline_zero_diffusion0000-0008,9.6,272,0.7900142210144174,1.4815736723362585
run-endocytosis2_baseline_zero_diffusion0000-0009,9.6,231,1.130573053536148,1.4928421089658364
run-endocytosis2_baseline_zero_diffusion0000-0010,9.6,1309,1.1391516604222311,1.5021731691354738
run-endocytosis2_baseline_zero_diffusion0000-0011,9.6,37,1.2190539289264999,1.3789256598261947
run-endocytosis2_baseline_zero_diffusion0000-0012,9.6,500,1.214732417918317,1.5266494089466116
run-endocytosis2_baseline_zero_diffusion0000-0013,9.6,368,1.1383880825750508,1.4934883142242577
run-endocytosis2_baseline_zero_diffusion0000-0014,9.6,520,1.2937612855427787,1.492910512971786
run-endocytosis2_baseline_zero_diffusion0000-0015,9.6,30,0.7124526202037019,1.3574674660524437
run-endocytosis2_baseline_zero_diffusion0000-0016,9.6,184,0.7550716274251873,1.470475549495209
run-endocytosis2_baseline_zero_diffusion0000-0017,9.6,441,1.1750139181430694,1.517422307579193
run-endocytosis2_baseline_zero_diffusion0000-0018,9.6,611,0.7406957826790238,1.5256441471755733
run-endocytosis2_baseline_zero_diffusion0000-0019,9.6,954,1.3200021762126917,1.5421775011970142
run-endocytosis2_baseline_zero_diffusion0000-0020,9.6,12,0.9248849410904154,1.1738551476375734
run-endocytosis2_baseline_zero_diffusion0000-0021,9.6,840,1.0256252792702942,1.5352748573855424
run-endocytosis2_baseline_zero_diffusion0000-0022,9.6,887,0.8590749138670745,1.539408803373139
run-endocytosis2_baseline_zero_diffusion0000-0023,9.6,483,1.3413539724553185,1.5099174591076645
run-endocytosis2_baseline_zero_diffusion0000-0024,9.6,96,0.8854570701090434,1.4001390951004624
run-endocytosis2_baseline_zero_diffusion0000-0025,9.6,198,0.5850128348965524,1.4393544090113322
run-endocytosis2_baseline_zero_diffusion0000-0026,9.6,7,0.023105898660277457,0.9118256614522015
run-endocytosis2_baseline_zero_diffusion0000-0027,9.6,133,0.8957546902348605,1.48409071054856
run-endocytosis2_baseline_zero_diffusion0000-0028,9.6,253,1.1731420770328487,1.5155090599754508
run-endocytosis2_baseline_zero_diffusion0000-0029,9.6,942,1.401931241493175,1.5347845632408992
run-endocytosis2_baseline_zero_diffusion0000-0030,9.6,671,1.1657573693359753,1.5071862392962938
run-endocytosis2_baseline_zero_diffusion0000-0031,9.6,254,1.1867527378877414,1.5235320596661055
run-endocytosis2_baseline_zero_diffusion0000-0032,9.6,916,1.2251005316800352,1.5271468106979087
run-endocytosis2_baseline_zero_diffusion0000-0033,9.6,186,1.0978533848594603,1.4429331549167206
run-endocytosis2_baseline_zero_diffusion0000-0034,9.6,45,0.9938502717115664,1.4430128120183554
run-endocytosis2_baseline_zero_diffusion0000-0035,9.6,11,0.9851014675976204,1.0800921411002922
run-endocytosis2_baseline_zero_diffusion0000-0037,9.6,89,0.7891860956724185,1.43036634866448
run-endocytosis2_baseline_zero_diffusion0000-0038,9.6,84,0.6673078693552553,1.4441852666526434
run-endocytosis2_baseline_zero_diffusion0000-0039,9.6,98,1.2106572554888044,1.471440897663513
run-endocytosis2_baseline_zero_diffusion0000-0040,9.6,124,1.2555657202165207,1.346220133214138
run-endocytosis2_baseline_zero_diffusion0000-0041,9.6,720,1.252035398054159,1.5044389941806287
run-endocytosis2_baseline_zero_diffusion0000-0042,9.6,663,1.083391247838049,1.5067796687456396
run-endocytosis2_baseline_zero_diffusion0000-0043,9.6,22,0.724834027225777,1.0463422498915165
run-endocytosis2_baseline_zero_diffusion0000-0044,9.6,976,1.3603068571404253,1.5243564496105344
run-endocytosis2_baseline_zero_diffusion0000-0046,9.6,60,1.1222465171101454,1.4387166414280663
run-endocytosis2_baseline_zero_diffusion0000-0047,9.6,211,0.9264323819470759,1.468748170850605
run-endocytosis2_baseline_zero_diffusion0000-0048,9.6,375,1.2390659559856303,1.5072765205135865
run-endocytosis2_baseline_zero_diffusion0000-0049,9.6,19,1.2344786575119215,1.206648418323646
run-endocytosis2_baseline_zero_diffusion0000-0000,9.7,17,1.2514962591424423,1.2312715565932921
run-endocytosis2_baseline_zero_diffusion0000-0001,9.7,255,1.2351964050807807,1.4138971217240575
run-endocytosis2_baseline_zero_diffusion0000-0002,9.7,245,1.2793178624731616,1.525925682568106
run-endocytosis2_baseline_zero_diffusion0000-0003,9.7,884,1.4674958732845722,1.504442204620202
run-endocytosis2_baseline_zero_diffusion0000-0004,9.7,259,1.3303944466904032,1.4526015513203512
run-endocytosis2_baseline_zero_diffusion0000-0005,9.7,365,0.9710121950825805,1.5045103010450265
run-endocytosis2_baseline_zero_diffusion0000-0006,9.7,1009,1.244685439571452,1.5324726012479561
run-endocytosis2_baseline_zero_diffusion0000-0007,9.7,352,1.394455802512738,1.4808098703904389
run-endocytosis2_baseline_zero_diffusion0000-0008,9.7,278,0.8463576046533505,1.4995819180364767
run-endocytosis2_baseline_zero_diffusion0000-0009,9.7,234,1.2369215703677,1.5024675405614898
run-endocytosis2_baseline_zero_diffusion0000-0010,9.7,1316,1.1830468212793261,1.5113087059872596
run-endocytosis2_baseline_zero_diffusion0000-0011,9.7,37,1.2312920673946217,1.3497832915765686
run-endocytosis2_baseline_zero_diffusion0000-0012,9.7,506,1.170343239344563,1.465522192503687
run-endocytosis2_baseline_zero_diffusion0000-0013,9.7,378,1.1293226534734346,1.4953304470103304
run-endocytosis2_baseline_zero_diffusion0000-0014,9.7,531,1.2583390145102171,1.5099233068260578
run-endocytosis2_baseline_zero_diffusion0000-0015,9.7,30,0.7077553889193828,1.3292605597588119
run-endocytosis2_baseline_zero_diffusion0000-0016,9.7,184,0.7445571330934285,1.4433246612768833
run-endocytosis2_baseline_zero_diffusion0000-0017,9.7,441,1.1656282291733882,1.5300399750158962
run-endocytosis2_baseline_zero_diffusion0000-0018,9.7,626,0.7699520745395222,1.5114147704052887
run-endocytosis2_baseline_zero_diffusion0000-0019,9.7,961,1.3657099276676035,1.5188897174305973
run-endocytosis2_baseline_zero_diffusion0000-0020,9.7,12,0.9110610986061213,1.0402186944774008
run-endocytosis2_baseline_zero_diffusion0000-0021,9.7,850,1.0629551791483114,1.5146598506392948
run-endocytosis2_baseline_zero_diffusion0000-0022,9.7,897,0.8555869178640086,1.529702058281447
run-endocytosis2_baseline_zero_diffusion0000-0023,9.7,483,1.3353512454715997,1.5241951248663712
run-endocytosis2_baseline_zero_diffusion0000-0024,9.7,99,0.8424523722074445,1.4312955716500448
run-endocytosis2_baseline_zero_diffusion0000-0025,9.7,200,0.6488586962206412,1.4919152291300974
run-endocytosis2_baseline_zero_diffusion0000-0026,9.7,7,0.004527066831235382,0.934900257277638
run-endocytosis2_baseline_zero_diffusion0000-0027,9.7,133,0.8948707072639127,1.4628097917878626
run-endocytosis2_baseline_zero_diffusion0000-0028,9.7,262,1.2278024855270617,1.4358555436148197
run-endocytosis2_baseline_zero_diffusion0000-0029,9.7,945,1.4107847906834763,1.5393487459621873
run-endocytosis2_baseline_zero_diffusion0000-0030,9.7,671,1.1681556816796597,1.5135750427120258
run-endocytosis2_baseline_zero_diffusion0000-0031,9.7,254,1.179963262303471,1.5037194960012816
run-endocytosis2_baseline_zero_diffusion0000-0032,9.7,929,1.2468898553866214,1.5195404280188631
run-endocytosis2_baseline_zero_diffusion0000-0033,9.7,190,1.1330325547587297,1.3936358923330212
run-endocytosis2_baseline_zero_diffusion0000-0034,9.7,45,1.0124256071037632,1.3970493845045444
run-endocytosis2_baseline_zero_diffusion0000-0035,9.7,11,0.9771817434756184,1.007250908141459
run-endocytosis2_baseline_zero_diffusion0000-0037,9.7,89,0.7050911955478737,1.3911711382546326
run-endocytosis2_baseline_zero_diffusion0000-0038,9.7,84,0.7187640832275901,1.4207139739066375
run-endocytosis2_baseline_zero_diffusion0000-0039,9.7,98,1.1994059518996907,1.4343877327429186
run-endocytosis2_baseline_zero_diffusion0000-0040,9.7,137,1.392159352343887,1.4835674652990762
run-endocytosis2_baseline_zero_diffusion0000-0041,9.7,720,1.2446361581013752,1.5149179740392917
run-endocytosis2_baseline_zero_diffusion0000-0042,9.7,668,1.0613945548000547,1.5288768938089825
run-endocytosis2_baseline_zero_diffusion0000-0043,9.7,22,0.695839802248411,1.2976695694271223
run-endocytosis2_baseline_zero_diffusion0000-0044,9.7,982,1.373618265977778,1.5228280119477642
run-endocytosis2_baseline_zero_diffusion0000-0046,9.7,60,1.0878379180187143,1.2282268123129039
run-endocytosis2_baseline_zero_diffusion0000-0047,9.7,215,0.9217499211352543,1.4605840642454229
run-endocytosis2_baseline_zero_diffusion0000-0048,9.7,389,1.2717111668601664,1.4965706822735523
run-endocytosis2_baseline_zero_diffusion0000-0049,9.7,19,1.2251650987802423,1.2385561756323837
run-endocytosis2_baseline_zero_diffusion0000-0000,9.8,17,1.2382882811719707,1.3341923257367077
run-endocytosis2_baseline_zero_diffusion0000-0001,9.8,262,1.18825597867811,1.530177989909938
run-endocytosis2_baseline_zero_diffusion0000-0002,9.8,251,1.3074465109801299,1.4951365078881493
run-endocytosis2_baseline_zero_diffusion0000-0003,9.8,900,1.4418349592904893,1.5256155781907643
run-endocytosis2_baseline_zero_diffusion0000-0004,9.8,259,1.303647859252155,1.4479661635145784
run-endocytosis2_baseline_zero_diffusion0000-0005,9.8,375,0.9637486396658916,1.4858139576477054
run-endocytosis2_baseline_zero_diffusion0000-0006,9.8,1027,1.2830853262084465,1.5306479008045117
run-endocytosis2_baseline_zero_diffusion0000-0007,9.8,357,1.374826129375119,1.5064906218064806
run-endocytosis2_baseline_zero_diffusion0000-0008,9.8,283,0.9176787211584356,1.4951274686590599
run-endocytosis2_baseline_zero_diffusion0000-0009,9.8,234,1.195915751902093,1.4695991320017197
run-endocytosis2_baseline_zero_diffusion0000-0010,9.8,1320,1.1931583387151692,1.5161125070413772
run-endocytosis2_baseline_zero_diffusion0000-0011,9.8,37,1.2254813446123127,1.3758069008953637
run-endocytosis2_baseline_zero_diffusion0000-0012,9.8,511,1.2062302697865352,1.4747385458700861
run-endocytosis2_baseline_zero_diffusion0000-0013,9.8,386,1.09048268273868,1.5158583604507645
run-endocytosis2_baseline_zero_diffusion0000-0014,9.8,533,1.2333385894427542,1.478152546323914
run-endocytosis2_baseline_zero_diffusion0000-0015,9.8,30,0.7322192375434219,1.3207647672007394
run-endocytosis2_baseline_zero_diffusion0000-0016,9.8,184,0.7351409568790003,1.4562724993610248
run-endocytosis2_baseline_zero_diffusion0000-0017,9.8,444,1.1885985048178769,1.5194860624693534
run-endocytosis2_baseline_zero_diffusion0000-0018,9.8,650,0.784728930480274,1.4565360868156472
run-endocytosis2_baseline_zero_diffusion0000-0019,9.8,976,1.3647963348980914,1.5369651493424745
run-endocytosis2_baseline_zero_diffusion0000-0020,9.8,12,0.9310466931049335,0.9837993399187688
run-endocytosis2_baseline_zero_diffusion0000-0021,9.8,862,1.074210193401104,1.5301166027062276
run-endocytosis2_baseline_zero_diffusion0000-0022,9.8,912,0.8956552580484703,1.5473658709802847
run-endocytosis2_baseline_zero_diffusion0000-0023,9.8,489,1.2798203392240168,1.5180517892374727
run-endocytosis2_baseline_zero_diffusion0000-0024,9.8,99,0.8259688445446286,1.4760961497503948
run-endocytosis2_baseline_zero_diffusion0000-0025,9.8,200,0.7062650740868895,1.419668274281648
run-endocytosis2_baseline_zero_diffusion0000-0026,9.8,7,0.028719418693453624,0.8979080915843662
run-endocytosis2_baseline_zero_diffusion0000-0027,9.8,133,0.8360974874939581,1.4704843513331125
run-endocytosis2_baseline_zero_diffusion0000-0028,9.8,253,1.2130532741135736,1.4440558825859013
run-endocytosis2_baseline_zero_diffusion0000-0029,9.8,956,1.4156054650527197,1.537635948349898
run-endocytosis2_baseline_zero_diffusion0000-0030,9.8,681,1.1607419861274946,1.512954816786477
run-endocytosis2_baseline_zero_diffusion0000-0031,9.8,258,1.1382409219616476,1.492046208879204
run-endocytosis2_baseline_zero_diffusion0000-0032,9.8,943,1.2713922082994271,1.5087315021923058
run-endocytosis2_baseline_zero_diffusion0000-0033,9.8,194,1.1785043532256263,1.5034927286568769
run-endocytosis2_baseline_zero_diffusion0000-0034,9.8,33,1.173409377297199,1.3484760600860197
run-endocytosis2_baseline_zero_diffusion0000-0035,9.8,11,0.9763602901095634,1.2188445812831519
run-endocytosis2_baseline_zero_diffusion0000-0037,9.8,89,0.7193899246545348,1.2508168113002958
run-endocytosis2_baseline_zero_diffusion0000-0038,9.8,84,0.6661251404254385,1.4562326547214748
run-endocytosis2_baseline_zero_diffusion0000-0039,9.8,98,1.1856780389069157,1.4557817761064071
run-endocytosis2_baseline_zero_diffusion0000-0040,9.8,144,1.3455689153360153,1.443019830629475
run-endocytosis2_baseline_zero_diffusion0000-0041,9.8,720,1.2438745647486469,1.4958803243483094
run-endocytosis2_baseline_zero_diffusion0000-0042,9.8,680,1.0361726177713328,1.5233056551910227
run-endocytosis2_baseline_zero_diffusion0000-0043,9.8,22,0.719253231834069,1.1215406081296386
run-endocytosis2_baseline_zero_diffusion0000-0044,9.8,994,1.3384157589048327,1.5349037866054442
run-endocytosis2_baseline_zero_diffusion0000-0046,9.8,60,1.0702979948191715,1.4088858247628537
run-endocytosis2_baseline_zero_diffusion0000-0047,9.8,219,0.8643348242618094,1.4460395419075756
run-endocytosis2_baseline_zero_diffusion0000-0048,9.8,403,1.2357989538720628,1.4782145014430847
run-endocytosis2_baseline_zero_diffusion0000-0049,9.8,19,1.225938323124601,1.0976434986248396
run-endocytosis2_baseline_zero_diffusion0000-0000,9.9,17,1.2501003533075892,1.2494039590993844
run-endocytosis2_baseline_zero_diffusion0000-0001,9.9,268,1.1757895234352036,1.4900732579987217
run-endocytosis2_baseline_zero_diffusion0000-0002,9.9,268,1.2840441174049686,1.4868835134913185
run-endocytosis2_baseline_zero_diffusion0000-0003,9.9,919,1.4463898207215031,1.4758194502624038
run-endocytosis2_baseline_zero_diffusion0000-0004,9.9,259,1.3406562569061948,1.4867061901716208
run-endocytosis2_baseline_zero_diffusion0000-0005,9.9,382,0.9788743483646543,1.486511502340763
run-endocytosis2_baseline_zero_diffusion0000-0006,9.9,1045,1.3214233309503711,1.52104636338349
run-endocytosis2_baseline_zero_diffusion0000-0007,9.9,365,1.34255090405128,1.519950103933727
run-endocytosis2_baseline_zero_diffusion0000-0008,9.9,285,0.9106342590811289,1.4691591909426622
run-endocytosis2_baseline_zero_diffusion0000-0009,9.9,234,1.1799688232958094,1.4399152771674166
run-endocytosis2_baseline_zero_diffusion0000-0010,9.9,1320,1.1764925834411208,1.5382501911165345
run-endocytosis2_baseline_zero_diffusion0000-0011,9.9,37,1.1881088765865,1.3238519389699506
run-endocytosis2_baseline_zero_diffusion0000-0012,9.9,516,1.1974008396699005,1.5196934496826868
run-endocytosis2_baseline_zero_diffusion0000-0013,9.9,392,1.101467287642592,1.483938337665031
run-endocytosis2_baseline_zero_diffusion0000-0014,9.9,536,1.1675821712366836,1.5355425536329832
run-endocytosis2_baseline_zero_diffusion0000-0015,9.9,30,0.7112126204099263,1.4201901882760448
run-endocytosis2_baseline_zero_diffusion0000-0016,9.9,184,0.7837120552231049,1.4756419687475533
run-endocytosis2_baseline_zero_diffusion0000-0017,9.9,448,1.2231867214627785,1.4912750275632136
run-endocytosis2_baseline_zero_diffusion0000-0018,9.9,666,0.7722957474192098,1.5282014939917337
run-endocytosis2_baseline_zero_diffusion0000-0019,9.9,997,1.315352701598931,1.5345462916447667
run-endocytosis2_baseline_zero_diffusion0000-0020,9.9,12,0.9056842601209789,1.1969378529032588
run-endocytosis2_baseline_zero_diffusion0000-0021,9.9,876,1.0484450763033697,1.536486260544137
run-endocytosis2_baseline_zero_diffusion0000-0022,9.9,927,0.8775688549407692,1.5372567680221003
run-endocytosis2_baseline_zero_diffusion0000-0023,9.9,494,1.3463767405883458,1.508146919041464
run-endocytosis2_baseline_zero_diffusion0000-0024,9.9,99,0.8517111256240145,1.393268349413678
run-endocytosis2_baseline_zero_diffusion0000-0025,9.9,200,0.8428965949570842,1.5068801649652925
run-endocytosis2_baseline_zero_diffusion0000-0026,9.9,7,0.014403960564748353,0.5331386734330785
run-endocytosis2_baseline_zero_diffusion0000-0027,9.9,133,0.8095935932926159,1.4441251703053077
run-endocytosis2_baseline_zero_diffusion0000-0028,9.9,366,1.1955800306807718,1.5153307692800837
run-endocytosis2_baseline_zero_diffusion0000-0029,9.9,970,1.444961126255295,1.5201344541000128
run-endocytosis2_baseline_zero_diffusion0000-0030,9.9,692,1.1292476585542492,1.497525752791328
run-endocytosis2_baseline_zero_diffusion0000-0031,9.9,258,1.2137847720960813,1.4840139615651242
run-endocytosis2_baseline_zero_diffusion0000-0032,9.9,961,1.2737130234158485,1.527908178280463
run-endocytosis2_baseline_zero_diffusion0000-0033,9.9,194,1.1648145020194434,1.4931362242592159
run-endocytosis2_baseline_zero_diffusion0000-0034,9.9,33,1.1787465731610527,1.3587902822264
run-endocytosis2_baseline_zero_diffusion0000-0035,9.9,11,0.9819864958140488,1.1733803646891612
run-endocytosis2_baseline_zero_diffusion0000-0037,9.9,89,0.7973694743774926,1.4548107937067838
run-endocytosis2_baseline_zero_diffusion0000-0038,9.9,84,0.6483810143439241,1.4375565574364364
run-endocytosis2_baseline_zero_diffusion0000-0039,9.9,98,1.0707874913607978,1.4475844287629887
run-endocytosis2_baseline_zero_diffusion0000-0040,9.9,149,1.2911252008640972,1.4199660545025292
run-endocytosis2_baseline_zero_diffusion0000-0041,9.9,720,1.2891809154288763,1.5174414820949749
run-endocytosis2_baseline_zero_diffusion0000-0042,9.9,689,1.040380282747443,1.516793666083776
run-endocytosis2_baseline_zero_diffusion0000-0043,9.9,22,0.710548895129715,1.1824530122811738
run-endocytosis2_baseline_zero_diffusion0000-0044,9.9,1012,1.345534295754947,1.5177282461608177
run-endocytosis2_baseline_zero_diffusion0000-0046,9.9,60,1.009324714833775,1.40953878908312
run-endocytosis2_baseline_zero_diffusion0000-0047,9.9,219,0.9020491476373981,1.4813774218062126
run-endocytosis2_baseline_zero_diffusion0000-0048,9.9,412,1.2709232324950124,1.4889763724706802
run-endocytosis2_baseline_zero_diffusion0000-0049,9.9,19,1.239546266161269,1.1294589831494322
run-endocytosis2_baseline_zero_diffusion0000-0000,10.0,17,1.2565803223326606,1.2054081020604976
run-endocytosis2_baseline_zero_diffusion0000-0001,10.0,273,1.0760675162954976,1.5063372046516936
run-endocytosis2_baseline_zero_diffusion0000-0002,10.0,281,1.2517544320510583,1.485707933259828
run-endocytosis2_baseline_zero_diffusion0000-0003,10.0,936,1.4358032013207507,1.5142250250483784
run-endocytosis2_baseline_zero_diffusion0000-0004,10.0,259,1.3594000007548166,1.415011589220626
run-endocytosis2_baseline_zero_diffusion0000-0005,10.0,383,0.9731185136086243,1.5136546676202183
run-endocytosis2_baseline_zero_diffusion0000-0006,10.0,1057,1.3051678522479229,1.5283353721957424
run-endocytosis2_baseline_zero_diffusion0000-0007,10.0,372,1.3405008522336481,1.508847351001764
run-endocytosis2_baseline_zero_diffusion0000-0008,10.0,285,0.9443187663899676,1.4716769015612685
run-endocytosis2_baseline_zero_diffusion0000-0009,10.0,234,1.1050825910156612,1.5041680098034291
run-endocytosis2_baseline_zero_diffusion0000-0010,10.0,1325,1.1447851315480004,1.5088556064029977
run-endocytosis2_baseline_zero_diffusion0000-0011,10.0,37,1.208279870044088,1.2475167882645255
run-endocytosis2_baseline_zero_diffusion0000-0012,10.0,528,1.1646432951182761,1.492284393115741
run-endocytosis2_baseline_zero_diffusion0000-0013,10.0,397,1.1046184184580186,1.491197014613099
run-endocytosis2_baseline_zero_diffusion0000-0014,10.0,539,1.1850753911624183,1.5095672815309134
run-endocytosis2_baseline_zero_diffusion0000-0015,10.0,30,0.7248580101343598,1.2940319917892622
run-endocytosis2_baseline_zero_diffusion0000-0016,10.0,184,0.8294645431628264,1.4958183044569973
run-endocytosis2_baseline_zero_diffusion0000-0017,10.0,452,1.1990010817983454,1.4863996966542274
run-endocytosis2_baseline_zero_diffusion0000-0018,10.0,681,0.826446812938278,1.5147072348332842
run-endocytosis2_baseline_zero_diffusion0000-0019,10.0,1015,1.306999349426889,1.5231816605116069
run-endocytosis2_baseline_zero_diffusion0000-0020,10.0,12,0.8957662011117389,1.2110370721559611
run-endocytosis2_baseline_zero_diffusion0000-0021,10.0,886,1.057796544665046,1.5242733439730323
run-endocytosis2_baseline_zero_diffusion0000-0022,10.0,937,0.8811123860491508,1.5234736378211662
run-endocytosis2_baseline_zero_diffusion0000-0023,10.0,505,1.3474446257656094,1.4968800349726117
run-endocytosis2_baseline_zero_diffusion0000-0024,10.0,99,0.8516858628137989,1.4675747070791987
run-endocytosis2_baseline_zero_diffusion0000-0025,10.0,200,0.8252485424097808,1.4808330282841737
run-endocytosis2_baseline_zero_diffusion0000-0026,10.0,7,0.02632398086336596,1.03123216412805
run-endocytosis2_baseline_zero_diffusion0000-0027,10.0,133,1.340311261433839,1.4652801564444058
run-endocytosis2_baseline_zero_diffusion0000-0028,10.0,377,1.1652134336218642,1.4880019435620786
run-endocytosis2_baseline_zero_diffusion0000-0029,10.0,983,1.4784197906260375,1.5007427755876603
run-endocytosis2_baseline_zero_diffusion0000-0030,10.0,697,1.1225226299541848,1.529587047132922
run-endocytosis2_baseline_zero_diffusion0000-0031,10.0,258,1.2044561824235096,1.5213795826194445
run-endocytosis2_baseline_zero_diffusion0000-0032,10.0,976,1.320884626314794,1.5125766424563563
run-endocytosis2_baseline_zero_diffusion0000-0033,10.0,196,1.087546000285803,1.4273390423783507
run-endocytosis2_baseline_zero_diffusion0000-0034,10.0,33,1.1872770501256387,1.3418128321909133
run-endocytosis2_baseline_zero_diffusion0000-0035,10.0,11,0.983320254614381,0.6933591865458417
run-endocytosis2_baseline_zero_diffusion0000-0037,10.0,89,0.7587785114362932,1.3404845952261988
run-endocytosis2_baseline_zero_diffusion0000-0038,10.0,84,0.6707721804045187,1.4510487042265718
run-endocytosis2_baseline_zero_diffusion0000-0039,10.0,98,1.1243102114651362,1.4060925451394668
run-endocytosis2_baseline_zero_diffusion0000-0040,10.0,154,1.2874025239539142,1.5025975574841364
run-endocytosis2_baseline_zero_diffusion0000-0041,10.0,720,1.2644577507693366,1.4660088352829668
run-endocytosis2_baseline_zero_diffusion0000-0042,10.0,698,1.0204496720094616,1.5213384330715805
run-endocytosis2_baseline_zero_diffusion0000-0043,10.0,22,0.7128424416633328,1.3086127821354245
run-endocytosis2_baseline_zero_diffusion0000-0044,10.0,1029,1.3571411636027757,1.505568771994873
run-endocytosis2_baseline_zero_diffusion0000-0046,10.0,66,0.9527225169664836,1.4733962401101979
run-endocytosis2_baseline_zero_diffusion0000-0047,10.0,231,0.9334405591328094,1.486052937245502
run-endocytosis2_baseline_zero_diffusion0000-0048,10.0,422,1.1806519562771705,1.5183549620818257
run-endocytosis2_baseline_zero_diffusion0000-0049,10.0,19,1.1960763319426748,1.340736689108568
run-endocytosis2_baseline_zero_diffusion0000-0000,10.1,17,1.2662339391833293,1.1798160774890438
run-endocytosis2_baseline_zero_diffusion0000-0001,10.1,276,1.1089511737967854,1.5063654146924084
run-endocytosis2_baseline_zero_diffusion0000-0002,10.1,296,1.3070930064327797,1.48786148666411
run-endocytosis2_baseline_zero_diffusion0000-0003,10.1,959,1.4174230493503055,1.5318853900982716
run-endocytosis2_baseline_zero_diffusion0000-0004,10.1,263,1.3380172787209212,1.5004610205612539
run-endocytosis2_baseline_zero_diffusion0000-0005,10.1,383,0.9781850934798705,1.5208956106720246
run-endocytosis2_baseline_zero_diffusion0000-0006,10.1,1061,1.2869209376677242,1.5288375604077107
run-endocytosis2_baseline_zero_diffusion0000-0007,10.1,375,1.3300331662704286,1.4706011456641288
run-endocytosis2_baseline_zero_diffusion0000-0008,10.1,285,0.925988931051886,1.4553942359092453
run-endocytosis2_baseline_zero_diffusion0000-0009,10.1,234,1.144530501212456,1.5219261967450468
run-endocytosis2_baseline_zero_diffusion0000-0010,10.1,1332,1.1740193183638161,1.5443338405436935
run-endocytosis2_baseline_zero_diffusion0000-0011,10.1,37,1.209635012980177,1.2301633295571786
run-endocytosis2_baseline_zero_diffusion0000-0012,10.1,537,1.1511250136013045,1.4626232435268316
run-endocytosis2_baseline_zero_diffusion0000-0013,10.1,405,1.1529729021786876,1.477855933027256
run-endocytosis2_baseline_zero_diffusion0000-0014,10.1,544,1.24665103503652,1.5209923780845893
run-endocytosis2_baseline_zero_diffusion0000-0015,10.1,30,0.7286508999187539,1.382819891852872
run-endocytosis2_baseline_zero_diffusion0000-0016,10.1,184,0.9519980493658141,1.4922308445627221
run-endocytosis2_baseline_zero_diffusion0000-0017,10.1,452,1.2417056736862173,1.5059313170483368
run-endocytosis2_baseline_zero_diffusion0000-0018,10.1,702,0.8043330875072412,1.4949439726758746
run-endocytosis2_baseline_zero_diffusion0000-0019,10.1,1045,1.2896145983085923,1.5392767172162523
run-endocytosis2_baseline_zero_diffusion0000-0020,10.1,12,0.8743067261499984,0.7898033624188919
run-endocytosis2_baseline_zero_diffusion0000-0021,10.1,900,1.0442344986976884,1.530545025272157
run-endocytosis2_baseline_zero_diffusion0000-0022,10.1,947,0.892040881584811,1.5122893488738132
run-endocytosis2_baseline_zero_diffusion0000-0023,10.1,505,1.3878096047117263,1.5292029700943663
run-endocytosis2_baseline_zero_diffusion0000-0024,10.1,99,0.88072037771164,1.4674699554602344
run-endocytosis2_baseline_zero_diffusion0000-0025,10.1,200,0.8374211659729631,1.4858473137645125
run-endocytosis2_baseline_zero_diffusion0000-0026,10.1,7,0.023139411944108845,0.968277668606106
run-endocytosis2_baseline_zero_diffusion0000-0027,10.1,133,1.0286291090510125,1.4302435605799169
run-endocytosis2_baseline_zero_diffusion0000-0028,10.1,382,1.1872708337809623,1.4692327192596193
run-endocytosis2_baseline_zero_diffusion0000-0029,10.1,992,1.4807853717068633,1.5283417633432468
run-endocytosis2_baseline_zero_diffusion0000-0030,10.1,705,1.096542430010755,1.5126250766226088
run-endocytosis2_baseline_zero_diffusion0000-0031,10.1,260,1.232789626643823,1.463563652393493
run-endocytosis2_baseline_zero_diffusion0000-0032,10.1,1010,1.3452098080103063,1.5347881939609183
run-endocytosis2_baseline_zero_diffusion0000-0033,10.1,199,1.1115349785477444,1.4985835003503247
run-endocytosis2_baseline_zero_diffusion0000-0034,10.1,33,1.1745531936068287,1.427898986854112
run-endocytosis2_baseline_zero_diffusion0000-0035,10.1,11,0.9748635052931519,1.096094335228588
run-endocytosis2_baseline_zero_diffusion0000-0037,10.1,89,0.7509903706916681,1.4404948430535258
run-endocytosis2_baseline_zero_diffusion0000-0038,10.1,84,0.6695922736674583,1.4684078171825672
run-endocytosis2_baseline_zero_diffusion0000-0039,10.1,98,1.0729454563070624,1.4808076552233491
run-endocytosis2_baseline_zero_diffusion0000-0040,10.1,155,1.282516637460366,1.5012557128982147
run-endocytosis2_baseline_zero_diffusion0000-0041,10.1,720,1.2853873400875573,1.5295212388648953
run-endocytosis2_baseline_zero_diffusion0000-0042,10.1,703,0.9810148833350508,1.509122185786364
run-endocytosis2_baseline_zero_diffusion0000-0043,10.1,22,0.7228914229251652,1.3564481055155322
run-endocytosis2_baseline_zero_diffusion0000-0044,10.1,1051,1.3592041912785329,1.5188058531169328
run-endocytosis2_baseline_zero_diffusion0000-0046,10.1,66,1.0364785118730877,1.40511295488486
run-endocytosis2_baseline_zero_diffusion0000-0047,10.1,236,1.0289597101396124,1.4992366493797946
run-endocytosis2_baseline_zero_diffusion0000-0048,10.1,429,1.1613719398661568,1.520074373165336
run-endocytosis2_baseline_zero_diffusion0000-0049,10.1,19,1.1933825358823507,1.2874318660370287
run-endocytosis2_baseline_zero_diffusion0000-0000,10.2,17,1.2626716583988848,1.3709708963209792
run-endocytosis2_baseline_zero_diffusion0000-0001,10.2,276,1.1172950586330244,1.467352908292359
run-endocytosis2_baseline_zero_diffusion0000-0002,10.2,301,1.3209472191025873,1.4776711294741574
run-endocytosis2_baseline_zero_diffusion0000-0003,10.2,978,1.342812493809574,1.527400958897624
run-endocytosis2_baseline_zero_diffusion0000-0004,10.2,265,1.3815216455741952,1.480873217859041
run-endocytosis2_baseline_zero_diffusion0000-0005,10.2,385,0.9547417246826403,1.452589429611512
run-endocytosis2_baseline_zero_diffusion0000-0006,10.2,1062,1.3188706052917705,1.5282749868342334
run-endocytosis2_baseline_zero_diffusion0000-0007,10.2,380,1.3320573632009274,1.5104287374401792
run-endocytosis2_baseline_zero_diffusion0000-0008,10.2,285,0.8107306347733269,1.5042564167454016
run-endocytosis2_baseline_zero_diffusion0000-0009,10.2,234,1.1810305730087147,1.4929786499006994
run-endocytosis2_baseline_zero_diffusion0000-0010,10.2,1332,1.165690540316327,1.5403081204126747
run-endocytosis2_baseline_zero_diffusion0000-0011,10.2,37,1.2153347851144594,1.3005127962371317
run-endocytosis2_baseline_zero_diffusion0000-0012,10.2,548,1.049532334566019,1.4640361295413353
run-endocytosis2_baseline_zero_diffusion0000-0013,10.2,419,1.1424423709631217,1.5102932468271177
run-endocytosis2_baseline_zero_diffusion0000-0014,10.2,546,1.224111268670285,1.528684527530195
run-endocytosis2_baseline_zero_diffusion0000-0015,10.2,30,0.7237233791079182,1.3403907830018003
run-endocytosis2_baseline_zero_diffusion0000-0016,10.2,184,1.1325240894073976,1.480116073004087
run-endocytosis2_baseline_zero_diffusion0000-0017,10.2,452,1.2018454277487007,1.4782666901597459
run-endocytosis2_baseline_zero_diffusion0000-0018,10.2,715,0.8394323680557573,1.5247696099548897
run-endocytosis2_baseline_zero_diffusion0000-0019,10.2,1083,1.3011415290495711,1.5180075030031246
run-endocytosis2_baseline_zero_diffusion0000-0020,10.2,12,0.8993510693851965,1.2663515031731616
run-endocytosis2_baseline_zero_diffusion0000-0021,10.2,904,1.072835629369518,1.5381644703040187
run-endocytosis2_baseline_zero_diffusion0000-0022,10.2,957,0.9078759968170622,1.547285258170708
run-endocytosis2_baseline_zero_diffusion0000-0023,10.2,505,1.376292579500639,1.5123704955387816
run-endocytosis2_baseline_zero_diffusion0000-0024,10.2,99,0.8627009191593684,1.3510212602685532
run-endocytosis2_baseline_zero_diffusion0000-0025,10.2,200,0.9313424605519196,1.4656873295455437
run-endocytosis2_baseline_zero_diffusion0000-0026,10.2,7,0.014068743278856433,0.8244272464694075
run-endocytosis2_baseline_zero_diffusion0000-0027,10.2,133,0.8838728914884288,1.3296235064068993
run-endocytosis2_baseline_zero_diffusion0000-0028,10.2,382,1.1976968137179855,1.5328945579132385
run-endocytosis2_baseline_zero_diffusion0000-0029,10.2,1003,1.4610427770986771,1.5417577166620793
run-endocytosis2_baseline_zero_diffusion0000-0030,10.2,717,1.121015921673448,1.5321137580993864
run-endocytosis2_baseline_zero_diffusion0000-0031,10.2,260,1.23959897049266,1.5041779406241567
run-endocytosis2_baseline_zero_diffusion0000-0032,10.2,1040,1.3793151105068875,1.5169887408860265
run-endocytosis2_baseline_zero_diffusion0000-0033,10.2,199,1.1448548735188946,1.437448476150921
run-endocytosis2_baseline_zero_diffusion0000-0034,10.2,33,1.1854875718837463,1.3507281190742102
run-endocytosis2_baseline_zero_diffusion0000-0035,10.2,11,0.9832587835049149,1.0459055763957046
run-endocytosis2_baseline_zero_diffusion0000-0037,10.2,89,0.7400418831838473,1.3727219255260872
run-endocytosis2_baseline_zero_diffusion0000-0038,10.2,84,0.6413106695134778,1.3705263083268453
run-endocytosis2_baseline_zero_diffusion0000-0039,10.2,98,1.1451712518200883,1.5033123056048334
run-endocytosis2_baseline_zero_diffusion0000-0040,10.2,155,1.283062610373665,1.4261198303940288
run-endocytosis2_baseline_zero_diffusion0000-0041,10.2,720,1.2389141802132495,1.4913750873357516
run-endocytosis2_baseline_zero_diffusion0000-0042,10.2,708,0.9611651071801437,1.5152886330320667
run-endocytosis2_baseline_zero_diffusion0000-0043,10.2,22,0.7058012508879713,1.2448007852581782
run-endocytosis2_baseline_zero_diffusion0000-0044,10.2,1082,1.4012852387481125,1.4896818765849043
run-endocytosis2_baseline_zero_diffusion0000-0046,10.2,66,1.023112381148321,1.328593690164482
run-endocytosis2_baseline_zero_diffusion0000-0047,10.2,257,0.9803110080297498,1.4481589212149832
run-endocytosis2_baseline_zero_diffusion0000-0048,10.2,443,1.1519401528828812,1.4791097155511912
run-endocytosis2_baseline_zero_diffusion0000-0049,10.2,19,1.2074645157601385,1.398440461154403
run-endocytosis2_baseline_zero_diffusion0000-0000,10.3,17,1.2517620351703207,1.300516547938932
run-endocytosis2_baseline_zero_diffusion0000-0001,10.3,276,1.2558434515061743,1.4776534787213083
run-endocytosis2_baseline_zero_diffusion0000-0002,10.3,306,1.2698935426188465,1.4870653453519145
run-endocytosis2_baseline_zero_diffusion0000-0003,10.3,988,1.4350198538438186,1.5433279762526846
run-endocytosis2_baseline_zero_diffusion0000-0004,10.3,268,1.4340074237184253,1.5043821599662393
run-endocytosis2_baseline_zero_diffusion0000-0005,10.3,388,1.0167141997004314,1.506319031247402
run-endocytosis2_baseline_zero_diffusion0000-0006,10.3,1067,1.2662113124555345,1.4934993618731505
run-endocytosis2_baseline_zero_diffusion0000-0007,10.3,385,1.3117543439353128,1.5058022197970287
run-endocytosis2_baseline_zero_diffusion0000-0008,10.3,288,0.8530226390510129,1.5028675301363872
run-endocytosis2_baseline_zero_diffusion0000-0009,10.3,234,1.2286598855291835,1.489842465749927
run-endocytosis2_baseline_zero_diffusion0000-0010,10.3,1335,1.191764105815827,1.5290298283610746
run-endocytosis2_baseline_zero_diffusion0000-0011,10.3,37,1.2055606382444721,1.355375984767526
run-endocytosis2_baseline_zero_diffusion0000-0012,10.3,556,1.0253993489694446,1.5210507037678165
run-endocytosis2_baseline_zero_diffusion0000-0013,10.3,433,1.1579572167701313,1.5126210303399894
run-endocytosis2_baseline_zero_diffusion0000-0014,10.3,552,1.2166553829062154,1.5286650128214263
run-endocytosis2_baseline_zero_diffusion0000-0015,10.3,30,0.7465318305921044,1.3224958080894653
run-endocytosis2_baseline_zero_diffusion0000-0016,10.3,184,1.1740452015577558,1.4036380772654635
run-endocytosis2_baseline_zero_diffusion0000-0017,10.3,452,1.2194222307854883,1.5157832676763057
run-endocytosis2_baseline_zero_diffusion0000-0018,10.3,732,0.7987618781137017,1.5407599079634435
run-endocytosis2_baseline_zero_diffusion0000-0019,10.3,1104,1.3084876327780863,1.539020768675678
run-endocytosis2_baseline_zero_diffusion0000-0020,10.3,12,0.9159113840440615,1.2619337048888994
run-endocytosis2_baseline_zero_diffusion0000-0021,10.3,916,1.099511576060485,1.5136802803312912
run-endocytosis2_baseline_zero_diffusion0000-0022,10.3,964,0.8903810864444757,1.5258258093130945
run-endocytosis2_baseline_zero_diffusion0000-0023,10.3,505,1.3800173593328928,1.5097191295650099
run-endocytosis2_baseline_zero_diffusion0000-0024,10.3,99,0.8653930994878064,1.4276907112408526
run-endocytosis2_baseline_zero_diffusion0000-0025,10.3,200,0.9365669877973439,1.4939106792424344
run-endocytosis2_baseline_zero_diffusion0000-0026,10.3,7,0.008922602217234843,1.0256391940361513
run-endocytosis2_baseline_zero_diffusion0000-0027,10.3,133,0.8530177153486652,1.4561016562687839
run-endocytosis2_baseline_zero_diffusion0000-0028,10.3,387,1.2204525632765648,1.4913227675352159
run-endocytosis2_baseline_zero_diffusion0000-0029,10.3,1012,1.4644580476757088,1.5231376197955189
run-endocytosis2_baseline_zero_diffusion0000-0030,10.3,732,1.2017693912933953,1.5234921542388493
run-endocytosis2_baseline_zero_diffusion0000-0031,10.3,269,1.2233210633023686,1.4772740257785772
run-endocytosis2_baseline_zero_diffusion0000-0032,10.3,1061,1.396308308310831,1.5390147203103144
run-endocytosis2_baseline_zero_diffusion0000-0033,10.3,199,1.1661915117934525,1.4324984176798718
run-endocytosis2_baseline_zero_diffusion0000-0034,10.3,33,1.185924430513683,1.309677338108608
run-endocytosis2_baseline_zero_diffusion0000-0035,10.3,11,0.9669248884219082,1.1978009450211553
run-endocytosis2_baseline_zero_diffusion0000-0037,10.3,89,0.7779319695714781,1.446174240687659
run-endocytosis2_baseline_zero_diffusion0000-0038,10.3,84,0.6855912154971477,1.4845671519457075
run-endocytosis2_baseline_zero_diffusion0000-0039,10.3,98,1.094438209162739,1.4585734788326188
run-endocytosis2_baseline_zero_diffusion0000-0040,10.3,155,1.2957398113391114,1.5057346663734659
run-endocytosis2_baseline_zero_diffusion0000-0041,10.3,720,1.2687988985993006,1.5088115063318617
run-endocytosis2_baseline_zero_diffusion0000-0042,10.3,713,0.9203836819303357,1.5309582315016337
run-endocytosis2_baseline_zero_diffusion0000-0043,10.3,22,0.7037734496990943,1.2890972319003975
run-endocytosis2_baseline_zero_diffusion0000-0044,10.3,1105,1.408769990251672,1.5366461192504093
run-endocytosis2_baseline_zero_diffusion0000-0046,10.3,68,1.167318091410397,1.4246035266738104
run-endocytosis2_baseline_zero_diffusion0000-0047,10.3,283,0.8622045144591296,1.4838793920459823
run-endocytosis2_baseline_zero_diffusion0000-0048,10.3,465,1.1486103855674092,1.5287117408938384
run-endocytosis2_baseline_zero_diffusion0000-0049,10.3,19,1.2226213159101538,1.0186824774597625
run-endocytosis2_baseline_zero_diffusion0000-0000,10.4,17,1.2518088732327364,1.3256107495813862
run-endocytosis2_baseline_zero_diffusion0000-0001,10.4,276,1.3290550687611005,1.4940653811955393
run-endocytosis2_baseline_zero_diffusion0000-0002,10.4,312,1.2779900753844433,1.5120024432107055
run-endocytosis2_baseline_zero_diffusion0000-0003,10.4,995,1.4132881151969183,1.53924987291561
run-endocytosis2_baseline_zero_diffusion0000-0004,10.4,273,1.4345903314897208,1.4757199768864895
run-endocytosis2_baseline_zero_diffusion0000-0005,10.4,402,1.0437928947563604,1.4812987632244086
run-endocytosis2_baseline_zero_diffusion0000-0006,10.4,1051,1.2967823322646799,1.5246131446455709
run-endocytosis2_baseline_zero_diffusion0000-0007,10.4,390,1.3358761873847396,1.4860537102641092
run-endocytosis2_baseline_zero_diffusion0000-0008,10.4,288,0.8515976036708924,1.5284874134231425
run-endocytosis2_baseline_zero_diffusion0000-0009,10.4,234,1.2298696952708588,1.5196992254570654
run-endocytosis2_baseline_zero_diffusion0000-0010,10.4,1336,1.2252182303320427,1.5328226008119552
run-endocytosis2_baseline_zero_diffusion0000-0011,10.4,37,1.1981994032964118,1.4038556055009066
run-endocytosis2_baseline_zero_diffusion0000-0012,10.4,561,1.0450592482520258,1.505110430382828
run-endocytosis2_baseline_zero_diffusion0000-0013,10.4,455,1.1921338097156902,1.5017299873212775
run-endocytosis2_baseline_zero_diffusion0000-0014,10.4,560,1.1753264242588202,1.5072302402603281
run-endocytosis2_baseline_zero_diffusion0000-0015,10.4,30,0.7596110321301395,1.2176514728622418
run-endocytosis2_baseline_zero_diffusion0000-0016,10.4,184,1.198155439326563,1.4819649606035434
run-endocytosis2_baseline_zero_diffusion0000-0017,10.4,452,1.1765989803335541,1.5159765557518692
run-endocytosis2_baseline_zero_diffusion0000-0018,10.4,754,0.8446208563918093,1.5391083951895628
run-endocytosis2_baseline_zero_diffusion0000-0019,10.4,1125,1.3433045781349058,1.5448839731319568
run-endocytosis2_baseline_zero_diffusion0000-0020,10.4,12,0.9184810238525243,0.8759660716929525
run-endocytosis2_baseline_zero_diffusion0000-0021,10.4,922,1.0971493512085368,1.5397729799490643
run-endocytosis2_baseline_zero_diffusion0000-0022,10.4,965,0.890572829714455,1.5259928455752594
run-endocytosis2_baseline_zero_diffusion0000-0023,10.4,505,1.3549746803150926,1.5109409145032346
run-endocytosis2_baseline_zero_diffusion0000-0024,10.4,99,0.8471271753441735,1.4283123336344992
run-endocytosis2_baseline_zero_diffusion0000-0025,10.4,200,0.8147592009396735,1.4869849870482263
run-endocytosis2_baseline_zero_diffusion0000-0026,10.4,7,0.015060717818639269,1.0704417603594547
run-endocytosis2_baseline_zero_diffusion0000-0027,10.4,133,0.8054228985682884,1.431610680984269
run-endocytosis2_baseline_zero_diffusion0000-0028,10.4,392,1.2006960994140035,1.5162706738571785
run-endocytosis2_baseline_zero_diffusion0000-0029,10.4,1030,1.4267910653577653,1.5181137705591814
run-endocytosis2_baseline_zero_diffusion0000-0030,10.4,744,1.2304294677675776,1.5031965609562448
run-endocytosis2_baseline_zero_diffusion0000-0031,10.4,271,1.1882820140903096,1.4815588373175599
run-endocytosis2_baseline_zero_diffusion0000-0032,10.4,1072,1.352951565481061,1.529528599435786
run-endocytosis2_baseline_zero_diffusion0000-0033,10.4,199,1.1837704515660181,1.431567584560313
run-endocytosis2_baseline_zero_diffusion0000-0034,10.4,33,1.1835298157052307,1.1822383736938624
run-endocytosis2_baseline_zero_diffusion0000-0035,10.4,11,0.9859315851194889,1.3313880495382548
run-endocytosis2_baseline_zero_diffusion0000-0037,10.4,89,0.7716805807776101,1.3978149287158974
run-endocytosis2_baseline_zero_diffusion0000-0038,10.4,84,0.7246639526687606,1.4235679287115917
run-endocytosis2_baseline_zero_diffusion0000-0039,10.4,98,1.0445346198781404,1.4013753303382932
run-endocytosis2_baseline_zero_diffusion0000-0040,10.4,155,1.2576630733773666,1.4921480080737672
run-endocytosis2_baseline_zero_diffusion0000-0041,10.4,720,1.2720190321825418,1.5242926406936121
run-endocytosis2_baseline_zero_diffusion0000-0042,10.4,718,0.8678858108606572,1.509735638821526
run-endocytosis2_baseline_zero_diffusion0000-0043,10.4,22,0.7025859667385066,1.2648511730036796
run-endocytosis2_baseline_zero_diffusion0000-0044,10.4,1127,1.3931054419193527,1.5144682939562826
run-endocytosis2_baseline_zero_diffusion0000-0046,10.4,73,1.2047570757701251,1.4345749025904033
run-endocytosis2_baseline_zero_diffusion0000-0047,10.4,302,0.8738426774318754,1.4981282783758825
run-endocytosis2_baseline_zero_diffusion0000-0048,10.4,477,1.1540000737521627,1.5060479056791432
run-endocytosis2_baseline_zero_diffusion0000-0049,10.4,19,1.2074469797208645,1.265376082937375
run-endocytosis2_baseline_zero_diffusion0000-0000,10.5,17,1.2508520258685487,1.1782583755186926
run-endocytosis2_baseline_zero_diffusion0000-0001,10.5,278,1.37965504233383,1.4592092304227369
run-endocytosis2_baseline_zero_diffusion0000-0002,10.5,316,1.3041441528730855,1.4447991890614864
run-endocytosis2_baseline_zero_diffusion0000-0003,10.5,1002,1.4314245249363253,1.5219007619589475
run-endocytosis2_baseline_zero_diffusion0000-0004,10.5,275,1.4631144201881447,1.5326548832880402
run-endocytosis2_baseline_zero_diffusion0000-0005,10.5,410,1.0285801985560612,1.525764182446079
run-endocytosis2_baseline_zero_diffusion0000-0006,10.5,1059,1.298254175011759,1.5349003056968213
run-endocytosis2_baseline_zero_diffusion0000-0007,10.5,394,1.2961412578487497,1.5049449099155827
run-endocytosis2_baseline_zero_diffusion0000-0008,10.5,288,0.8224908906967188,1.4715936377037409
run-endocytosis2_baseline_zero_diffusion0000-0009,10.5,234,1.209017664113777,1.4744581702929547
run-endocytosis2_baseline_zero_diffusion0000-0010,10.5,1336,1.2175983690435037,1.5337442858685209
run-endocytosis2_baseline_zero_diffusion0000-0011,10.5,37,1.195458983162523,1.3691309424936182
run-endocytosis2_baseline_zero_diffusion0000-0012,10.5,570,1.01790150651049,1.5137710194874454
run-endocytosis2_baseline_zero_diffusion0000-0013,10.5,477,1.2167776457425372,1.5252696264636487
run-endocytosis2_baseline_zero_diffusion0000-0014,10.5,560,1.227725822929858,1.4804131339260709
run-endocytosis2_baseline_zero_diffusion0000-0015,10.5,30,0.7205968517953549,1.1746545905040853
run-endocytosis2_baseline_zero_diffusion0000-0016,10.5,184,1.1410059918430262,1.4592114375477143
run-endocytosis2_baseline_zero_diffusion0000-0017,10.5,452,1.2374561761730016,1.4904119588054168
run-endocytosis2_baseline_zero_diffusion0000-0018,10.5,771,0.8274249547626824,1.497006128132081
run-endocytosis2_baseline_zero_diffusion0000-0019,10.5,1137,1.3603750911066157,1.5386252576098387
run-endocytosis2_baseline_zero_diffusion0000-0020,10.5,12,0.9202503654538157,1.2418990461173687
run-endocytosis2_baseline_zero_diffusion0000-0021,10.5,922,1.159524883060917,1.5071266822815537
run-endocytosis2_baseline_zero_diffusion0000-0022,10.5,965,0.9253080569207102,1.5099887927923985
run-endocytosis2_baseline_zero_diffusion0000-0023,10.5,505,1.3457099295523707,1.5291675916160083
run-endocytosis2_baseline_zero_diffusion0000-0024,10.5,99,0.8899852674710683,1.3735348879216425
run-endocytosis2_baseline_zero_diffusion0000-0025,10.5,204,0.81277797749686,1.5097981754557181
run-endocytosis2_baseline_zero_diffusion0000-0026,10.5,7,0.005837055778637357,0.5739249285339134
run-endocytosis2_baseline_zero_diffusion0000-0027,10.5,133,0.7705145536895295,1.4548584101715611
run-endocytosis2_baseline_zero_diffusion0000-0028,10.5,393,1.2503726842923346,1.5160992198366279
run-endocytosis2_baseline_zero_diffusion0000-0029,10.5,1046,1.4209397772115102,1.5157077227289277
run-endocytosis2_baseline_zero_diffusion0000-0030,10.5,764,1.1968610240597524,1.526375024341218
run-endocytosis2_baseline_zero_diffusion0000-0031,10.5,271,1.3059665859967762,1.4478242051725003
run-endocytosis2_baseline_zero_diffusion0000-0032,10.5,1078,1.365713132722184,1.520312907217897
run-endocytosis2_baseline_zero_diffusion0000-0033,10.5,202,1.2033629862039805,1.500181049254263
run-endocytosis2_baseline_zero_diffusion0000-0034,10.5,33,1.179251507315831,1.3957958932812855
run-endocytosis2_baseline_zero_diffusion0000-0035,10.5,11,0.9827863307176941,0.9485719876945846
run-endocytosis2_baseline_zero_diffusion0000-0037,10.5,89,0.732118800357355,1.3888692794792687
run-endocytosis2_baseline_zero_diffusion0000-0038,10.5,84,0.7386838775620448,1.427737681626821
run-endocytosis2_baseline_zero_diffusion0000-0039,10.5,98,1.1480010111902856,1.4496065505314695
run-endocytosis2_baseline_zero_diffusion0000-0040,10.5,160,1.3087897704199183,1.3573570319637642
run-endocytosis2_baseline_zero_diffusion0000-0041,10.5,725,1.255574339868108,1.5328520799773195
run-endocytosis2_baseline_zero_diffusion0000-0042,10.5,723,0.9521305008570159,1.5098932610145668
run-endocytosis2_baseline_zero_diffusion0000-0043,10.5,18,0.7176392380962539,1.269274378362397
run-endocytosis2_baseline_zero_diffusion0000-0044,10.5,1150,1.4478676253717675,1.5291997106294721
run-endocytosis2_baseline_zero_diffusion0000-0046,10.5,81,1.2925534389824769,1.4491159558442062
run-endocytosis2_baseline_zero_diffusion0000-0047,10.5,314,0.8978295152867117,1.511831794155412
run-endocytosis2_baseline_zero_diffusion0000-0048,10.5,489,1.1571643217232903,1.5228898030200617
run-endocytosis2_baseline_zero_diffusion0000-0049,10.5,19,1.1646844860119583,1.1771536296760656
run-endocytosis2_baseline_zero_diffusion0000-0000,10.6,17,1.2576821745164286,1.1818809270971722
run-endocytosis2_baseline_zero_diffusion0000-0001,10.6,278,1.3805531152540451,1.5194972330504788
run-endocytosis2_baseline_zero_diffusion0000-0002,10.6,321,1.287430765033175,1.446799723962868
run-endocytosis2_baseline_zero_diffusion0000-0003,10.6,1010,1.4618189164045743,1.5026416168088943
run-endocytosis2_baseline_zero_diffusion0000-0004,10.6,275,1.4666439940027964,1.5042308589145206
run-endocytosis2_baseline_zero_diffusion0000-0005,10.6,412,1.0267904454253798,1.517035030939877
run-endocytosis2_baseline_zero_diffusion0000-0006,10.6,1063,1.3309270083941127,1.508733766342662
run-endocytosis2_baseline_zero_diffusion0000-0007,10.6,400,1.3031295562139715,1.5172005166966505
run-endocytosis2_baseline_zero_diffusion0000-0008,10.6,288,0.7674476000273114,1.452664227484307
run-endocytosis2_baseline_zero_diffusion0000-0009,10.6,234,1.2465668293045762,1.4623623778561299
run-endocytosis2_baseline_zero_diffusion0000-0010,10.6,1341,1.225741813034082,1.5168120865332413
run-endocytosis2_baseline_zero_diffusion0000-0011,10.6,37,1.1906646760116106,1.3811663598630244
run-endocytosis2_baseline_zero_diffusion0000-0012,10.6,578,1.0698502950096442,1.4851059643654494
run-endocytosis2_baseline_zero_diffusion0000-0013,10.6,497,1.3267860208342932,1.5053475055908072
run-endocytosis2_baseline_zero_diffusion0000-0014,10.6,560,1.126908474388916,1.5219732525966363
run-endocytosis2_baseline_zero_diffusion0000-0015,10.6,30,0.7315426194670731,1.3618212616290097
run-endocytosis2_baseline_zero_diffusion0000-0016,10.6,184,1.1659449531657224,1.4713179342671523
run-endocytosis2_baseline_zero_diffusion0000-0017,10.6,452,1.258790999260393,1.5273920142438602
run-endocytosis2_baseline_zero_diffusion0000-0018,10.6,786,0.7916480378645211,1.4987273675162405
run-endocytosis2_baseline_zero_diffusion0000-0019,10.6,1152,1.335236701628321,1.5150540344504642
run-endocytosis2_baseline_zero_diffusion0000-0020,10.6,12,0.9100573737314154,1.0883480889329318
run-endocytosis2_baseline_zero_diffusion0000-0021,10.6,926,1.1240075791331223,1.4935372779520333
run-endocytosis2_baseline_zero_diffusion0000-0022,10.6,963,0.9521849396179748,1.5263648931664806
run-endocytosis2_baseline_zero_diffusion0000-0023,10.6,505,1.345258936932793,1.5106585829127885
run-endocytosis2_baseline_zero_diffusion0000-0024,10.6,99,0.8408195135326053,1.301109400184495
run-endocytosis2_baseline_zero_diffusion0000-0025,10.6,208,0.7299122363079965,1.455959201876367
run-endocytosis2_baseline_zero_diffusion0000-0026,10.6,7,-0.0015498403407352423,1.0832823706564167
run-endocytosis2_baseline_zero_diffusion0000-0027,10.6,133,0.7684007214388909,1.4492972981681838
run-endocytosis2_baseline_zero_diffusion0000-0028,10.6,275,1.3250303551787284,1.4702311730582565
run-endocytosis2_baseline_zero_diffusion0000-0029,10.6,1063,1.3959044433549772,1.53037534744279
run-endocytosis2_baseline_zero_diffusion0000-0030,10.6,771,1.2023387697129215,1.5351554468048212
run-endocytosis2_baseline_zero_diffusion0000-0031,10.6,277,1.281262504151881,1.4973277893165324
run-endocytosis2_baseline_zero_diffusion0000-0032,10.6,1083,1.3052447818468402,1.5280058196294781
run-endocytosis2_baseline_zero_diffusion0000-0033,10.6,206,1.229175943687081,1.4925419293160829
run-endocytosis2_baseline_zero_diffusion0000-0034,10.6,33,1.1922001673763905,1.3441453142851139
run-endocytosis2_baseline_zero_diffusion0000-0035,10.6,11,0.9913000991372652,0.726970157467807
run-endocytosis2_baseline_zero_diffusion0000-0037,10.6,89,0.8808149148865416,1.403917792715579
run-endocytosis2_baseline_zero_diffusion0000-0038,10.6,84,0.9537909924633559,1.3420326577400021
run-endocytosis2_baseline_zero_diffusion0000-0039,10.6,98,1.1317599296653893,1.441707562423055
run-endocytosis2_baseline_zero_diffusion0000-0040,10.6,164,1.3365972345841861,1.455647647247047
run-endocytosis2_baseline_zero_diffusion0000-0041,10.6,725,1.245328511839361,1.4950301461976616
run-endocytosis2_baseline_zero_diffusion0000-0042,10.6,728,0.9671770730927366,1.4914724133969757
run-endocytosis2_baseline_zero_diffusion0000-0043,10.6,18,0.6741399146461735,1.2985983510689096
run-endocytosis2_baseline_zero_diffusion0000-0044,10.6,1170,1.4730177179983486,1.5246564151959385
run-endocytosis2_baseline_zero_diffusion0000-0046,10.6,86,1.2268095414787068,1.4417239192552598
run-endocytosis2_baseline_zero_diffusion0000-0047,10.6,330,0.8691412282208315,1.5129626437291668
run-endocytosis2_baseline_zero_diffusion0000-0048,10.6,499,1.1057020828431927,1.5389645125797018
run-endocytosis2_baseline_zero_diffusion0000-0049,10.6,19,1.2267566307842914,1.2358805385365828
run-endocytosis2_baseline_zero_diffusion0000-0000,10.7,17,1.2555973373471052,1.2296989285826052
run-endocytosis2_baseline_zero_diffusion0000-0001,10.7,278,1.3846884059739395,1.5199400593497443
run-endocytosis2_baseline_zero_diffusion0000-0002,10.7,341,1.2903933202262734,1.4568480692131467
run-endocytosis2_baseline_zero_diffusion0000-0003,10.7,1031,1.447511922173049,1.533174571467717
run-endocytosis2_baseline_zero_diffusion0000-0004,10.7,275,1.4220283285433364,1.468468426429167
run-endocytosis2_baseline_zero_diffusion0000-0005,10.7,412,1.009792249421869,1.5039970002276093
run-endocytosis2_baseline_zero_diffusion0000-0006,10.7,1063,1.2877498691974634,1.53749934492792
run-endocytosis2_baseline_zero_diffusion0000-0007,10.7,412,1.3218379404555394,1.4908335909166763
run-endocytosis2_baseline_zero_diffusion0000-0008,10.7,288,0.7830949598629396,1.526771740912571
run-endocytosis2_baseline_zero_diffusion0000-0009,10.7,238,1.186729330337234,1.479758431409837
run-endocytosis2_baseline_zero_diffusion0000-0010,10.7,1326,1.1800834841657233,1.5346499423975224
run-endocytosis2_baseline_zero_diffusion0000-0011,10.7,37,1.2320852787075005,1.2459049945352616
run-endocytosis2_baseline_zero_diffusion0000-0012,10.7,588,1.1806276586247992,1.5150028535152933
run-endocytosis2_baseline_zero_diffusion0000-0013,10.7,515,1.308555127839796,1.508377454953809
run-endocytosis2_baseline_zero_diffusion0000-0014,10.7,568,1.1327094337135581,1.4841558827969157
run-endocytosis2_baseline_zero_diffusion0000-0015,10.7,30,0.7401185487123471,1.2798234600108456
run-endocytosis2_baseline_zero_diffusion0000-0016,10.7,187,1.2262932831031563,1.4948028507154023
run-endocytosis2_baseline_zero_diffusion0000-0017,10.7,452,1.1838310487841264,1.4826564269146647
run-endocytosis2_baseline_zero_diffusion0000-0018,10.7,797,0.8127680464911754,1.5351246605738267
run-endocytosis2_baseline_zero_diffusion0000-0019,10.7,1171,1.3345399828350493,1.5169083288427856
run-endocytosis2_baseline_zero_diffusion0000-0020,10.7,12,0.9218007324695678,0.807738069144465
run-endocytosis2_baseline_zero_diffusion0000-0021,10.7,931,1.1454870141011597,1.535959673636093
run-endocytosis2_baseline_zero_diffusion0000-0022,10.7,969,0.9486947643881644,1.5292440900309063
run-endocytosis2_baseline_zero_diffusion0000-0023,10.7,505,1.3465616742853705,1.5058907110330988
run-endocytosis2_baseline_zero_diffusion0000-0024,10.7,99,0.8836732725712594,1.4428264442409757
run-endocytosis2_baseline_zero_diffusion0000-0025,10.7,211,0.8104494824151394,1.4910517108185233
run-endocytosis2_baseline_zero_diffusion0000-0026,10.7,7,0.021845541006517255,1.0354361370315055
run-endocytosis2_baseline_zero_diffusion0000-0027,10.7,133,0.7992975580820008,1.4602994106105982
run-endocytosis2_baseline_zero_diffusion0000-0028,10.7,280,1.3429086988603163,1.493181098095926
run-endocytosis2_baseline_zero_diffusion0000-0029,10.7,1073,1.3706433897141321,1.506424909385078
run-endocytosis2_baseline_zero_diffusion0000-0030,10.7,777,1.1485205377751846,1.4873837426625263
run-endocytosis2_baseline_zero_diffusion0000-0031,10.7,282,1.3187776281386976,1.5088593104439065
run-endocytosis2_baseline_zero_diffusion0000-0032,10.7,1095,1.3463856301322812,1.51053204556668
run-endocytosis2_baseline_zero_diffusion0000-0033,10.7,211,1.2215193635302903,1.5016840296068128
run-endocytosis2_baseline_zero_diffusion0000-0034,10.7,33,1.1770941302594184,1.3908475870359003
run-endocytosis2_baseline_zero_diffusion0000-0035,10.7,11,0.9727228531184192,1.2580291513523245
run-endocytosis2_baseline_zero_diffusion0000-0037,10.7,89,0.7774080054382109,1.4975714578031611
run-endocytosis2_baseline_zero_diffusion0000-0038,10.7,84,0.8809575249068424,1.462770889278494
run-endocytosis2_baseline_zero_diffusion0000-0039,10.7,98,1.1221116629935595,1.4395384381244314
run-endocytosis2_baseline_zero_diffusion0000-0040,10.7,166,1.384849677906604,1.4798230761880768
run-endocytosis2_baseline_zero_diffusion0000-0041,10.7,725,1.2717812258698156,1.5434508011860422
run-endocytosis2_baseline_zero_diffusion0000-0042,10.7,732,1.0419012621164496,1.5105408383995693
run-endocytosis2_baseline_zero_diffusion0000-0043,10.7,18,0.7115239607436963,1.2517394006094278
run-endocytosis2_baseline_zero_diffusion0000-0044,10.7,1183,1.4858335601987043,1.5146529725437263
run-endocytosis2_baseline_zero_diffusion0000-0046,10.7,91,1.1992496053882185,1.3937110506344612
run-endocytosis2_baseline_zero_diffusion0000-0047,10.7,345,0.8049735089007687,1.4434253870551181
run-endocytosis2_baseline_zero_diffusion0000-0048,10.7,502,1.1482973470060662,1.468274876825511
run-endocytosis2_baseline_zero_diffusion0000-0049,10.7,19,1.2382852613583837,1.280046421211275
run-endocytosis2_baseline_zero_diffusion0000-0000,10.8,17,1.2421999407049733,1.242954884650758
run-endocytosis2_baseline_zero_diffusion0000-0001,10.8,280,1.3605205432733416,1.475608071052251
run-endocytosis2_baseline_zero_diffusion0000-0002,10.8,358,1.2689856323986466,1.5080765807333427
run-endocytosis2_baseline_zero_diffusion0000-0003,10.8,1043,1.492381996260414,1.5200879409620545
run-endocytosis2_baseline_zero_diffusion0000-0004,10.8,275,1.3963737652674704,1.5070242416139266
run-endocytosis2_baseline_zero_diffusion0000-0005,10.8,412,0.9574422028052805,1.4897025385571725
run-endocytosis2_baseline_zero_diffusion0000-0006,10.8,1068,1.2929890321959874,1.5032885128292337
run-endocytosis2_baseline_zero_diffusion0000-0007,10.8,415,1.305961703328578,1.5076058893482176
run-endocytosis2_baseline_zero_diffusion0000-0008,10.8,291,0.7647202616244582,1.5338120206930312
run-endocytosis2_baseline_zero_diffusion0000-0009,10.8,241,1.2016656302448219,1.4794883311782008
run-endocytosis2_baseline_zero_diffusion0000-0010,10.8,1326,1.1736877432192192,1.527492291878154
run-endocytosis2_baseline_zero_diffusion0000-0011,10.8,37,1.2220153538260352,1.3639668835723695
run-endocytosis2_baseline_zero_diffusion0000-0012,10.8,610,1.1381914808501288,1.5165976905374872
run-endocytosis2_baseline_zero_diffusion0000-0013,10.8,528,1.3623153068547111,1.5204546052190897
run-endocytosis2_baseline_zero_diffusion0000-0014,10.8,577,1.1603595860627234,1.520435555531689
run-endocytosis2_baseline_zero_diffusion0000-0015,10.8,30,0.7305061350557889,1.225263807039128
run-endocytosis2_baseline_zero_diffusion0000-0016,10.8,192,1.155619970067473,1.4832674356371698
run-endocytosis2_baseline_zero_diffusion0000-0017,10.8,455,1.2040339559908468,1.5041583152923976
run-endocytosis2_baseline_zero_diffusion0000-0018,10.8,807,0.7549936476460705,1.5201374448793592
run-endocytosis2_baseline_zero_diffusion0000-0019,10.8,1188,1.2930013857243232,1.5393643217010085
run-endocytosis2_baseline_zero_diffusion0000-0020,10.8,12,0.9019005483136391,1.3677465667627644
run-endocytosis2_baseline_zero_diffusion0000-0021,10.8,936,1.1458973374905497,1.5187759301823662
run-endocytosis2_baseline_zero_diffusion0000-0022,10.8,970,0.9805185819149558,1.533797737263155
run-endocytosis2_baseline_zero_diffusion0000-0023,10.8,515,1.3978070262752844,1.5084966304272642
run-endocytosis2_baseline_zero_diffusion0000-0024,10.8,99,0.889305290719754,1.4301341738947377
run-endocytosis2_baseline_zero_diffusion0000-0025,10.8,219,0.7935260998354307,1.4531579550211466
run-endocytosis2_baseline_zero_diffusion0000-0026,10.8,7,0.017068925221288556,1.2207525080757886
run-endocytosis2_baseline_zero_diffusion0000-0027,10.8,135,0.7966284759491411,1.3793637607102958
run-endocytosis2_baseline_zero_diffusion0000-0028,10.8,280,1.354681785874233,1.464909509996335
run-endocytosis2_baseline_zero_diffusion0000-0029,10.8,1081,1.3581310816341345,1.5348372268609385
run-endocytosis2_baseline_zero_diffusion0000-0030,10.8,782,1.1687253014353454,1.509660878679692
run-endocytosis2_baseline_zero_diffusion0000-0031,10.8,290,1.3874928939905806,1.490100062970335
run-endocytosis2_baseline_zero_diffusion0000-0032,10.8,1108,1.4043145259267973,1.5123022581292385
run-endocytosis2_baseline_zero_diffusion0000-0033,10.8,211,1.2081236864688565,1.4338529152387576
run-endocytosis2_baseline_zero_diffusion0000-0034,10.8,33,1.179372096193878,1.2018322996299062
run-endocytosis2_baseline_zero_diffusion0000-0035,10.8,11,0.9827816895486399,1.2868486503456984
run-endocytosis2_baseline_zero_diffusion0000-0037,10.8,89,0.7797692126129411,1.3276631015589744
run-endocytosis2_baseline_zero_diffusion0000-0038,10.8,84,0.8925546150024276,1.3725448428284337
run-endocytosis2_baseline_zero_diffusion0000-0039,10.8,98,1.131271624056149,1.45051199157725
run-endocytosis2_baseline_zero_diffusion0000-0040,10.8,172,1.3043659247041512,1.4614985976496435
run-endocytosis2_baseline_zero_diffusion0000-0041,10.8,725,1.2630096949039737,1.5071354219269841
run-endocytosis2_baseline_zero_diffusion0000-0042,10.8,732,1.036507694733218,1.494680456477465
run-endocytosis2_baseline_zero_diffusion0000-0043,10.8,18,0.6807625330524225,1.362801060521998
run-endocytosis2_baseline_zero_diffusion0000-0044,10.8,1198,1.4905498600445561,1.5051383993998113
run-endocytosis2_baseline_zero_diffusion0000-0046,10.8,103,1.2687713603084825,1.4526003788745567
run-endocytosis2_baseline_zero_diffusion0000-0047,10.8,354,0.8315663447631325,1.45541647187459
run-endocytosis2_baseline_zero_diffusion0000-0048,10.8,508,1.1852783654608623,1.521291838596612
run-endocytosis2_baseline_zero_diffusion0000-0049,10.8,19,1.2417804849913003,1.2679247626240426
run-endocytosis2_baseline_zero_diffusion0000-0000,10.9,17,1.2344268202130364,1.1350415419672222
run-endocytosis2_baseline_zero_diffusion0000-0001,10.9,280,1.304580624207407,1.5020110169438812
run-endocytosis2_baseline_zero_diffusion0000-0002,10.9,366,1.2364225321604578,1.4758985575643546
run-endocytosis2_baseline_zero_diffusion0000-0003,10.9,1063,1.5087181370296316,1.5141587308796285
run-endocytosis2_baseline_zero_diffusion0000-0004,10.9,275,1.3040726198078245,1.4622914990105231
run-endocytosis2_baseline_zero_diffusion0000-0005,10.9,412,0.9601949408868878,1.4983159150711507
run-endocytosis2_baseline_zero_diffusion0000-0006,10.9,1077,1.3239915575764098,1.5413519881855913
run-endocytosis2_baseline_zero_diffusion0000-0007,10.9,418,1.3294838609518307,1.5074208547884278
run-endocytosis2_baseline_zero_diffusion0000-0008,10.9,291,0.7842308745361781,1.4848791995470736
run-endocytosis2_baseline_zero_diffusion0000-0009,10.9,241,1.1786100078677741,1.4883117433281023
run-endocytosis2_baseline_zero_diffusion0000-0010,10.9,1326,1.1949081403453878,1.526401452998416
run-endocytosis2_baseline_zero_diffusion0000-0011,10.9,37,1.2163326316543137,1.2157929926719266
run-endocytosis2_baseline_zero_diffusion0000-0012,10.9,634,1.078728760412077,1.5222148573628294
run-endocytosis2_baseline_zero_diffusion0000-0013,10.9,541,1.3728698707501874,1.5327743358058261
run-endocytosis2_baseline_zero_diffusion0000-0014,10.9,582,1.1531387602251755,1.521692832856628
run-endocytosis2_baseline_zero_diffusion0000-0015,10.9,30,0.7483054385101344,1.3421300963916563
run-endocytosis2_baseline_zero_diffusion0000-0016,10.9,197,1.0372073611342851,1.4489218248131834
run-endocytosis2_baseline_zero_diffusion0000-0017,10.9,459,1.2000434769332968,1.4948134633238825
run-endocytosis2_baseline_zero_diffusion0000-0018,10.9,815,0.7882982704511955,1.5402929753903223
run-endocytosis2_baseline_zero_diffusion0000-0019,10.9,1201,1.2597016412012074,1.5167863024815946
run-endocytosis2_baseline_zero_diffusion0000-0020,10.9,12,0.9015559300694836,1.21930746810391
run-endocytosis2_baseline_zero_diffusion0000-0021,10.9,942,1.1584676185055087,1.508648750596188
run-endocytosis2_baseline_zero_diffusion0000-0022,10.9,970,0.9517825821388387,1.487827392852404
run-endocytosis2_baseline_zero_diffusion0000-0023,10.9,515,1.3873130247398358,1.5362680216760356
run-endocytosis2_baseline_zero_diffusion0000-0024,10.9,99,0.9373627272984426,1.4699074506055971
run-endocytosis2_baseline_zero_diffusion0000-0025,10.9,219,0.7911874699230945,1.464918843861195
run-endocytosis2_baseline_zero_diffusion0000-0026,10.9,7,0.015596887865759967,0.8896403876262288
run-endocytosis2_baseline_zero_diffusion0000-0027,10.9,135,0.75231915140072,1.3409858259172325
run-endocytosis2_baseline_zero_diffusion0000-0028,10.9,405,1.2407145984739842,1.4770799866108653
run-endocytosis2_baseline_zero_diffusion0000-0029,10.9,1090,1.3705724978955933,1.543351352225996
run-endocytosis2_baseline_zero_diffusion0000-0030,10.9,789,1.1826649054035112,1.5189020715348067
run-endocytosis2_baseline_zero_diffusion0000-0031,10.9,300,1.350912516680767,1.5234642200014856
run-endocytosis2_baseline_zero_diffusion0000-0032,10.9,1118,1.4030715458497462,1.535647400536669
run-endocytosis2_baseline_zero_diffusion0000-0033,10.9,211,1.213974285685231,1.496141493486866
run-endocytosis2_baseline_zero_diffusion0000-0034,10.9,33,1.1839265366752505,1.337079331434933
run-endocytosis2_baseline_zero_diffusion0000-0035,10.9,11,0.8849663623124688,1.2221014931312877
run-endocytosis2_baseline_zero_diffusion0000-0037,10.9,89,0.7430134858596896,1.4382984561205916
run-endocytosis2_baseline_zero_diffusion0000-0038,10.9,84,0.8279227652919856,1.4582994153565154
run-endocytosis2_baseline_zero_diffusion0000-0039,10.9,98,1.1582802956341853,1.4111007707935677
run-endocytosis2_baseline_zero_diffusion0000-0040,10.9,184,1.3342559142564736,1.4959743590073005
run-endocytosis2_baseline_zero_diffusion0000-0041,10.9,737,1.298733666719202,1.536426958766126
run-endocytosis2_baseline_zero_diffusion0000-0042,10.9,732,1.025169410284711,1.5255526620920827
run-endocytosis2_baseline_zero_diffusion0000-0043,10.9,18,0.7129576858678832,0.9931578680209993
run-endocytosis2_baseline_zero_diffusion0000-0044,10.9,1216,1.4535092891791397,1.5282240011340076
run-endocytosis2_baseline_zero_diffusion0000-0046,10.9,110,1.2871399980537168,1.4304742941828603
run-endocytosis2_baseline_zero_diffusion0000-0047,10.9,366,0.8154005144418484,1.4877983507998427
run-endocytosis2_baseline_zero_diffusion0000-0048,10.9,518,1.1455967639072935,1.4759012697792109
run-endocytosis2_baseline_zero_diffusion0000-0049,10.9,19,1.2364818827363995,1.0234088783068795
run-endocytosis2_baseline_zero_diffusion0000-0000,11.0,17,1.2520632036490147,0.8740883800394714
run-endocytosis2_baseline_zero_diffusion0000-0001,11.0,280,1.3028750642235156,1.5208912552641043
run-endocytosis2_baseline_zero_diffusion0000-0002,11.0,366,1.264468119828112,1.5096600546849666
run-endocytosis2_baseline_zero_diffusion0000-0003,11.0,1075,1.5034933827856996,1.5180393756099462
run-endocytosis2_baseline_zero_diffusion0000-0004,11.0,280,1.299072311886937,1.506585871957408
run-endocytosis2_baseline_zero_diffusion0000-0005,11.0,412,0.908230898904533,1.4947516047321585
run-endocytosis2_baseline_zero_diffusion0000-0006,11.0,1086,1.2332682082916253,1.511621687833891
run-endocytosis2_baseline_zero_diffusion0000-0007,11.0,418,1.274823397722354,1.5150334653022222
run-endocytosis2_baseline_zero_diffusion0000-0008,11.0,294,0.7905245592605141,1.5176084640932734
run-endocytosis2_baseline_zero_diffusion0000-0009,11.0,241,1.1549397203183323,1.509186593288003
run-endocytosis2_baseline_zero_diffusion0000-0010,11.0,1326,1.1709939453512819,1.527582771095785
run-endocytosis2_baseline_zero_diffusion0000-0011,11.0,37,1.2107782357783625,1.348392324481677
run-endocytosis2_baseline_zero_diffusion0000-0012,11.0,656,1.1302547093605908,1.4976828422940436
run-endocytosis2_baseline_zero_diffusion0000-0013,11.0,557,1.4044359300158171,1.5198993737191806
run-endocytosis2_baseline_zero_diffusion0000-0014,11.0,591,1.112504782833752,1.4969951785535125
run-endocytosis2_baseline_zero_diffusion0000-0015,11.0,30,0.740609177818559,1.225966049749383
run-endocytosis2_baseline_zero_diffusion0000-0016,11.0,202,1.0987195980540163,1.5145833943364977
run-endocytosis2_baseline_zero_diffusion0000-0017,11.0,463,1.2191528754148484,1.4495484804779686
run-endocytosis2_baseline_zero_diffusion0000-0018,11.0,825,0.7975172238322612,1.520290647667166
run-endocytosis2_baseline_zero_diffusion0000-0019,11.0,1209,1.2686119504627902,1.5324773308230768
run-endocytosis2_baseline_zero_diffusion0000-0020,11.0,12,0.8705061296588927,1.111246856570877
run-endocytosis2_baseline_zero_diffusion0000-0021,11.0,965,1.149069870333483,1.5279827824688264
run-endocytosis2_baseline_zero_diffusion0000-0022,11.0,970,0.942432239153669,1.5073791319766037
run-endocytosis2_baseline_zero_diffusion0000-0023,11.0,518,1.4140959785011624,1.4394243761171823
run-endocytosis2_baseline_zero_diffusion0000-0024,11.0,99,0.8675753886699857,1.458598930344524
run-endocytosis2_baseline_zero_diffusion0000-0025,11.0,219,0.7363390616633094,1.4983871284793617
run-endocytosis2_baseline_zero_diffusion0000-0026,11.0,7,0.01840396197994787,1.171113945291014
run-endocytosis2_baseline_zero_diffusion0000-0027,11.0,135,0.6976018615997744,1.461722370802426
run-endocytosis2_baseline_zero_diffusion0000-0028,11.0,279,1.3563106784703418,1.492583707419755
run-endocytosis2_baseline_zero_diffusion0000-0029,11.0,1094,1.357481493198407,1.5338609744976837
run-endocytosis2_baseline_zero_diffusion0000-0030,11.0,768,1.1612287932715664,1.517355309643614
run-endocytosis2_baseline_zero_diffusion0000-0031,11.0,320,1.2164652408905763,1.4742085636919224
run-endocytosis2_baseline_zero_diffusion0000-0032,11.0,1123,1.3784929403034685,1.5296807097839145
run-endocytosis2_baseline_zero_diffusion0000-0033,11.0,214,1.1897161721130294,1.497810049597597
run-endocytosis2_baseline_zero_diffusion0000-0034,11.0,33,1.1718205188317832,1.258983930790019
run-endocytosis2_baseline_zero_diffusion0000-0035,11.0,11,0.9051534896140325,1.3153597653396916
run-endocytosis2_baseline_zero_diffusion0000-0037,11.0,89,0.7493206663683926,1.3514774442360993
run-endocytosis2_baseline_zero_diffusion0000-0038,11.0,84,0.8059619118153488,1.46411622966383
run-endocytosis2_baseline_zero_diffusion0000-0039,11.0,98,1.1573604913573279,1.4034098534186408
run-endocytosis2_baseline_zero_diffusion0000-0040,11.0,193,1.334534185210752,1.4320197305764908
run-endocytosis2_baseline_zero_diffusion0000-0041,11.0,745,1.2815383223480226,1.5187245271020378
run-endocytosis2_baseline_zero_diffusion0000-0042,11.0,734,1.0543509291545203,1.5090658920266524
run-endocytosis2_baseline_zero_diffusion0000-0043,11.0,18,0.7149546356597849,1.0573110334498246
run-endocytosis2_baseline_zero_diffusion0000-0044,11.0,1226,1.4706582104883705,1.5091640681601282
run-endocytosis2_baseline_zero_diffusion0000-0046,11.0,112,1.2747340688033106,1.4054236067403996
run-endocytosis2_baseline_zero_diffusion0000-0047,11.0,375,0.8336162751252719,1.4744038360951555
run-endocytosis2_baseline_zero_diffusion0000-0048,11.0,521,1.2305554116047768,1.5090963829524073
run-endocytosis2_baseline_zero_diffusion0000-0049,11.0,19,1.2364488062478916,1.3602409407143707
run-endocytosis2_baseline_zero_diffusion0000-0000,11.1,17,1.2348097471335482,1.3431594890500962
run-endocytosis2_baseline_zero_diffusion0000-0001,11.1,280,1.3232638896057434,1.4992982715192502
run-endocytosis2_baseline_zero_diffusion0000-0002,11.1,366,1.215065600880217,1.5208439448064361
run-endocytosis2_baseline_zero_diffusion0000-0003,11.1,1085,1.5242262009216674,1.5211364999663213
run-endocytosis2_baseline_zero_diffusion0000-0004,11.1,285,1.2937509125814235,1.4912366554919088
run-endocytosis2_baseline_zero_diffusion0000-0005,11.1,412,0.8628275943050792,1.4989561818222064
run-endocytosis2_baseline_zero_diffusion0000-0006,11.1,1091,1.292944399521043,1.5336566941903869
run-endocytosis2_baseline_zero_diffusion0000-0007,11.1,418,1.2533399564547325,1.5158986497787794
run-endocytosis2_baseline_zero_diffusion0000-0008,11.1,294,0.7835150846366786,1.5154652560319828
run-endocytosis2_baseline_zero_diffusion0000-0009,11.1,241,1.2186150841275234,1.4832771401618374
run-endocytosis2_baseline_zero_diffusion0000-0010,11.1,1326,1.1664550371110656,1.5178098990604083
run-endocytosis2_baseline_zero_diffusion0000-0011,11.1,37,1.2221352663170832,1.4035115656115762
run-endocytosis2_baseline_zero_diffusion0000-0012,11.1,647,1.0855450128499597,1.4946164878543553
run-endocytosis2_baseline_zero_diffusion0000-0013,11.1,565,1.3828278503290254,1.50709287302559
run-endocytosis2_baseline_zero_diffusion0000-0014,11.1,596,1.1764147218120256,1.5287768676711284
run-endocytosis2_baseline_zero_diffusion0000-0015,11.1,30,0.747010446611959,1.1349796044379987
run-endocytosis2_baseline_zero_diffusion0000-0016,11.1,204,1.1726270940290222,1.5142743621656412
run-endocytosis2_baseline_zero_diffusion0000-0017,11.1,468,1.1380912108916834,1.5155937509339303
run-endocytosis2_baseline_zero_diffusion0000-0018,11.1,833,0.8252237400987986,1.5385634705898055
run-endocytosis2_baseline_zero_diffusion0000-0019,11.1,1218,1.2263541888093659,1.5272103473506136
run-endocytosis2_baseline_zero_diffusion0000-0020,11.1,12,0.8978618873492732,1.2180378274314316
run-endocytosis2_baseline_zero_diffusion0000-0021,11.1,983,1.0795064296095498,1.539407260467878
run-endocytosis2_baseline_zero_diffusion0000-0022,11.1,970,0.9614856144764443,1.5155244331275586
run-endocytosis2_baseline_zero_diffusion0000-0023,11.1,522,1.3828784710428428,1.510791689296581
run-endocytosis2_baseline_zero_diffusion0000-0024,11.1,99,0.9136022916129951,1.4806724995248084
run-endocytosis2_baseline_zero_diffusion0000-0025,11.1,222,0.7396868773482443,1.5046938888661483
run-endocytosis2_baseline_zero_diffusion0000-0026,11.1,7,0.012714288099902493,1.1477179339857588
run-endocytosis2_baseline_zero_diffusion0000-0027,11.1,135,0.6886366527723857,1.445628025315474
run-endocytosis2_baseline_zero_diffusion0000-0028,11.1,284,1.342813874816104,1.4907772954243377
run-endocytosis2_baseline_zero_diffusion0000-0029,11.1,1099,1.3409523256852047,1.5153565448360624
run-endocytosis2_baseline_zero_diffusion0000-0030,11.1,791,1.181422944300518,1.5272596883197134
run-endocytosis2_baseline_zero_diffusion0000-0031,11.1,343,1.2285598789602077,1.518694803477723
run-endocytosis2_baseline_zero_diffusion0000-0032,11.1,1128,1.3749220900068626,1.5227274376274325
run-endocytosis2_baseline_zero_diffusion0000-0033,11.1,214,1.2412911614292375,1.465118889249082
run-endocytosis2_baseline_zero_diffusion0000-0034,11.1,33,1.187772822757275,1.0929633221814505
run-endocytosis2_baseline_zero_diffusion0000-0035,11.1,11,0.9178773847884611,1.2850092915091693
run-endocytosis2_baseline_zero_diffusion0000-0037,11.1,89,0.7868240144200627,1.4459707914645559
run-endocytosis2_baseline_zero_diffusion0000-0038,11.1,84,0.8357211879418049,1.4610941757113505
run-endocytosis2_baseline_zero_diffusion0000-0039,11.1,98,1.1553647034344499,1.3937311791274383
run-endocytosis2_baseline_zero_diffusion0000-0040,11.1,208,1.285732913265255,1.4397135175553362
run-endocytosis2_baseline_zero_diffusion0000-0041,11.1,753,1.2896813367891165,1.540431018224331
run-endocytosis2_baseline_zero_diffusion0000-0042,11.1,738,1.0491354986309842,1.51184070169967
run-endocytosis2_baseline_zero_diffusion0000-0043,11.1,18,0.7081923232139155,1.2005872345913053
run-endocytosis2_baseline_zero_diffusion0000-0044,11.1,1231,1.468349544032651,1.516859017847408
run-endocytosis2_baseline_zero_diffusion0000-0046,11.1,112,1.2540058805434862,1.4870380852724154
run-endocytosis2_baseline_zero_diffusion0000-0047,11.1,378,0.8216193729389899,1.495277156618694
run-endocytosis2_baseline_zero_diffusion0000-0048,11.1,525,1.2192309945029904,1.5084219658143072
run-endocytosis2_baseline_zero_diffusion0000-0049,11.1,19,1.2336578815069859,1.184921918733017
run-endocytosis2_baseline_zero_diffusion0000-0000,11.2,17,1.235229062871293,1.1717717289525265
run-endocytosis2_baseline_zero_diffusion0000-0001,11.2,286,1.259195181218773,1.5255462769768167
run-endocytosis2_baseline_zero_diffusion0000-0002,11.2,378,1.2365646373807335,1.4691452100112294
run-endocytosis2_baseline_zero_diffusion0000-0003,11.2,1104,1.4484701038184506,1.5303976843885327
run-endocytosis2_baseline_zero_diffusion0000-0004,11.2,285,1.3205410576818912,1.446390914294765
run-endocytosis2_baseline_zero_diffusion0000-0005,11.2,416,0.858187380137159,1.5226971188359804
run-endocytosis2_baseline_zero_diffusion0000-0006,11.2,1102,1.3212416963790794,1.534623788157241
run-endocytosis2_baseline_zero_diffusion0000-0007,11.2,422,1.300127073733595,1.5209267318869644
run-endocytosis2_baseline_zero_diffusion0000-0008,11.2,300,0.8245169808049879,1.4475099279654056
run-endocytosis2_baseline_zero_diffusion0000-0009,11.2,246,1.1509043557377467,1.4780430766709254
run-endocytosis2_baseline_zero_diffusion0000-0010,11.2,1316,1.1426745735172965,1.4870802097658196
run-endocytosis2_baseline_zero_diffusion0000-0011,11.2,37,1.1909597391444005,1.2537420300714415
run-endocytosis2_baseline_zero_diffusion0000-0012,11.2,697,1.1192503023866904,1.5258088146291775
run-endocytosis2_baseline_zero_diffusion0000-0013,11.2,574,1.3169511231727986,1.5247972661725844
run-endocytosis2_baseline_zero_diffusion0000-0014,11.2,604,1.1776454020955205,1.5295256732589695
run-endocytosis2_baseline_zero_diffusion0000-0015,11.2,30,0.7346318300146566,1.4127544931220604
run-endocytosis2_baseline_zero_diffusion0000-0016,11.2,209,1.187797177723717,1.4739067663391672
run-endocytosis2_baseline_zero_diffusion0000-0017,11.2,473,1.1716376951129683,1.5101747840843043
run-endocytosis2_baseline_zero_diffusion0000-0018,11.2,852,0.8114903530371189,1.5346347803120721
run-endocytosis2_baseline_zero_diffusion0000-0019,11.2,1228,1.2214088903945117,1.5245111310883483
run-endocytosis2_baseline_zero_diffusion0000-0020,11.2,12,0.8875359581564853,1.1328293481388847
run-endocytosis2_baseline_zero_diffusion0000-0021,11.2,994,1.1015471756689907,1.5305893651059557
run-endocytosis2_baseline_zero_diffusion0000-0022,11.2,970,0.9583452687472177,1.5314522213730568
run-endocytosis2_baseline_zero_diffusion0000-0023,11.2,522,1.4022720662105486,1.5329616624562121
run-endocytosis2_baseline_zero_diffusion0000-0024,11.2,99,1.0451211340180586,1.4140401660195325
run-endocytosis2_baseline_zero_diffusion0000-0025,11.2,227,0.7253665075132443,1.4747516367147937
run-endocytosis2_baseline_zero_diffusion0000-0026,11.2,7,-0.0003223575678747981,0.9396818588816458
run-endocytosis2_baseline_zero_diffusion0000-0027,11.2,135,0.6634117709529443,1.4630370572523512
run-endocytosis2_baseline_zero_diffusion0000-0028,11.2,291,1.3962484958263457,1.4741342437144145
run-endocytosis2_baseline_zero_diffusion0000-0029,11.2,1105,1.3639818354648303,1.514877903898892
run-endocytosis2_baseline_zero_diffusion0000-0030,11.2,804,1.1377611859678143,1.528427279793519
run-endocytosis2_baseline_zero_diffusion0000-0031,11.2,360,1.1652543496741627,1.5234105700510376
run-endocytosis2_baseline_zero_diffusion0000-0032,11.2,1133,1.4605926682945034,1.5161182360233108
run-endocytosis2_baseline_zero_diffusion0000-0033,11.2,214,1.2053316877417046,1.5043935332200535
run-endocytosis2_baseline_zero_diffusion0000-0034,11.2,45,0.8830147281498956,1.4114729353662139
run-endocytosis2_baseline_zero_diffusion0000-0035,11.2,11,0.9161227758031261,1.2220098521707508
run-endocytosis2_baseline_zero_diffusion0000-0037,11.2,89,0.7834888637631647,1.4452328240610666
run-endocytosis2_baseline_zero_diffusion0000-0038,11.2,81,0.9015983517970999,1.3497200688546171
run-endocytosis2_baseline_zero_diffusion0000-0039,11.2,98,1.1373898863998588,1.362990326592871
run-endocytosis2_baseline_zero_diffusion0000-0040,11.2,226,1.2399380601848555,1.5003144859831312
run-endocytosis2_baseline_zero_diffusion0000-0041,11.2,758,1.2906032393500897,1.506047150815015
run-endocytosis2_baseline_zero_diffusion0000-0042,11.2,740,1.1210653967718247,1.5021650383226002
run-endocytosis2_baseline_zero_diffusion0000-0043,11.2,18,0.7020312463369572,1.1617622356589852
run-endocytosis2_baseline_zero_diffusion0000-0044,11.2,1242,1.4387915183367013,1.497758133093997
run-endocytosis2_baseline_zero_diffusion0000-0046,11.2,118,1.2215670679955426,1.4751983970373292
run-endocytosis2_baseline_zero_diffusion0000-0047,11.2,384,0.9680472211292076,1.486125887323247
run-endocytosis2_baseline_zero_diffusion0000-0048,11.2,533,1.266723372873118,1.4921024497909916
run-endocytosis2_baseline_zero_diffusion0000-0049,11.2,19,1.230215535106517,1.3163983785844702
run-endocytosis2_baseline_zero_diffusion0000-0000,11.3,17,1.2513668827463487,1.2407565751532807
run-endocytosis2_baseline_zero_diffusion0000-0001,11.3,293,1.2419232747057904,1.5029200153877573
run-endocytosis2_baseline_zero_diffusion0000-0002,11.3,388,1.2454385946077602,1.4230380443790167
run-endocytosis2_baseline_zero_diffusion0000-0003,11.3,1111,1.4958943447430808,1.5240487680164945
run-endocytosis2_baseline_zero_diffusion0000-0004,11.3,285,1.1744301093851486,1.5108882879418126
run-endocytosis2_baseline_zero_diffusion0000-0005,11.3,421,0.8831389847837322,1.4984571935860869
run-endocytosis2_baseline_zero_diffusion0000-0006,11.3,1112,1.3246283018592548,1.5246661313469936
run-endocytosis2_baseline_zero_diffusion0000-0007,11.3,436,1.2615936753506873,1.4726441446560183
run-endocytosis2_baseline_zero_diffusion0000-0008,11.3,305,0.7306099137003517,1.4813210274941315
run-endocytosis2_baseline_zero_diffusion0000-0009,11.3,251,1.2109271373478627,1.5174582863746435
run-endocytosis2_baseline_zero_diffusion0000-0010,11.3,1316,1.1347664573226564,1.5296130151054683
run-endocytosis2_baseline_zero_diffusion0000-0011,11.3,37,1.1885838749925632,1.3679763352840317
run-endocytosis2_baseline_zero_diffusion0000-0012,11.3,715,1.079838916967542,1.5112088988932182
run-endocytosis2_baseline_zero_diffusion0000-0013,11.3,586,1.3365566408836655,1.5162726269201723
run-endocytosis2_baseline_zero_diffusion0000-0014,11.3,616,1.1713905802471718,1.463240939889079
run-endocytosis2_baseline_zero_diffusion0000-0015,11.3,30,0.7388549713766597,1.3067882777461877
run-endocytosis2_baseline_zero_diffusion0000-0016,11.3,211,1.1491604715095396,1.4498754722515617
run-endocytosis2_baseline_zero_diffusion0000-0017,11.3,478,1.1787485867054484,1.4663246226296895
run-endocytosis2_baseline_zero_diffusion0000-0018,11.3,865,0.8575545160663656,1.5309829167273024
run-endocytosis2_baseline_zero_diffusion0000-0019,11.3,1234,1.2661329312347878,1.5323369734534051
run-endocytosis2_baseline_zero_diffusion0000-0020,11.3,12,0.9048805230691643,1.259448111529775
run-endocytosis2_baseline_zero_diffusion0000-0021,11.3,1002,1.10648934557919,1.51063768073809
run-endocytosis2_baseline_zero_diffusion0000-0022,11.3,970,0.9888352507162643,1.519794027003763
run-endocytosis2_baseline_zero_diffusion0000-0023,11.3,522,1.38250112669842,1.5034519293926398
run-endocytosis2_baseline_zero_diffusion0000-0024,11.3,99,1.1358401544899819,1.414681031231159
run-endocytosis2_baseline_zero_diffusion0000-0025,11.3,236,0.7495016759666059,1.5045324872800472
run-endocytosis2_baseline_zero_diffusion0000-0026,11.3,7,0.006406020340954832,0.8759853960512104
run-endocytosis2_baseline_zero_diffusion0000-0027,11.3,135,0.6911802033624016,1.4233726438561825
run-endocytosis2_baseline_zero_diffusion0000-0028,11.3,422,1.21729010529077,1.4866144534169794
run-endocytosis2_baseline_zero_diffusion0000-0029,11.3,1119,1.3156319238189287,1.5143255359709198
run-endocytosis2_baseline_zero_diffusion0000-0030,11.3,812,1.149461269026155,1.5291948580996364
run-endocytosis2_baseline_zero_diffusion0000-0031,11.3,384,1.1902216596143527,1.5160978502189097
run-endocytosis2_baseline_zero_diffusion0000-0032,11.3,1141,1.4092057655542205,1.5264985687652513
run-endocytosis2_baseline_zero_diffusion0000-0033,11.3,219,1.2859189816121133,1.5127912201180218
run-endocytosis2_baseline_zero_diffusion0000-0034,11.3,49,0.814540063745167,1.359316170817062
run-endocytosis2_baseline_zero_diffusion0000-0035,11.3,11,0.9343731638269879,1.0320362654583246
run-endocytosis2_baseline_zero_diffusion0000-0037,11.3,89,0.8169725549484673,1.414250546950564
run-endocytosis2_baseline_zero_diffusion0000-0038,11.3,81,1.0402604633921806,1.3847781346845132
run-endocytosis2_baseline_zero_diffusion0000-0039,11.3,98,1.167235265888619,1.3492551504148211
run-endocytosis2_baseline_zero_diffusion0000-0040,11.3,245,1.3171371651513843,1.4928999540607995
run-endocytosis2_baseline_zero_diffusion0000-0041,11.3,763,1.3110560319387892,1.532309543430372
run-endocytosis2_baseline_zero_diffusion0000-0042,11.3,740,1.0622659311596383,1.5294689797741068
run-endocytosis2_baseline_zero_diffusion0000-0043,11.3,18,0.6966621729839427,1.1728302451483308
run-endocytosis2_baseline_zero_diffusion0000-0044,11.3,1254,1.4504198726919735,1.5198727277455668
run-endocytosis2_baseline_zero_diffusion0000-0046,11.3,135,1.2080494497408862,1.5097471761028358
run-endocytosis2_baseline_zero_diffusion0000-0047,11.3,396,0.903131710242271,1.5117047653431788
run-endocytosis2_baseline_zero_diffusion0000-0048,11.3,548,1.2989688291133856,1.5054392879592946
run-endocytosis2_baseline_zero_diffusion0000-0049,11.3,19,1.2160678567131458,1.3345247095219315
run-endocytosis2_baseline_zero_diffusion0000-0000,11.4,17,1.2333495529407483,1.0543073479709901
run-endocytosis2_baseline_zero_diffusion0000-0001,11.4,299,1.2012575478290692,1.5176733295212617
run-endocytosis2_baseline_zero_diffusion0000-0002,11.4,397,1.1771889976809229,1.4854804710716163
run-endocytosis2_baseline_zero_diffusion0000-0003,11.4,1077,1.4372011996239165,1.5194174709090262
run-endocytosis2_baseline_zero_diffusion0000-0004,11.4,285,1.0669482596645974,1.4918203157061871
run-endocytosis2_baseline_zero_diffusion0000-0005,11.4,422,0.9492377410940152,1.5303719974439813
run-endocytosis2_baseline_zero_diffusion0000-0006,11.4,1132,1.3381278870839293,1.52873597050617
run-endocytosis2_baseline_zero_diffusion0000-0007,11.4,442,1.2756296307697768,1.5036474834534264
run-endocytosis2_baseline_zero_diffusion0000-0008,11.4,310,0.7670166401672829,1.4848708358824716
run-endocytosis2_baseline_zero_diffusion0000-0009,11.4,256,1.2224512321553356,1.4816575675508312
run-endocytosis2_baseline_zero_diffusion0000-0010,11.4,1322,1.1197063080905594,1.5494298888816478
run-endocytosis2_baseline_zero_diffusion0000-0011,11.4,37,1.1832328088426753,1.4267077167200493
run-endocytosis2_baseline_zero_diffusion0000-0012,11.4,729,1.0297277214972442,1.470473900755249
run-endocytosis2_baseline_zero_diffusion0000-0013,11.4,601,1.2918799473332272,1.5360902541473151
run-endocytosis2_baseline_zero_diffusion0000-0014,11.4,633,1.2267283231426147,1.5110224659513418
run-endocytosis2_baseline_zero_diffusion0000-0015,11.4,30,0.7189835217217225,1.2435347653122701
run-endocytosis2_baseline_zero_diffusion0000-0016,11.4,211,1.1285761211835206,1.4704637676373369
run-endocytosis2_baseline_zero_diffusion0000-0017,11.4,483,1.1841252388410315,1.5304952460551848
run-endocytosis2_baseline_zero_diffusion0000-0018,11.4,883,0.8626149744190144,1.4902574918533258
run-endocytosis2_baseline_zero_diffusion0000-0019,11.4,1241,1.2800189178539108,1.528508158530371
run-endocytosis2_baseline_zero_diffusion0000-0020,11.4,12,0.8628517873864617,0.9293404618600086
run-endocytosis2_baseline_zero_diffusion0000-0021,11.4,1016,1.1382076932078977,1.5341756524717847
run-endocytosis2_baseline_zero_diffusion0000-0022,11.4,970,0.9996338126798163,1.4884768381263305
run-endocytosis2_baseline_zero_diffusion0000-0023,11.4,522,1.4175489832324972,1.5195198659712617
run-endocytosis2_baseline_zero_diffusion0000-0024,11.4,99,1.1967943314035434,1.4313864899938973
run-endocytosis2_baseline_zero_diffusion0000-0025,11.4,239,0.738639953217589,1.4739854886572648
run-endocytosis2_baseline_zero_diffusion0000-0026,11.4,7,0.028201412020056438,1.1937194409882568
run-endocytosis2_baseline_zero_diffusion0000-0027,11.4,139,0.6829131628085782,1.472694126698411
run-endocytosis2_baseline_zero_diffusion0000-0028,11.4,422,1.242452382619684,1.458528497945238
run-endocytosis2_baseline_zero_diffusion0000-0029,11.4,1138,1.3133590274903173,1.4913226996421176
run-endocytosis2_baseline_zero_diffusion0000-0030,11.4,820,1.1607643940976629,1.5275988713100543
run-endocytosis2_baseline_zero_diffusion0000-0031,11.4,419,1.160354819987746,1.4991534167495386
run-endocytosis2_baseline_zero_diffusion0000-0032,11.4,1142,1.4346733590521157,1.5336291908623207
run-endocytosis2_baseline_zero_diffusion0000-0033,11.4,220,1.320070202937819,1.4207196036389917
run-endocytosis2_baseline_zero_diffusion0000-0034,11.4,54,0.8963843695079656,1.359417069128798
run-endocytosis2_baseline_zero_diffusion0000-0035,11.4,11,0.812123028918364,1.3227984596190274
run-endocytosis2_baseline_zero_diffusion0000-0037,11.4,89,0.794018575316617,1.3535682583870632
run-endocytosis2_baseline_zero_diffusion0000-0038,11.4,81,1.054454774130472,1.3612971022338425
run-endocytosis2_baseline_zero_diffusion0000-0039,11.4,98,1.1890499337259963,1.4301245552922852
run-endocytosis2_baseline_zero_diffusion0000-0040,11.4,256,1.2351777376813724,1.4637265222220985
run-endocytosis2_baseline_zero_diffusion0000-0041,11.4,768,1.3321918535363007,1.5219917975117263
run-endocytosis2_baseline_zero_diffusion0000-0042,11.4,740,1.0585775847065935,1.4857486414248597
run-endocytosis2_baseline_zero_diffusion0000-0043,11.4,18,0.6970800024726147,1.3309685233655772
run-endocytosis2_baseline_zero_diffusion0000-0044,11.4,1263,1.4682870079801325,1.531010120118731
run-endocytosis2_baseline_zero_diffusion0000-0046,11.4,146,1.2185065904858732,1.5053062431702486
run-endocytosis2_baseline_zero_diffusion0000-0047,11.4,406,0.8786787196795981,1.5161463107917537
run-endocytosis2_baseline_zero_diffusion0000-0048,11.4,556,1.2396592705439058,1.500836794213032
run-endocytosis2_baseline_zero_diffusion0000-0049,11.4,19,1.2262235889966175,1.244110131862525
run-endocytosis2_baseline_zero_diffusion0000-0000,11.5,17,1.2422304384834648,1.1838863282856584
run-endocytosis2_baseline_zero_diffusion0000-0001,11.5,308,1.3205009779367183,1.488923493893461
run-endocytosis2_baseline_zero_diffusion0000-0002,11.5,405,1.2044572987347175,1.5329685815109688
run-endocytosis2_baseline_zero_diffusion0000-0003,11.5,1110,1.417567915650876,1.5190034041840104
run-endocytosis2_baseline_zero_diffusion0000-0004,11.5,285,1.1064151555594253,1.4865441153762087
run-endocytosis2_baseline_zero_diffusion0000-0005,11.5,422,0.9528047046536328,1.4944109920876207
run-endocytosis2_baseline_zero_diffusion0000-0006,11.5,1148,1.3419537278693328,1.4928283484083433
run-endocytosis2_baseline_zero_diffusion0000-0007,11.5,442,1.2617840153641318,1.5307675479260632
run-endocytosis2_baseline_zero_diffusion0000-0008,11.5,313,0.7360828133759231,1.4987769435653127
run-endocytosis2_baseline_zero_diffusion0000-0009,11.5,257,1.1666733029681984,1.4927884468970818
run-endocytosis2_baseline_zero_diffusion0000-0010,11.5,1325,1.0974472478310893,1.5101555799298012
run-endocytosis2_baseline_zero_diffusion0000-0011,11.5,37,1.1893806129985653,1.1603442302080436
run-endocytosis2_baseline_zero_diffusion0000-0012,11.5,749,1.0105427633453616,1.5258429442527448
run-endocytosis2_baseline_zero_diffusion0000-0013,11.5,620,1.2843192857009629,1.506296355424779
run-endocytosis2_baseline_zero_diffusion0000-0014,11.5,643,1.180493324685076,1.5071811027558129
run-endocytosis2_baseline_zero_diffusion0000-0015,11.5,30,0.7262583779542879,1.2609675117831027
run-endocytosis2_baseline_zero_diffusion0000-0016,11.5,217,1.1513532651984275,1.4831348275428171
run-endocytosis2_baseline_zero_diffusion0000-0017,11.5,489,1.2317615290719421,1.501068185145471
run-endocytosis2_baseline_zero_diffusion0000-0018,11.5,919,0.8599800947375938,1.4833282535174392
run-endocytosis2_baseline_zero_diffusion0000-0019,11.5,1246,1.2743938980036307,1.5391605251248024
run-endocytosis2_baseline_zero_diffusion0000-0020,11.5,12,0.8824996336085504,1.0827160078924667
run-endocytosis2_baseline_zero_diffusion0000-0021,11.5,1037,1.167522064876743,1.5120258959187611
run-endocytosis2_baseline_zero_diffusion0000-0022,11.5,977,1.030450335377724,1.507039331650815
run-endocytosis2_baseline_zero_diffusion0000-0023,11.5,522,1.3839183675155122,1.5074311855635694
run-endocytosis2_baseline_zero_diffusion0000-0024,11.5,99,1.0527948789870902,1.4210520278712897
run-endocytosis2_baseline_zero_diffusion0000-0025,11.5,239,0.741972282275005,1.505937324718504
run-endocytosis2_baseline_zero_diffusion0000-0026,11.5,7,0.004929891690116817,0.7079898368052251
run-endocytosis2_baseline_zero_diffusion0000-0027,11.5,144,0.641912961118224,1.4279016149867454
run-endocytosis2_baseline_zero_diffusion0000-0028,11.5,300,1.3167610802677445,1.5111488513553748
run-endocytosis2_baseline_zero_diffusion0000-0029,11.5,1151,1.3063240659770483,1.5071574129732332
run-endocytosis2_baseline_zero_diffusion0000-0030,11.5,828,1.1631357782912284,1.5442649214822437
run-endocytosis2_baseline_zero_diffusion0000-0031,11.5,464,1.168656079998708,1.4753413641244342
run-endocytosis2_baseline_zero_diffusion0000-0032,11.5,1142,1.439723763340844,1.516710334444811
run-endocytosis2_baseline_zero_diffusion0000-0033,11.5,220,1.3030472378666453,1.4752443391145353
run-endocytosis2_baseline_zero_diffusion0000-0034,11.5,56,0.9181444498853668,1.4338429596584563
run-endocytosis2_baseline_zero_diffusion0000-0035,11.5,11,0.8074735958625104,0.9803471195198037
run-endocytosis2_baseline_zero_diffusion0000-0037,11.5,89,0.7758148498540217,1.3644498068740216
run-endocytosis2_baseline_zero_diffusion0000-0038,11.5,81,1.1210015589007005,1.4733935824127333
run-endocytosis2_baseline_zero_diffusion0000-0039,11.5,98,1.1343366358190687,1.4870426923557312
run-endocytosis2_baseline_zero_diffusion0000-0040,11.5,263,1.1594282896419625,1.4848338754397632
run-endocytosis2_baseline_zero_diffusion0000-0041,11.5,772,1.3374644147232664,1.5304173655299165
run-endocytosis2_baseline_zero_diffusion0000-0042,11.5,746,1.086916884933416,1.4839867779496203
run-endocytosis2_baseline_zero_diffusion0000-0043,11.5,18,0.7125941187407242,1.3669409680182405
run-endocytosis2_baseline_zero_diffusion0000-0044,11.5,1277,1.454671120346943,1.5289201259740048
run-endocytosis2_baseline_zero_diffusion0000-0046,11.5,155,1.2208576477998319,1.3977430695199138
run-endocytosis2_baseline_zero_diffusion0000-0047,11.5,410,0.9091227126592717,1.4765744076598175
run-endocytosis2_baseline_zero_diffusion0000-0048,11.5,564,1.2638838973871964,1.5228708662639856
run-endocytosis2_baseline_zero_diffusion0000-0049,11.5,19,1.2360645638504386,1.3078632947483266
run-endocytosis2_baseline_zero_diffusion0000-0000,11.6,17,1.169602599396085,1.2468094616542102
run-endocytosis2_baseline_zero_diffusion0000-0001,11.6,318,1.3606388470640225,1.5240194905916113
run-endocytosis2_baseline_zero_diffusion0000-0002,11.6,408,1.2405838969471794,1.5087330772756615
run-endocytosis2_baseline_zero_diffusion0000-0003,11.6,1133,1.41830702858853,1.541952689656322
run-endocytosis2_baseline_zero_diffusion0000-0004,11.6,290,1.257239512187282,1.5162807947358639
run-endocytosis2_baseline_zero_diffusion0000-0005,11.6,422,0.9871667815958737,1.5077327731635983
run-endocytosis2_baseline_zero_diffusion0000-0006,11.6,1165,1.3171337589472056,1.5380287830735226
run-endocytosis2_baseline_zero_diffusion0000-0007,11.6,445,1.263858360931254,1.4800792222020063
run-endocytosis2_baseline_zero_diffusion0000-0008,11.6,318,0.7538813997856298,1.4977210158279566
run-endocytosis2_baseline_zero_diffusion0000-0009,11.6,263,1.2288312706215074,1.4567439124021926
run-endocytosis2_baseline_zero_diffusion0000-0010,11.6,1325,1.0798283719323178,1.544643351891221
run-endocytosis2_baseline_zero_diffusion0000-0011,11.6,37,1.2021640065174255,1.3047609331954313
run-endocytosis2_baseline_zero_diffusion0000-0012,11.6,773,1.062704335692135,1.5217919144940961
run-endocytosis2_baseline_zero_diffusion0000-0013,11.6,635,1.3375573615503409,1.5186827243563008
run-endocytosis2_baseline_zero_diffusion0000-0014,11.6,652,1.1828746947410025,1.5267742590415487
run-endocytosis2_baseline_zero_diffusion0000-0015,11.6,30,0.7213839513060668,1.401130600732978
run-endocytosis2_baseline_zero_diffusion0000-0016,11.6,222,1.228579267054765,1.5094942503440751
run-endocytosis2_baseline_zero_diffusion0000-0017,11.6,490,1.1418116302861363,1.4638466336081832
run-endocytosis2_baseline_zero_diffusion0000-0018,11.6,940,0.9125081037029542,1.5245520655652525
run-endocytosis2_baseline_zero_diffusion0000-0019,11.6,1251,1.3018770058924896,1.4828196675748573
run-endocytosis2_baseline_zero_diffusion0000-0020,11.6,12,0.908792548621966,1.1243311110046754
run-endocytosis2_baseline_zero_diffusion0000-0021,11.6,1051,1.1640292023889964,1.538161731792281
run-endocytosis2_baseline_zero_diffusion0000-0022,11.6,982,1.0061779837177636,1.511606622989923
run-endocytosis2_baseline_zero_diffusion0000-0023,11.6,527,1.3947979155716645,1.480044643285993
run-endocytosis2_baseline_zero_diffusion0000-0024,11.6,107,1.177735446516486,1.4355281253666603
run-endocytosis2_baseline_zero_diffusion0000-0025,11.6,239,0.6995368042100156,1.4777267586578313
run-endocytosis2_baseline_zero_diffusion0000-0026,11.6,7,0.014860437535600068,1.2504200151748777
run-endocytosis2_baseline_zero_diffusion0000-0027,11.6,151,0.5400924469014938,1.4877699087835605
run-endocytosis2_baseline_zero_diffusion0000-0028,11.6,436,1.2173597623385592,1.4948154540234673
run-endocytosis2_baseline_zero_diffusion0000-0029,11.6,1172,1.3702287808283902,1.5195948372985244
run-endocytosis2_baseline_zero_diffusion0000-0030,11.6,836,1.1791393627818558,1.5234036291832318
run-endocytosis2_baseline_zero_diffusion0000-0031,11.6,494,1.1249503229637974,1.5151859785383548
run-endocytosis2_baseline_zero_diffusion0000-0032,11.6,1153,1.4146483963939767,1.543600469666315
run-endocytosis2_baseline_zero_diffusion0000-0033,11.6,220,1.3334015367691026,1.5177594105524352
run-endocytosis2_baseline_zero_diffusion0000-0034,11.6,56,0.7849148024796505,1.3454011344131773
run-endocytosis2_baseline_zero_diffusion0000-0035,11.6,11,0.9088949903358233,1.1199402906662645
run-endocytosis2_baseline_zero_diffusion0000-0037,11.6,89,0.7919129919845377,1.4634143357406129
run-endocytosis2_baseline_zero_diffusion0000-0038,11.6,81,1.2576253547644032,1.4838369315472286
run-endocytosis2_baseline_zero_diffusion0000-0039,11.6,98,1.1399992534468835,1.4482887340349353
run-endocytosis2_baseline_zero_diffusion0000-0040,11.6,266,1.146430658199709,1.4736177359606546
run-endocytosis2_baseline_zero_diffusion0000-0041,11.6,775,1.2752888709185184,1.5174348371320279
run-endocytosis2_baseline_zero_diffusion0000-0042,11.6,749,1.0991583320877896,1.514466947612895
run-endocytosis2_baseline_zero_diffusion0000-0043,11.6,18,0.6946860470751124,1.2744241295816858
run-endocytosis2_baseline_zero_diffusion0000-0044,11.6,1285,1.45943879915075,1.5427648103985632
run-endocytosis2_baseline_zero_diffusion0000-0046,11.6,165,1.283498201616665,1.4595433119718066
run-endocytosis2_baseline_zero_diffusion0000-0047,11.6,432,0.919947175629648,1.494120416517267
run-endocytosis2_baseline_zero_diffusion0000-0048,11.6,571,1.220847776796627,1.5151767973105061
run-endocytosis2_baseline_zero_diffusion0000-0049,11.6,19,1.2302238488275734,1.349991749568463
run-endocytosis2_baseline_zero_diffusion0000-0000,11.7,17,1.2594713045270827,1.2915719302555937
run-endocytosis2_baseline_zero_diffusion0000-0001,11.7,325,1.3758647824898038,1.4714092494778064
run-endocytosis2_baseline_zero_diffusion0000-0002,11.7,420,1.2423822503203295,1.4539154268120515
run-endocytosis2_baseline_zero_diffusion0000-0003,11.7,1147,1.3919698960822626,1.521479654123969
run-endocytosis2_baseline_zero_diffusion0000-0004,11.7,301,1.2575365594653527,1.4856601206848117
run-endocytosis2_baseline_zero_diffusion0000-0005,11.7,427,0.9536237552074105,1.4970752135251795
run-endocytosis2_baseline_zero_diffusion0000-0006,11.7,1182,1.3793733012777254,1.5370883694344986
run-endocytosis2_baseline_zero_diffusion0000-0007,11.7,450,1.3059602491562603,1.5110078930522757
run-endocytosis2_baseline_zero_diffusion0000-0008,11.7,323,0.7411660497576517,1.447184381668753
run-endocytosis2_baseline_zero_diffusion0000-0009,11.7,266,1.3315733054380021,1.4700088582293707
run-endocytosis2_baseline_zero_diffusion0000-0010,11.7,1325,1.1167761578690985,1.5144174208683967
run-endocytosis2_baseline_zero_diffusion0000-0011,11.7,37,1.1779224945466407,1.3386703674290958
run-endocytosis2_baseline_zero_diffusion0000-0012,11.7,793,1.0464983697938384,1.520880223010391
run-endocytosis2_baseline_zero_diffusion0000-0013,11.7,648,1.3036521970579993,1.5035529228658502
run-endocytosis2_baseline_zero_diffusion0000-0014,11.7,669,1.1871759114704998,1.5193668523839154
run-endocytosis2_baseline_zero_diffusion0000-0015,11.7,30,0.7387793268574718,1.4085469561077795
run-endocytosis2_baseline_zero_diffusion0000-0016,11.7,228,1.2521417904753556,1.4707229217497335
run-endocytosis2_baseline_zero_diffusion0000-0017,11.7,490,1.1722924999079751,1.5258756701506158
run-endocytosis2_baseline_zero_diffusion0000-0018,11.7,951,0.8899027807791353,1.5275152061918515
run-endocytosis2_baseline_zero_diffusion0000-0019,11.7,1255,1.3178067175463155,1.5157928439367085
run-endocytosis2_baseline_zero_diffusion0000-0020,11.7,12,0.8636964457447454,1.1157204351930925
run-endocytosis2_baseline_zero_diffusion0000-0021,11.7,1060,1.2045239943874437,1.5177280064309366
run-endocytosis2_baseline_zero_diffusion0000-0022,11.7,992,1.0263142601920707,1.534089895333757
run-endocytosis2_baseline_zero_diffusion0000-0023,11.7,534,1.3993243462643532,1.469035598519032
run-endocytosis2_baseline_zero_diffusion0000-0024,11.7,107,1.182161984453245,1.479153408323245
run-endocytosis2_baseline_zero_diffusion0000-0025,11.7,239,0.7027531617917284,1.4780428688104499
run-endocytosis2_baseline_zero_diffusion0000-0026,11.7,7,-0.014842529171627206,1.3225435476615888
run-endocytosis2_baseline_zero_diffusion0000-0027,11.7,160,0.5869465463255231,1.497880180645163
run-endocytosis2_baseline_zero_diffusion0000-0028,11.7,445,1.2126652263118687,1.4888910644107187
run-endocytosis2_baseline_zero_diffusion0000-0029,11.7,1193,1.3495723274415357,1.5369599366032871
run-endocytosis2_baseline_zero_diffusion0000-0030,11.7,846,1.2381146303764177,1.5271240522425804
run-endocytosis2_baseline_zero_diffusion0000-0031,11.7,519,1.1493947759954026,1.4984189580735983
run-endocytosis2_baseline_zero_diffusion0000-0032,11.7,1164,1.4220582111819846,1.544528308128783
run-endocytosis2_baseline_zero_diffusion0000-0033,11.7,220,1.3338619295020249,1.3929111113623807
run-endocytosis2_baseline_zero_diffusion0000-0034,11.7,56,0.8474758717333636,1.3594364728336519
run-endocytosis2_baseline_zero_diffusion0000-0035,11.7,11,0.9103488501878583,1.306624940165034
run-endocytosis2_baseline_zero_diffusion0000-0037,11.7,89,0.7523214531219047,1.4680508771871668
run-endocytosis2_baseline_zero_diffusion0000-0038,11.7,81,1.0964302348417394,1.4080120618858705
run-endocytosis2_baseline_zero_diffusion0000-0039,11.7,98,1.225551418745473,1.4068997004309802
run-endocytosis2_baseline_zero_diffusion0000-0040,11.7,269,1.1194637349872245,1.481109449402431
run-endocytosis2_baseline_zero_diffusion0000-0041,11.7,780,1.3052284235262916,1.4861271831117746
run-endocytosis2_baseline_zero_diffusion0000-0042,11.7,755,1.0921505129198754,1.5449351507123346
run-endocytosis2_baseline_zero_diffusion0000-0043,11.7,18,0.6916527530118574,1.3289503545300085
run-endocytosis2_baseline_zero_diffusion0000-0044,11.7,1285,1.4512964372778907,1.5422442661105735
run-endocytosis2_baseline_zero_diffusion0000-0046,11.7,165,1.3149231035532774,1.4077789615485332
run-endocytosis2_baseline_zero_diffusion0000-0047,11.7,451,0.9304473759202878,1.5246175437106002
run-endocytosis2_baseline_zero_diffusion0000-0048,11.7,580,1.1922933903400472,1.516315319352179
run-endocytosis2_baseline_zero_diffusion0000-0049,11.7,19,1.2229194994289603,1.07583786326017
run-endocytosis2_baseline_zero_diffusion0000-0000,11.8,17,1.2901890008824162,1.0876208973224504
run-endocytosis2_baseline_zero_diffusion0000-0001,11.8,334,1.3340238047239281,1.4802474740483875
run-endocytosis2_baseline_zero_diffusion0000-0002,11.8,433,1.2177718561434387,1.518229191471598
run-endocytosis2_baseline_zero_diffusion0000-0003,11.8,1161,1.4082786802152114,1.5056747498742686
run-endocytosis2_baseline_zero_diffusion0000-0004,11.8,306,1.1465427006651876,1.400293147214082
run-endocytosis2_baseline_zero_diffusion0000-0005,11.8,431,0.9613412913365712,1.4941975002387804
run-endocytosis2_baseline_zero_diffusion0000-0006,11.8,1195,1.36407475628291,1.5436385997529238
run-endocytosis2_baseline_zero_diffusion0000-0007,11.8,450,1.3154026747536336,1.4875687509634312
run-endocytosis2_baseline_zero_diffusion0000-0008,11.8,327,0.7330215292429834,1.4961168288335263
run-endocytosis2_baseline_zero_diffusion0000-0009,11.8,266,1.27213655746527,1.4472959312350056
run-endocytosis2_baseline_zero_diffusion0000-0010,11.8,1325,1.0762283094935465,1.5406538224871718
run-endocytosis2_baseline_zero_diffusion0000-0011,11.8,37,1.215524237097498,1.4400433670897703
run-endocytosis2_baseline_zero_diffusion0000-0012,11.8,803,1.074128123971382,1.5052692500953062
run-endocytosis2_baseline_zero_diffusion0000-0013,11.8,662,1.342426764645755,1.5320615874176942
run-endocytosis2_baseline_zero_diffusion0000-0014,11.8,678,1.140753060488049,1.486172570361995
run-endocytosis2_baseline_zero_diffusion0000-0015,11.8,30,0.7229635693384502,1.392838787051542
run-endocytosis2_baseline_zero_diffusion0000-0016,11.8,233,1.2027939491288386,1.4974919233441006
run-endocytosis2_baseline_zero_diffusion0000-0017,11.8,490,1.1946385533358062,1.4834175118887472
run-endocytosis2_baseline_zero_diffusion0000-0018,11.8,960,0.8821713203191743,1.5324261139617217
run-endocytosis2_baseline_zero_diffusion0000-0019,11.8,1255,1.3029845970559335,1.5386686278991057
run-endocytosis2_baseline_zero_diffusion0000-0020,11.8,12,0.8699247329174399,1.2520658358711816
run-endocytosis2_baseline_zero_diffusion0000-0021,11.8,1069,1.184716126064835,1.5445049767653134
run-endocytosis2_baseline_zero_diffusion0000-0022,11.8,998,1.0228674176296344,1.5377917658342777
run-endocytosis2_baseline_zero_diffusion0000-0023,11.8,541,1.3473812135735908,1.5284288581705208
run-endocytosis2_baseline_zero_diffusion0000-0024,11.8,107,1.2127871244842563,1.4402148712980498
run-endocytosis2_baseline_zero_diffusion0000-0025,11.8,241,0.716597357592118,1.4494149928816533
run-endocytosis2_baseline_zero_diffusion0000-0026,11.8,7,0.005498233082260828,1.1339269758268238
run-endocytosis2_baseline_zero_diffusion0000-0027,11.8,165,0.5624998708874205,1.3946744208287782
run-endocytosis2_baseline_zero_diffusion0000-0028,11.8,457,1.2166869568131804,1.5024323092579897
run-endocytosis2_baseline_zero_diffusion0000-0029,11.8,1208,1.3318896127171462,1.5227801629602906
run-endocytosis2_baseline_zero_diffusion0000-0030,11.8,851,1.212241255468276,1.5102800198060125
run-endocytosis2_baseline_zero_diffusion0000-0031,11.8,545,1.1697053592255453,1.540277249716883
run-endocytosis2_baseline_zero_diffusion0000-0032,11.8,1164,1.432922394701126,1.543218983636404
run-endocytosis2_baseline_zero_diffusion0000-0033,11.8,220,1.2594167177718008,1.4046602452178663
run-endocytosis2_baseline_zero_diffusion0000-0034,11.8,56,0.810281116153518,1.3589620573507666
run-endocytosis2_baseline_zero_diffusion0000-0035,11.8,11,0.9958733232183301,1.1449732695193897
run-endocytosis2_baseline_zero_diffusion0000-0037,11.8,89,0.7307681663745791,1.424677470565096
run-endocytosis2_baseline_zero_diffusion0000-0038,11.8,84,1.1345714555907724,1.3495087434916277
run-endocytosis2_baseline_zero_diffusion0000-0039,11.8,98,1.2136628355960608,1.499226296356796
run-endocytosis2_baseline_zero_diffusion0000-0040,11.8,273,1.0708550000319137,1.4678225525733324
run-endocytosis2_baseline_zero_diffusion0000-0041,11.8,785,1.298361134947322,1.5335627489142218
run-endocytosis2_baseline_zero_diffusion0000-0042,11.8,757,1.0926767687151864,1.5134971032786568
run-endocytosis2_baseline_zero_diffusion0000-0043,11.8,18,0.7419751690692687,1.2269803408612971
run-endocytosis2_baseline_zero_diffusion0000-0044,11.8,1292,1.4598901797758719,1.501384037861631
run-endocytosis2_baseline_zero_diffusion0000-0046,11.8,178,1.4220327599440676,1.4647847401283858
run-endocytosis2_baseline_zero_diffusion0000-0047,11.8,462,0.9635216474567309,1.479969306679975
run-endocytosis2_baseline_zero_diffusion0000-0048,11.8,592,1.1892401017706125,1.4928114299891213
run-endocytosis2_baseline_zero_diffusion0000-0049,11.8,19,1.217348102073534,1.3510562071706584
run-endocytosis2_baseline_zero_diffusion0000-0000,11.9,17,1.2495204121828005,1.330513649743747
run-endocytosis2_baseline_zero_diffusion0000-0001,11.9,343,1.3183091664176951,1.452818835219597
run-endocytosis2_baseline_zero_diffusion0000-0002,11.9,448,1.2949209637694568,1.4791852669661425
run-endocytosis2_baseline_zero_diffusion0000-0003,11.9,1180,1.4027031479267364,1.4985059390526105
run-endocytosis2_baseline_zero_diffusion0000-0004,11.9,311,1.0574166820982265,1.498829818557975
run-endocytosis2_baseline_zero_diffusion0000-0005,11.9,435,0.944655100447883,1.4889231091011532
run-endocytosis2_baseline_zero_diffusion0000-0006,11.9,1211,1.3614739586490365,1.5269164667026012
run-endocytosis2_baseline_zero_diffusion0000-0007,11.9,450,1.325670114215768,1.515989359889459
run-endocytosis2_baseline_zero_diffusion0000-0008,11.9,328,0.8136307386408392,1.5160201513750238
run-endocytosis2_baseline_zero_diffusion0000-0009,11.9,266,1.1196069056790587,1.5017461869318725
run-endocytosis2_baseline_zero_diffusion0000-0010,11.9,1325,1.091759845863397,1.5378476318950363
run-endocytosis2_baseline_zero_diffusion0000-0011,11.9,37,1.1946438894759113,1.263547315603747
run-endocytosis2_baseline_zero_diffusion0000-0012,11.9,817,1.053128183442977,1.526345646864012
run-endocytosis2_baseline_zero_diffusion0000-0013,11.9,682,1.366516355373611,1.5115751740168095
run-endocytosis2_baseline_zero_diffusion0000-0014,11.9,703,1.1652176491069097,1.5074104290521388
run-endocytosis2_baseline_zero_diffusion0000-0015,11.9,30,0.7278427364432772,1.346697962866192
run-endocytosis2_baseline_zero_diffusion0000-0016,11.9,238,1.2019084711675336,1.4706113386925947
run-endocytosis2_baseline_zero_diffusion0000-0017,11.9,490,1.14068486227522,1.5292614625387932
run-endocytosis2_baseline_zero_diffusion0000-0018,11.9,971,0.919575062334701,1.5387792671148723
run-endocytosis2_baseline_zero_diffusion0000-0019,11.9,1258,1.2918985367856726,1.5198087131366294
run-endocytosis2_baseline_zero_diffusion0000-0020,11.9,12,0.8650926959247072,1.0855763566147874
run-endocytosis2_baseline_zero_diffusion0000-0021,11.9,1077,1.1908408503358623,1.5403542617573387
run-endocytosis2_baseline_zero_diffusion0000-0022,11.9,1001,0.9861755806994252,1.543994729002159
run-endocytosis2_baseline_zero_diffusion0000-0023,11.9,547,1.3639635164541655,1.5414943299512496
run-endocytosis2_baseline_zero_diffusion0000-0024,11.9,107,1.0705003336095185,1.4602819062050485
run-endocytosis2_baseline_zero_diffusion0000-0025,11.9,247,0.7980177216190169,1.4855650216136427
run-endocytosis2_baseline_zero_diffusion0000-0026,11.9,7,0.022690880990453355,0.8673437838656716
run-endocytosis2_baseline_zero_diffusion0000-0027,11.9,174,0.615942332646224,1.4254045112409217
run-endocytosis2_baseline_zero_diffusion0000-0028,11.9,476,1.249883023985546,1.4981128181779895
run-endocytosis2_baseline_zero_diffusion0000-0029,11.9,1223,1.3721311748276719,1.5349425611603893
run-endocytosis2_baseline_zero_diffusion0000-0030,11.9,855,1.1684292803220575,1.5310765666725423
run-endocytosis2_baseline_zero_diffusion0000-0031,11.9,563,1.1318205790481093,1.4716570487693175
run-endocytosis2_baseline_zero_diffusion0000-0032,11.9,1164,1.4654820092243346,1.5261354370124185
run-endocytosis2_baseline_zero_diffusion0000-0033,11.9,220,1.2655348999811726,1.5076212681910013
run-endocytosis2_baseline_zero_diffusion0000-0034,11.9,56,0.7945112147764657,1.4293976743855041
run-endocytosis2_baseline_zero_diffusion0000-0035,11.9,11,1.011555013985771,1.277724651065214
run-endocytosis2_baseline_zero_diffusion0000-0037,11.9,89,0.7264716901834388,1.3792671781132437
run-endocytosis2_baseline_zero_diffusion0000-0038,11.9,84,1.2559087472755464,1.406434090509377
run-endocytosis2_baseline_zero_diffusion0000-0039,11.9,98,1.1045258074476112,1.3714855652647522
run-endocytosis2_baseline_zero_diffusion0000-0040,11.9,278,1.0921877733921035,1.4721974863803873
run-endocytosis2_baseline_zero_diffusion0000-0041,11.9,790,1.2662193261997543,1.5046416573901737
run-endocytosis2_baseline_zero_diffusion0000-0042,11.9,762,1.1468862826660895,1.4978755264072343
run-endocytosis2_baseline_zero_diffusion0000-0043,11.9,18,0.7200035521364747,1.092516339581443
run-endocytosis2_baseline_zero_diffusion0000-0044,11.9,1301,1.4569434639226293,1.506936678810137
run-endocytosis2_baseline_zero_diffusion0000-0046,11.9,188,1.4671153058551034,1.4953174568267098
run-endocytosis2_baseline_zero_diffusion0000-0047,11.9,473,0.9338235846891546,1.4965299876727003
run-endocytosis2_baseline_zero_diffusion0000-0048,11.9,595,1.2176296843924568,1.4837374537878292
run-endocytosis2_baseline_zero_diffusion0000-0049,11.9,19,1.2155273386454741,1.1052020726347849
run-endocytosis2_baseline_zero_diffusion0000-0000,12.0,17,1.2735632999260416,1.2978351173928204
run-endocytosis2_baseline_zero_diffusion0000-0001,12.0,350,1.3170245313552378,1.4743171952787684
run-endocytosis2_baseline_zero_diffusion0000-0002,12.0,458,1.2933198959301262,1.5146702044300473
run-endocytosis2_baseline_zero_diffusion0000-0003,12.0,1188,1.3775334080218,1.5408409499051596
run-endocytosis2_baseline_zero_diffusion0000-0004,12.0,325,1.0414599629494243,1.513744186996458
run-endocytosis2_baseline_zero_diffusion0000-0005,12.0,440,0.9382616844819789,1.4395196929946883
run-endocytosis2_baseline_zero_diffusion0000-0006,12.0,1230,1.3787757553790363,1.5443311993033522
run-endocytosis2_baseline_zero_diffusion0000-0007,12.0,450,1.3468348190100292,1.5142222023675254
run-endocytosis2_baseline_zero_diffusion0000-0008,12.0,328,0.7407318628516357,1.5143008529245208
run-endocytosis2_baseline_zero_diffusion0000-0009,12.0,271,1.1180156733341882,1.4934457837426198
run-endocytosis2_baseline_zero_diffusion0000-0010,12.0,1325,1.1214807528113944,1.5367568752013492
run-endocytosis2_baseline_zero_diffusion0000-0011,12.0,37,1.2422415843137649,1.4336154792713383
run-endocytosis2_baseline_zero_diffusion0000-0012,12.0,820,1.0516296746116458,1.5145832783462856
run-endocytosis2_baseline_zero_diffusion0000-0013,12.0,702,1.3611831118066144,1.5095912144828076
run-endocytosis2_baseline_zero_diffusion0000-0014,12.0,724,1.079718461623862,1.4827468136762059
run-endocytosis2_baseline_zero_diffusion0000-0015,12.0,30,0.7220419066957253,1.4353418972536551
run-endocytosis2_baseline_zero_diffusion0000-0016,12.0,243,1.205010291605315,1.5258027135008159
run-endocytosis2_baseline_zero_diffusion0000-0017,12.0,490,1.1693133836383094,1.5087392452681672
run-endocytosis2_baseline_zero_diffusion0000-0018,12.0,976,0.8973665409927151,1.5200686049987762
run-endocytosis2_baseline_zero_diffusion0000-0019,12.0,1258,1.2528676329110162,1.523776179032575
run-endocytosis2_baseline_zero_diffusion0000-0020,12.0,12,0.8727107949874063,1.2027204424567797
run-endocytosis2_baseline_zero_diffusion0000-0021,12.0,1086,1.2256359213343753,1.5255451980713945
run-endocytosis2_baseline_zero_diffusion0000-0022,12.0,946,1.006433339519902,1.513243121423135
run-endocytosis2_baseline_zero_diffusion0000-0023,12.0,551,1.3230257483309416,1.511258949379361
run-endocytosis2_baseline_zero_diffusion0000-0024,12.0,107,1.0784209495494095,1.3884356043806694
run-endocytosis2_baseline_zero_diffusion0000-0025,12.0,251,0.8750118581395278,1.4571208923979766
run-endocytosis2_baseline_zero_diffusion0000-0026,12.0,7,0.004745585869512237,0.6793107461062762
run-endocytosis2_baseline_zero_diffusion0000-0027,12.0,182,0.6686605468512431,1.3915472093057675
run-endocytosis2_baseline_zero_diffusion0000-0028,12.0,495,1.2823934201525042,1.5057328009703483
run-endocytosis2_baseline_zero_diffusion0000-0029,12.0,1231,1.3684394799582547,1.5284358898371715
run-endocytosis2_baseline_zero_diffusion0000-0030,12.0,855,1.1999771002825617,1.529725503958653
run-endocytosis2_baseline_zero_diffusion0000-0031,12.0,577,1.1335439907664464,1.5235219860936609
run-endocytosis2_baseline_zero_diffusion0000-0032,12.0,1164,1.4753203481215162,1.5443036457004577
run-endocytosis2_baseline_zero_diffusion0000-0033,12.0,220,1.307843025286023,1.4884163521924614
run-endocytosis2_baseline_zero_diffusion0000-0034,12.0,56,0.8626117143084813,1.428229907703327
run-endocytosis2_baseline_zero_diffusion0000-0035,12.0,11,0.8079069478723827,1.1981714056621695
run-endocytosis2_baseline_zero_diffusion0000-0037,12.0,89,0.7779855296371211,1.4280757330562852
run-endocytosis2_baseline_zero_diffusion0000-0038,12.0,84,1.2947631289747412,1.3972731560652625
run-endocytosis2_baseline_zero_diffusion0000-0039,12.0,98,1.14410555231892,1.451375326376029
run-endocytosis2_baseline_zero_diffusion0000-0040,12.0,283,1.1640434200661736,1.5119110130849223
run-endocytosis2_baseline_zero_diffusion0000-0041,12.0,791,1.2756450764967018,1.5273334413956714
run-endocytosis2_baseline_zero_diffusion0000-0042,12.0,762,1.1103648705372284,1.5294780404789987
run-endocytosis2_baseline_zero_diffusion0000-0043,12.0,18,0.7072725480117336,1.3427704912043503
run-endocytosis2_baseline_zero_diffusion0000-0044,12.0,1316,1.4591338041630746,1.5196717383368663
run-endocytosis2_baseline_zero_diffusion0000-0046,12.0,210,1.4424667447575634,1.4944211388149629
run-endocytosis2_baseline_zero_diffusion0000-0047,12.0,491,0.8942002386098884,1.499533528666506
run-endocytosis2_baseline_zero_diffusion0000-0048,12.0,597,1.140262261637556,1.5380030538196623
run-endocytosis2_baseline_zero_diffusion0000-0049,12.0,19,1.2281098624326363,1.1499371061455252
run-endocytosis2_baseline_zero_diffusion0000-0000,12.1,17,1.2792591540863132,1.3064315074082045
run-endocytosis2_baseline_zero_diffusion0000-0001,12.1,353,1.230714179867706,1.5173198919976065
run-endocytosis2_baseline_zero_diffusion0000-0002,12.1,472,1.2843260174003903,1.438000333440556
run-endocytosis2_baseline_zero_diffusion0000-0003,12.1,1197,1.375197599723288,1.5440725400441282
run-endocytosis2_baseline_zero_diffusion0000-0004,12.1,339,1.013844250616151,1.5009229035537575
run-endocytosis2_baseline_zero_diffusion0000-0005,12.1,441,0.9700858130463055,1.4982690072519884
run-endocytosis2_baseline_zero_diffusion0000-0006,12.1,1258,1.4350479587926643,1.5373351779571085
run-endocytosis2_baseline_zero_diffusion0000-0007,12.1,450,1.3656266374078823,1.4995260944900535
run-endocytosis2_baseline_zero_diffusion0000-0008,12.1,328,0.7623555570085115,1.4580395227634422
run-endocytosis2_baseline_zero_diffusion0000-0009,12.1,274,1.1241010254508361,1.5200338386997796
run-endocytosis2_baseline_zero_diffusion0000-0010,12.1,1331,1.1247932143855197,1.499989170904633
run-endocytosis2_baseline_zero_diffusion0000-0011,12.1,37,1.2577103438219674,1.3927108005265414
run-endocytosis2_baseline_zero_diffusion0000-0012,12.1,822,1.1232079182472061,1.5068003029048573
run-endocytosis2_baseline_zero_diffusion0000-0013,12.1,717,1.330966931487975,1.5296928720908585
run-endocytosis2_baseline_zero_diffusion0000-0014,12.1,738,1.160903986388211,1.4748114332970599
run-endocytosis2_baseline_zero_diffusion0000-0015,12.1,30,0.7322581313400001,1.3506237401754164
run-endocytosis2_baseline_zero_diffusion0000-0016,12.1,253,1.1776164870667818,1.426794401106382
run-endocytosis2_baseline_zero_diffusion0000-0017,12.1,490,1.1112000064828813,1.528819813519908
run-endocytosis2_baseline_zero_diffusion0000-0018,12.1,984,0.8673212381866313,1.516033009580196
run-endocytosis2_baseline_zero_diffusion0000-0019,12.1,1265,1.2815429349987004,1.528477944212876
run-endocytosis2_baseline_zero_diffusion0000-0020,12.1,12,0.8544972913730082,1.349684077588576
run-endocytosis2_baseline_zero_diffusion0000-0021,12.1,1092,1.2482012475256594,1.5190284801359095
run-endocytosis2_baseline_zero_diffusion0000-0022,12.1,952,0.9867067456982205,1.5328386887490657
run-endocytosis2_baseline_zero_diffusion0000-0023,12.1,551,1.3418101242779152,1.5124487292139177
run-endocytosis2_baseline_zero_diffusion0000-0024,12.1,107,1.2111827587455046,1.4439974401427236
run-endocytosis2_baseline_zero_diffusion0000-0025,12.1,253,0.788011290200475,1.5030235828928267
run-endocytosis2_baseline_zero_diffusion0000-0026,12.1,7,0.022141970067133254,1.2385596340640594
run-endocytosis2_baseline_zero_diffusion0000-0027,12.1,187,0.5960879168387737,1.4390610154761914
run-endocytosis2_baseline_zero_diffusion0000-0028,12.1,512,1.2518280357128548,1.5304948089176431
run-endocytosis2_baseline_zero_diffusion0000-0029,12.1,1236,1.4002209337243365,1.5361035718810478
run-endocytosis2_baseline_zero_diffusion0000-0030,12.1,855,1.212165741527377,1.5303923968166502
run-endocytosis2_baseline_zero_diffusion0000-0031,12.1,589,1.1151432458323514,1.5287221811968383
run-endocytosis2_baseline_zero_diffusion0000-0032,12.1,1169,1.4497882332909993,1.5284234934218353
run-endocytosis2_baseline_zero_diffusion0000-0033,12.1,220,1.1892241194001612,1.4452991326604274
run-endocytosis2_baseline_zero_diffusion0000-0034,12.1,56,0.7906422719627307,1.3987449816148696
run-endocytosis2_baseline_zero_diffusion0000-0035,12.1,11,0.8196895123710098,1.038972286968169
run-endocytosis2_baseline_zero_diffusion0000-0037,12.1,95,0.727552649039785,1.408047403876236
run-endocytosis2_baseline_zero_diffusion0000-0038,12.1,84,1.3332369134218225,1.498733225979794
run-endocytosis2_baseline_zero_diffusion0000-0039,12.1,98,1.127914823390722,1.436910065514083
run-endocytosis2_baseline_zero_diffusion0000-0040,12.1,287,1.1185399304959465,1.447548496955462
run-endocytosis2_baseline_zero_diffusion0000-0041,12.1,793,1.3121326442046426,1.4801907483725663
run-endocytosis2_baseline_zero_diffusion0000-0042,12.1,762,1.1439487440421683,1.4717507344977332
run-endocytosis2_baseline_zero_diffusion0000-0043,12.1,18,0.6993990446981188,0.8794122176248846
run-endocytosis2_baseline_zero_diffusion0000-0044,12.1,1330,1.393560466366243,1.5529802576427123
run-endocytosis2_baseline_zero_diffusion0000-0046,12.1,229,1.356476734953156,1.519337063234252
run-endocytosis2_baseline_zero_diffusion0000-0047,12.1,512,0.8584248760606391,1.5175319886569036
run-endocytosis2_baseline_zero_diffusion0000-0048,12.1,607,1.1615194932927717,1.5285167235986463
run-endocytosis2_baseline_zero_diffusion0000-0049,12.1,19,1.2291131273681946,1.1916530746871854
run-endocytosis2_baseline_zero_diffusion0000-0000,12.2,17,1.2897905650954486,1.3296659633794792
run-endocytosis2_baseline_zero_diffusion0000-0001,12.2,359,1.2619009342621266,1.4914006743704011
run-endocytosis2_baseline_zero_diffusion0000-0002,12.2,494,1.2696328312421459,1.4700004703934746
run-endocytosis2_baseline_zero_diffusion0000-0003,12.2,1208,1.4007963220038688,1.522598064401686
run-endocytosis2_baseline_zero_diffusion0000-0004,12.2,354,0.9701306121923244,1.4568042925628286
run-endocytosis2_baseline_zero_diffusion0000-0005,12.2,443,0.9869419184633447,1.4458639496488834
run-endocytosis2_baseline_zero_diffusion0000-0006,12.2,1274,1.3964555909748155,1.510141455398066
run-endocytosis2_baseline_zero_diffusion0000-0007,12.2,450,1.3077397627951353,1.4726656549966881
run-endocytosis2_baseline_zero_diffusion0000-0008,12.2,328,0.7753576387257437,1.4943379044035736
run-endocytosis2_baseline_zero_diffusion0000-0009,12.2,274,1.1764826804660062,1.4686749845528488
run-endocytosis2_baseline_zero_diffusion0000-0010,12.2,1331,1.1542719996816064,1.5417490269902743
run-endocytosis2_baseline_zero_diffusion0000-0011,12.2,37,1.2354627237665063,1.4015851103105181
run-endocytosis2_baseline_zero_diffusion0000-0012,12.2,828,1.1204164398227765,1.5376544950121116
run-endocytosis2_baseline_zero_diffusion0000-0013,12.2,728,1.3637389725545521,1.4544465369773152
run-endocytosis2_baseline_zero_diffusion0000-0014,12.2,757,1.1375795919716654,1.529532380426559
run-endocytosis2_baseline_zero_diffusion0000-0015,12.2,30,0.7580686775898172,1.282387934078086
run-endocytosis2_baseline_zero_diffusion0000-0016,12.2,265,1.1972928180795221,1.5019437489126501
run-endocytosis2_baseline_zero_diffusion0000-0017,12.2,492,1.1448728530711179,1.5063137769351294
run-endocytosis2_baseline_zero_diffusion0000-0018,12.2,989,0.9310058057513958,1.5268910137893565
run-endocytosis2_baseline_zero_diffusion0000-0019,12.2,1275,1.2638203107783197,1.5326112937157788
run-endocytosis2_baseline_zero_diffusion0000-0020,12.2,12,0.8470244891874081,1.1432349105694595
run-endocytosis2_baseline_zero_diffusion0000-0021,12.2,1097,1.2279702793971283,1.5247336132525318
run-endocytosis2_baseline_zero_diffusion0000-0022,12.2,957,1.0103191910112235,1.5109688481722094
run-endocytosis2_baseline_zero_diffusion0000-0023,12.2,551,1.3615157037322905,1.477033476006077
run-endocytosis2_baseline_zero_diffusion0000-0024,12.2,107,1.2114308289728424,1.4447027375712314
run-endocytosis2_baseline_zero_diffusion0000-0025,12.2,259,0.8483917719403806,1.5107576402350962
run-endocytosis2_baseline_zero_diffusion0000-0026,12.2,7,0.012112256123411935,0.939021262397585
run-endocytosis2_baseline_zero_diffusion0000-0027,12.2,197,0.5771349610008659,1.5075401281309098
run-endocytosis2_baseline_zero_diffusion0000-0028,12.2,528,1.1989372125468485,1.491995812953141
run-endocytosis2_baseline_zero_diffusion0000-0029,12.2,1243,1.3799006080952374,1.5138270236811693
run-endocytosis2_baseline_zero_diffusion0000-0030,12.2,858,1.1782903081823197,1.5433394542231382
run-endocytosis2_baseline_zero_diffusion0000-0031,12.2,597,1.1030574292701527,1.5154402954366561
run-endocytosis2_baseline_zero_diffusion0000-0032,12.2,1181,1.4170987867124503,1.5241873853875185
run-endocytosis2_baseline_zero_diffusion0000-0033,12.2,220,1.1811332897320659,1.4750867286548535
run-endocytosis2_baseline_zero_diffusion0000-0034,12.2,56,0.8294385637961634,1.4222407329372349
run-endocytosis2_baseline_zero_diffusion0000-0037,12.2,100,0.6927758050001903,1.4852163486182408
run-endocytosis2_baseline_zero_diffusion0000-0038,12.2,84,1.269664608183098,1.4207379733433683
run-endocytosis2_baseline_zero_diffusion0000-0039,12.2,98,1.1578541779690625,1.4534861050471477
run-endocytosis2_baseline_zero_diffusion0000-0040,12.2,293,1.0487810071687904,1.4818460294293325
run-endocytosis2_baseline_zero_diffusion0000-0041,12.2,798,1.3446530582303993,1.5286929043949256
run-endocytosis2_baseline_zero_diffusion0000-0042,12.2,762,1.1378663734946661,1.5351850921575145
run-endocytosis2_baseline_zero_diffusion0000-0043,12.2,18,0.6950157850567635,1.3545521033602312
run-endocytosis2_baseline_zero_diffusion0000-0044,12.2,1344,1.400343172972381,1.506591078246266
run-endocytosis2_baseline_zero_diffusion0000-0046,12.2,237,1.350738765297634,1.4822408712065505
run-endocytosis2_baseline_zero_diffusion0000-0047,12.2,537,0.8316270558649697,1.4488604217671914
run-endocytosis2_baseline_zero_diffusion0000-0048,12.2,617,1.1750881808819746,1.5145783583496184
run-endocytosis2_baseline_zero_diffusion0000-0049,12.2,19,1.2347636612786235,1.1859023921888934
run-endocytosis2_baseline_zero_diffusion0000-0000,12.3,17,1.2908001513725287,1.1963323738837255
run-endocytosis2_baseline_zero_diffusion0000-0001,12.3,364,1.285735734089226,1.5235057573090156
run-endocytosis2_baseline_zero_diffusion0000-0002,12.3,506,1.2398145152517943,1.4973614136136237
run-endocytosis2_baseline_zero_diffusion0000-0003,12.3,1218,1.4247599432275617,1.5384451900457774
run-endocytosis2_baseline_zero_diffusion0000-0004,12.3,365,1.0146998793465807,1.5016361017607838
run-endocytosis2_baseline_zero_diffusion0000-0005,12.3,443,1.0306739892520675,1.5237305770317358
run-endocytosis2_baseline_zero_diffusion0000-0006,12.3,1305,1.3812989055432099,1.5395568133432673
run-endocytosis2_baseline_zero_diffusion0000-0007,12.3,452,1.2830572273491214,1.4803141736123597
run-endocytosis2_baseline_zero_diffusion0000-0008,12.3,328,0.7617290283823415,1.4377592171728357
run-endocytosis2_baseline_zero_diffusion0000-0009,12.3,274,1.348515864995969,1.4838765387539006
run-endocytosis2_baseline_zero_diffusion0000-0010,12.3,1331,1.1483988989723266,1.5265097247117885
run-endocytosis2_baseline_zero_diffusion0000-0011,12.3,37,1.247763998494022,0.9839495674943688
run-endocytosis2_baseline_zero_diffusion0000-0012,12.3,838,1.075847566005694,1.5211559088442859
run-endocytosis2_baseline_zero_diffusion0000-0013,12.3,733,1.3443896041206518,1.5168119479614182
run-endocytosis2_baseline_zero_diffusion0000-0014,12.3,765,1.243643918367893,1.5198938013871588
run-endocytosis2_baseline_zero_diffusion0000-0015,12.3,30,0.7445343891492874,1.1849830328498767
run-endocytosis2_baseline_zero_diffusion0000-0016,12.3,272,1.2485592710606177,1.4774950684437336
run-endocytosis2_baseline_zero_diffusion0000-0017,12.3,492,1.1498970222101637,1.5140954317483264
run-endocytosis2_baseline_zero_diffusion0000-0018,12.3,999,0.9688237385732095,1.4995852777238299
run-endocytosis2_baseline_zero_diffusion0000-0019,12.3,1290,1.2516720416654898,1.5293555950968665
run-endocytosis2_baseline_zero_diffusion0000-0020,12.3,12,0.8600988021580408,1.2067593670384693
run-endocytosis2_baseline_zero_diffusion0000-0021,12.3,1102,1.2466755595503356,1.5285035161309504
run-endocytosis2_baseline_zero_diffusion0000-0022,12.3,963,0.9824057766243316,1.5342046446878963
run-endocytosis2_baseline_zero_diffusion0000-0023,12.3,551,1.377181674015759,1.5069817853148033
run-endocytosis2_baseline_zero_diffusion0000-0024,12.3,107,1.2295533010837185,1.4328900449394697
run-endocytosis2_baseline_zero_diffusion0000-0025,12.3,276,0.8507905817924284,1.5090437173755946
run-endocytosis2_baseline_zero_diffusion0000-0026,12.3,7,0.007613435992049,0.6435290672175425
run-endocytosis2_baseline_zero_diffusion0000-0027,12.3,205,0.5596673944814647,1.4788466652313677
run-endocytosis2_baseline_zero_diffusion0000-0028,12.3,547,1.2130950340800322,1.5341380816297883
run-endocytosis2_baseline_zero_diffusion0000-0029,12.3,1247,1.3944210179435286,1.5336394857471671
run-endocytosis2_baseline_zero_diffusion0000-0030,12.3,871,1.2384888900679056,1.4826438150373236
run-endocytosis2_baseline_zero_diffusion0000-0031,12.3,609,1.0571246594933867,1.5230866610288727
run-endocytosis2_baseline_zero_diffusion0000-0032,12.3,1188,1.4204358354831366,1.5064255335794932
run-endocytosis2_baseline_zero_diffusion0000-0033,12.3,220,1.2233846602588276,1.466307305488513
run-endocytosis2_baseline_zero_diffusion0000-0034,12.3,56,0.8173569665813234,1.3442606363683962
run-endocytosis2_baseline_zero_diffusion0000-0035,12.3,7,0.3917697237764639,1.2368428733474608
run-endocytosis2_baseline_zero_diffusion0000-0037,12.3,105,0.6929355347140395,1.3904951203766214
run-endocytosis2_baseline_zero_diffusion0000-0038,12.3,84,1.2226338124735794,1.4083464474282206
run-endocytosis2_baseline_zero_diffusion0000-0039,12.3,98,1.0894406384512436,1.4325352024625437
run-endocytosis2_baseline_zero_diffusion0000-0040,12.3,296,1.0918692317419245,1.4115450646176961
run-endocytosis2_baseline_zero_diffusion0000-0041,12.3,802,1.3113121712585452,1.5283479973513572
run-endocytosis2_baseline_zero_diffusion0000-0042,12.3,766,1.1673493498560987,1.5083498992690965
run-endocytosis2_baseline_zero_diffusion0000-0043,12.3,18,0.732401163378802,1.3310077184935531
run-endocytosis2_baseline_zero_diffusion0000-0044,12.3,1323,1.3511347401650686,1.5356026448591484
run-endocytosis2_baseline_zero_diffusion0000-0046,12.3,239,1.3429397330110138,1.467727629607706
run-endocytosis2_baseline_zero_diffusion0000-0047,12.3,569,0.8717696707142066,1.5084056447204806
run-endocytosis2_baseline_zero_diffusion0000-0048,12.3,628,1.1168406115631573,1.5295771286805713
run-endocytosis2_baseline_zero_diffusion0000-0049,12.3,19,1.220186352923542,1.333715195785633
run-endocytosis2_baseline_zero_diffusion0000-0000,12.4,17,1.2893315695100847,1.0817572419702524
run-endocytosis2_baseline_zero_diffusion0000-0001,12.4,377,1.1873383178975039,1.507624247205551
run-endocytosis2_baseline_zero_diffusion0000-0002,12.4,522,1.238696930139933,1.513931471055896
run-endocytosis2_baseline_zero_diffusion0000-0003,12.4,1225,1.4029429763914167,1.4998115139191344
run-endocytosis2_baseline_zero_diffusion0000-0004,12.4,373,1.0242694564465262,1.500857913984694
run-endocytosis2_baseline_zero_diffusion0000-0005,12.4,443,0.9976633952850797,1.4816174128253945
run-endocytosis2_baseline_zero_diffusion0000-0006,12.4,1320,1.3682890055236148,1.5004460363187946
run-endocytosis2_baseline_zero_diffusion0000-0007,12.4,452,1.3324134832531254,1.508658331268256
run-endocytosis2_baseline_zero_diffusion0000-0008,12.4,328,0.7593614863682064,1.512633647303613
run-endocytosis2_baseline_zero_diffusion0000-0009,12.4,277,1.2710425080292818,1.4860100247044787
run-endocytosis2_baseline_zero_diffusion0000-0010,12.4,1331,1.1686280607549548,1.5276663436105995
run-endocytosis2_baseline_zero_diffusion0000-0011,12.4,37,1.2650647540474724,1.2349013557535757
run-endocytosis2_baseline_zero_diffusion0000-0012,12.4,835,1.1018945112923786,1.5296686786879203
run-endocytosis2_baseline_zero_diffusion0000-0013,12.4,741,1.328642684605679,1.501994800727825
run-endocytosis2_baseline_zero_diffusion0000-0014,12.4,765,1.2825775048486652,1.4890511810529439
run-endocytosis2_baseline_zero_diffusion0000-0015,12.4,30,0.7390670316680852,1.370092194968069
run-endocytosis2_baseline_zero_diffusion0000-0016,12.4,273,1.284209175303454,1.321165328537331
run-endocytosis2_baseline_zero_diffusion0000-0017,12.4,492,1.162758757360254,1.5087002196168355
run-endocytosis2_baseline_zero_diffusion0000-0018,12.4,1012,0.9546325620406046,1.5427875771001758
run-endocytosis2_baseline_zero_diffusion0000-0019,12.4,1297,1.2258355661421636,1.5417830184258374
run-endocytosis2_baseline_zero_diffusion0000-0020,12.4,12,0.836340078832205,1.2736378131736372
run-endocytosis2_baseline_zero_diffusion0000-0021,12.4,1118,1.2643720216668322,1.529813767429583
run-endocytosis2_baseline_zero_diffusion0000-0022,12.4,1001,0.9817262380289329,1.5171806402919428
run-endocytosis2_baseline_zero_diffusion0000-0023,12.4,551,1.3746072283984467,1.5348775208406236
run-endocytosis2_baseline_zero_diffusion0000-0024,12.4,107,1.2610680123570128,1.4699574430469624
run-endocytosis2_baseline_zero_diffusion0000-0025,12.4,293,0.8067325497407037,1.472630093454219
run-endocytosis2_baseline_zero_diffusion0000-0026,12.4,7,0.011426251862329817,0.3233294118049588
run-endocytosis2_baseline_zero_diffusion0000-0027,12.4,207,0.5501097451028747,1.502883192524893
run-endocytosis2_baseline_zero_diffusion0000-0028,12.4,558,1.1937885250537401,1.507635417451878
run-endocytosis2_baseline_zero_diffusion0000-0029,12.4,1249,1.3875946095633611,1.5423882044381623
run-endocytosis2_baseline_zero_diffusion0000-0030,12.4,886,1.2826499451420528,1.5438716413482019
run-endocytosis2_baseline_zero_diffusion0000-0031,12.4,617,1.0858847800601057,1.5193789803800117
run-endocytosis2_baseline_zero_diffusion0000-0032,12.4,1193,1.433704165289577,1.5283298036711972
run-endocytosis2_baseline_zero_diffusion0000-0033,12.4,220,1.2593443228119996,1.439997198420249
run-endocytosis2_baseline_zero_diffusion0000-0034,12.4,56,0.8248654698943886,1.4511027344696024
run-endocytosis2_baseline_zero_diffusion0000-0035,12.4,7,0.40187464715539845,1.0971988059049405
run-endocytosis2_baseline_zero_diffusion0000-0037,12.4,114,0.6480184501554237,1.3556838852682787
run-endocytosis2_baseline_zero_diffusion0000-0038,12.4,84,1.230282228596772,1.3736725476249634
run-endocytosis2_baseline_zero_diffusion0000-0039,12.4,98,1.0637387156525586,1.3606596302632725
run-endocytosis2_baseline_zero_diffusion0000-0040,12.4,299,1.0856694957974873,1.4674385491864805
run-endocytosis2_baseline_zero_diffusion0000-0041,12.4,802,1.3494229539637592,1.5371154133876506
run-endocytosis2_baseline_zero_diffusion0000-0042,12.4,770,1.0712745898151177,1.5013803416681322
run-endocytosis2_baseline_zero_diffusion0000-0043,12.4,18,0.7053225493688896,1.2463324564101683
run-endocytosis2_baseline_zero_diffusion0000-0044,12.4,1336,1.3852539871287486,1.549356851321543
run-endocytosis2_baseline_zero_diffusion0000-0046,12.4,239,1.3712843731106596,1.4810878373290877
run-endocytosis2_baseline_zero_diffusion0000-0047,12.4,599,0.8847274180829905,1.5143654241222866
run-endocytosis2_baseline_zero_diffusion0000-0048,12.4,643,1.1157874180085399,1.4929027901749592
run-endocytosis2_baseline_zero_diffusion0000-0049,12.4,19,1.2233400092413762,1.3837651446599746
run-endocytosis2_baseline_zero_diffusion0000-0000,12.5,17,1.285278659728421,0.9968967364918876
run-endocytosis2_baseline_zero_diffusion0000-0001,12.5,381,1.2447031503863366,1.4847571843053649
run-endocytosis2_baseline_zero_diffusion0000-0002,12.5,556,1.242315233442314,1.5054855363969524
run-endocytosis2_baseline_zero_diffusion0000-0003,12.5,1228,1.3885314884894804,1.538899640713621
run-endocytosis2_baseline_zero_diffusion0000-0004,12.5,383,1.068538220216651,1.4748330582304923
run-endocytosis2_baseline_zero_diffusion0000-0005,12.5,449,1.0480893980602377,1.4730881216398595
run-endocytosis2_baseline_zero_diffusion0000-0006,12.5,1327,1.3826571344583263,1.5368537549267163
run-endocytosis2_baseline_zero_diffusion0000-0007,12.5,452,1.3379344929612877,1.4833285782782177
run-endocytosis2_baseline_zero_diffusion0000-0008,12.5,328,0.7769213924971763,1.4773559691383498
run-endocytosis2_baseline_zero_diffusion0000-0009,12.5,282,1.2240307329567173,1.5078581345976616
run-endocytosis2_baseline_zero_diffusion0000-0010,12.5,1331,1.1706436410138052,1.5281265767669068
run-endocytosis2_baseline_zero_diffusion0000-0011,12.5,37,1.2506835855466325,1.4643987056970438
run-endocytosis2_baseline_zero_diffusion0000-0012,12.5,835,1.0390421206266622,1.5173722956618398
run-endocytosis2_baseline_zero_diffusion0000-0013,12.5,751,1.3518261532886853,1.52499845961294
run-endocytosis2_baseline_zero_diffusion0000-0014,12.5,538,1.0262184554451572,1.5020633955616691
run-endocytosis2_baseline_zero_diffusion0000-0015,12.5,30,0.7235894982185396,1.2701175124432842
run-endocytosis2_baseline_zero_diffusion0000-0016,12.5,278,1.2697713768849628,1.461846155584278
run-endocytosis2_baseline_zero_diffusion0000-0017,12.5,492,1.1715139379425539,1.5005956049229205
run-endocytosis2_baseline_zero_diffusion0000-0018,12.5,1034,0.9463968840995719,1.5420283914081603
run-endocytosis2_baseline_zero_diffusion0000-0019,12.5,1297,1.311703415268815,1.5420794715852335
run-endocytosis2_baseline_zero_diffusion0000-0020,12.5,12,0.8498819109638692,1.1875236610999107
run-endocytosis2_baseline_zero_diffusion0000-0021,12.5,1132,1.300036988638554,1.5474188141078435
run-endocytosis2_baseline_zero_diffusion0000-0022,12.5,1008,0.9863237589242272,1.5348918324545031
run-endocytosis2_baseline_zero_diffusion0000-0023,12.5,551,1.4056573185026098,1.4816714434061655
run-endocytosis2_baseline_zero_diffusion0000-0024,12.5,107,1.1827237707650753,1.3500485502678317
run-endocytosis2_baseline_zero_diffusion0000-0025,12.5,315,0.7854865034639302,1.5041349077904007
run-endocytosis2_baseline_zero_diffusion0000-0026,12.5,7,0.022373562313750872,1.2280654438984209
run-endocytosis2_baseline_zero_diffusion0000-0027,12.5,207,0.5748680193927554,1.4631827958509875
run-endocytosis2_baseline_zero_diffusion0000-0028,12.5,561,1.2306828843819066,1.4906484027864368
run-endocytosis2_baseline_zero_diffusion0000-0029,12.5,1266,1.3508903357905462,1.5244004911157327
run-endocytosis2_baseline_zero_diffusion0000-0030,12.5,895,1.2791650418366314,1.515247339000362
run-endocytosis2_baseline_zero_diffusion0000-0031,12.5,627,1.0778879049659695,1.52455533730931
run-endocytosis2_baseline_zero_diffusion0000-0032,12.5,1208,1.4292121468291792,1.511368930435333
run-endocytosis2_baseline_zero_diffusion0000-0033,12.5,220,1.1695233969038605,1.4365540299422377
run-endocytosis2_baseline_zero_diffusion0000-0034,12.5,56,0.81335140002525,1.4308953667986661
run-endocytosis2_baseline_zero_diffusion0000-0035,12.5,7,0.3706423781885777,0.8918088004305086
run-endocytosis2_baseline_zero_diffusion0000-0037,12.5,120,0.6941605982164444,1.482342492759602
run-endocytosis2_baseline_zero_diffusion0000-0038,12.5,84,1.2101713338754212,1.4506604850154625
run-endocytosis2_baseline_zero_diffusion0000-0039,12.5,98,1.1094508523110886,1.4184711619423884
run-endocytosis2_baseline_zero_diffusion0000-0040,12.5,301,1.08258417021607,1.457349589084184
run-endocytosis2_baseline_zero_diffusion0000-0041,12.5,811,1.2811434055491628,1.5321714546748646
run-endocytosis2_baseline_zero_diffusion0000-0042,12.5,778,1.124370983298225,1.5366156522160603
run-endocytosis2_baseline_zero_diffusion0000-0043,12.5,18,0.7033493013958114,1.2373705562880473
run-endocytosis2_baseline_zero_diffusion0000-0044,12.5,1336,1.3756364418416438,1.5450801458465977
run-endocytosis2_baseline_zero_diffusion0000-0046,12.5,246,1.361532098772777,1.493796043222289
run-endocytosis2_baseline_zero_diffusion0000-0047,12.5,616,0.8777475791372322,1.5163058753948948
run-endocytosis2_baseline_zero_diffusion0000-0048,12.5,647,1.1033303662707683,1.5319672650570364
run-endocytosis2_baseline_zero_diffusion0000-0049,12.5,19,1.2222575006617145,1.2672373567896609
run-endocytosis2_baseline_zero_diffusion0000-0000,12.6,17,1.3085555468393983,1.1732912694589335
run-endocytosis2_baseline_zero_diffusion0000-0001,12.6,388,1.1902443512019147,1.4702394554446305
run-endocytosis2_baseline_zero_diffusion0000-0002,12.6,587,1.2353131781604354,1.5183511607358051
run-endocytosis2_baseline_zero_diffusion0000-0003,12.6,1232,1.3787231489426464,1.529789856993064
run-endocytosis2_baseline_zero_diffusion0000-0004,12.6,390,1.0180022110558096,1.474416658735822
run-endocytosis2_baseline_zero_diffusion0000-0005,12.6,454,1.0157229254722837,1.4986675893486774
run-endocytosis2_baseline_zero_diffusion0000-0006,12.6,1332,1.3928554771079587,1.534654626931937
run-endocytosis2_baseline_zero_diffusion0000-0007,12.6,456,1.3234815081962135,1.5294409944474185
run-endocytosis2_baseline_zero_diffusion0000-0008,12.6,331,0.8358805047462523,1.5180899847722042
run-endocytosis2_baseline_zero_diffusion0000-0009,12.6,287,1.0964397600680797,1.499913321412969
run-endocytosis2_baseline_zero_diffusion0000-0010,12.6,1331,1.1378818624747682,1.5169031448368995
run-endocytosis2_baseline_zero_diffusion0000-0011,12.6,37,1.2527889017791822,1.2980776894758486
run-endocytosis2_baseline_zero_diffusion0000-0012,12.6,847,1.0195349928099589,1.5384406437357698
run-endocytosis2_baseline_zero_diffusion0000-0013,12.6,760,1.3889561776224968,1.4851131407596576
run-endocytosis2_baseline_zero_diffusion0000-0014,12.6,552,1.0566263397047684,1.5221647572974715
run-endocytosis2_baseline_zero_diffusion0000-0015,12.6,30,0.7472014745133647,1.306545278384753
run-endocytosis2_baseline_zero_diffusion0000-0016,12.6,283,1.3138627431594614,1.4928910758802945
run-endocytosis2_baseline_zero_diffusion0000-0017,12.6,498,1.1752458418380798,1.4894297011723854
run-endocytosis2_baseline_zero_diffusion0000-0018,12.6,1056,0.9192182397479125,1.5064773417124329
run-endocytosis2_baseline_zero_diffusion0000-0019,12.6,1304,1.3034422879546281,1.5474036243279776
run-endocytosis2_baseline_zero_diffusion0000-0020,12.6,12,0.8287427356394271,1.0427551134571869
run-endocytosis2_baseline_zero_diffusion0000-0021,12.6,1146,1.3001139159002288,1.5295170410088506
run-endocytosis2_baseline_zero_diffusion0000-0022,12.6,1019,1.03296213473679,1.5408162175261342
run-endocytosis2_baseline_zero_diffusion0000-0023,12.6,551,1.4040163273691955,1.4969709612753368
run-endocytosis2_baseline_zero_diffusion0000-0024,12.6,107,1.205946737125658,1.4532329245602067
run-endocytosis2_baseline_zero_diffusion0000-0025,12.6,334,0.9103099182129543,1.4324633468240655
run-endocytosis2_baseline_zero_diffusion0000-0026,12.6,7,-0.006525918037676659,0.8667228179054659
run-endocytosis2_baseline_zero_diffusion0000-0027,12.6,207,0.5153130221997215,1.506469316257474
run-endocytosis2_baseline_zero_diffusion0000-0028,12.6,561,1.1880045630777882,1.5037373713864737
run-endocytosis2_baseline_zero_diffusion0000-0029,12.6,1278,1.3522489579952337,1.5132713191798264
run-endocytosis2_baseline_zero_diffusion0000-0030,12.6,898,1.2715320089392146,1.5284055444759288
run-endocytosis2_baseline_zero_diffusion0000-0031,12.6,634,1.1115770449689244,1.4816601575147355
run-endocytosis2_baseline_zero_diffusion0000-0032,12.6,1229,1.4435296116695124,1.5140474710592988
run-endocytosis2_baseline_zero_diffusion0000-0033,12.6,220,1.1707256908636887,1.4877390664644135
run-endocytosis2_baseline_zero_diffusion0000-0034,12.6,56,0.8228587726742144,1.4484779553207447
run-endocytosis2_baseline_zero_diffusion0000-0035,12.6,7,0.24658151428133657,1.1044052119980465
run-endocytosis2_baseline_zero_diffusion0000-0037,12.6,120,0.7359490982179366,1.3802984238156553
run-endocytosis2_baseline_zero_diffusion0000-0038,12.6,91,1.2165195210575526,1.3592396019886084
run-endocytosis2_baseline_zero_diffusion0000-0039,12.6,98,1.0103156949657397,1.4782596450277028
run-endocytosis2_baseline_zero_diffusion0000-0040,12.6,306,1.0533382216658351,1.5125994196880908
run-endocytosis2_baseline_zero_diffusion0000-0041,12.6,819,1.267100175540995,1.520187113269318
run-endocytosis2_baseline_zero_diffusion0000-0042,12.6,785,1.148541565824353,1.540643217915826
run-endocytosis2_baseline_zero_diffusion0000-0043,12.6,18,0.6927349999927995,1.2649189745383982
run-endocytosis2_baseline_zero_diffusion0000-0044,12.6,1346,1.3772690782259995,1.5418154270263884
run-endocytosis2_baseline_zero_diffusion0000-0046,12.6,249,1.3687966971414942,1.4351055953001208
run-endocytosis2_baseline_zero_diffusion0000-0047,12.6,635,0.9183359376453778,1.5220804957712313
run-endocytosis2_baseline_zero_diffusion0000-0048,12.6,663,1.1634142305232396,1.53161395231276
run-endocytosis2_baseline_zero_diffusion0000-0049,12.6,19,1.2285761720255102,1.2224165664703301
run-endocytosis2_baseline_zero_diffusion0000-0000,12.7,17,1.3115283753277065,1.3030968382022348
run-endocytosis2_baseline_zero_diffusion0000-0001,12.7,388,1.2517551588896567,1.4737403572147143
run-endocytosis2_baseline_zero_diffusion0000-0002,12.7,598,1.2234310927412075,1.486470616093112
run-endocytosis2_baseline_zero_diffusion0000-0003,12.7,1240,1.4208468823167106,1.5451041617514345
run-endocytosis2_baseline_zero_diffusion0000-0004,12.7,398,1.0621835112132394,1.4740178347017434
run-endocytosis2_baseline_zero_diffusion0000-0005,12.7,458,1.0157315146771322,1.5246368306333675
run-endocytosis2_baseline_zero_diffusion0000-0006,12.7,1349,1.3781231899262432,1.5216901414025057
run-endocytosis2_baseline_zero_diffusion0000-0007,12.7,461,1.3242339629463213,1.5015374567326345
run-endocytosis2_baseline_zero_diffusion0000-0008,12.7,333,0.7640308178956525,1.5084295413174658
run-endocytosis2_baseline_zero_diffusion0000-0009,12.7,294,0.9702411655709043,1.5028078392909134
run-endocytosis2_baseline_zero_diffusion0000-0010,12.7,1336,1.1665642544946278,1.5485777003701808
run-endocytosis2_baseline_zero_diffusion0000-0011,12.7,37,1.2482204024548287,1.2910480738275172
run-endocytosis2_baseline_zero_diffusion0000-0012,12.7,862,1.0478299646300324,1.5247640717286262
run-endocytosis2_baseline_zero_diffusion0000-0013,12.7,769,1.4115519880018514,1.530798479738247
run-endocytosis2_baseline_zero_diffusion0000-0014,12.7,557,0.9919998185012596,1.5205346412477962
run-endocytosis2_baseline_zero_diffusion0000-0015,12.7,30,0.7573549503697263,1.3978221521018706
run-endocytosis2_baseline_zero_diffusion0000-0016,12.7,292,1.2973813560763052,1.5203145525155726
run-endocytosis2_baseline_zero_diffusion0000-0017,12.7,503,1.142857116891199,1.512772886635661
run-endocytosis2_baseline_zero_diffusion0000-0018,12.7,1075,0.8959643895586278,1.5394095712361393
run-endocytosis2_baseline_zero_diffusion0000-0019,12.7,1320,1.339951956267245,1.5339104679798583
run-endocytosis2_baseline_zero_diffusion0000-0020,12.7,12,0.8343239044160828,1.1221463092767774
run-endocytosis2_baseline_zero_diffusion0000-0021,12.7,1156,1.3016958671443695,1.5053566225334445
run-endocytosis2_baseline_zero_diffusion0000-0022,12.7,1034,1.018832683472036,1.5266749455905395
run-endocytosis2_baseline_zero_diffusion0000-0023,12.7,551,1.3561436693513491,1.5082396292441855
run-endocytosis2_baseline_zero_diffusion0000-0024,12.7,107,1.1836231707522318,1.4939681639129052
run-endocytosis2_baseline_zero_diffusion0000-0025,12.7,342,0.9192631157958784,1.5104210060642478
run-endocytosis2_baseline_zero_diffusion0000-0026,12.7,7,-0.00898205800107399,1.1322257408107674
run-endocytosis2_baseline_zero_diffusion0000-0027,12.7,207,0.48741534867185776,1.5011619116711903
run-endocytosis2_baseline_zero_diffusion0000-0028,12.7,561,1.1905744014680069,1.532974894287633
run-endocytosis2_baseline_zero_diffusion0000-0029,12.7,1287,1.308187968491581,1.5225076702793146
run-endocytosis2_baseline_zero_diffusion0000-0030,12.7,898,1.269690858306994,1.5421209219681482
run-endocytosis2_baseline_zero_diffusion0000-0031,12.7,645,1.036906510622852,1.5005236265489308
run-endocytosis2_baseline_zero_diffusion0000-0032,12.7,1233,1.339970185781614,1.5174197928164843
run-endocytosis2_baseline_zero_diffusion0000-0033,12.7,220,1.2502858401899926,1.477617086297694
run-endocytosis2_baseline_zero_diffusion0000-0034,12.7,33,1.1825266913890058,1.156722485152643
run-endocytosis2_baseline_zero_diffusion0000-0035,12.7,7,0.24490804745115935,1.0877620255402287
run-endocytosis2_baseline_zero_diffusion0000-0037,12.7,120,0.7331574322502866,1.4590833388991038
run-endocytosis2_baseline_zero_diffusion0000-0038,12.7,96,1.2386007357348197,1.4039846316185063
run-endocytosis2_baseline_zero_diffusion0000-0039,12.7,98,1.0877756879718834,1.457315381176105
run-endocytosis2_baseline_zero_diffusion0000-0040,12.7,314,1.0696236801397323,1.532017546024714
run-endocytosis2_baseline_zero_diffusion0000-0041,12.7,828,1.3327761068115511,1.5138667698022574
run-endocytosis2_baseline_zero_diffusion0000-0042,12.7,790,1.0413268043840724,1.5420613806557726
run-endocytosis2_baseline_zero_diffusion0000-0043,12.7,18,0.6928100114799411,1.34443398317625
run-endocytosis2_baseline_zero_diffusion0000-0044,12.7,1350,1.3759312861551434,1.5278875183571936
run-endocytosis2_baseline_zero_diffusion0000-0046,12.7,249,1.346732995087667,1.489634452829841
run-endocytosis2_baseline_zero_diffusion0000-0047,12.7,654,0.9572834754512384,1.536556006165327
run-endocytosis2_baseline_zero_diffusion0000-0048,12.7,673,1.1334803290064874,1.528600668506841
run-endocytosis2_baseline_zero_diffusion0000-0049,12.7,19,1.2250268139445393,1.2360876736035433
run-endocytosis2_baseline_zero_diffusion0000-0000,12.8,17,1.2939660443732062,1.2026100017566277
run-endocytosis2_baseline_zero_diffusion0000-0001,12.8,388,1.2678072516134613,1.4947341502695635
run-endocytosis2_baseline_zero_diffusion0000-0002,12.8,596,1.2231445212851768,1.489666346612452
run-endocytosis2_baseline_zero_diffusion0000-0003,12.8,1260,1.4139434433650666,1.518902124414418
run-endocytosis2_baseline_zero_diffusion0000-0004,12.8,401,0.9845675341327683,1.495046558609289
run-endocytosis2_baseline_zero_diffusion0000-0005,12.8,464,1.0043489633494482,1.5238609416570685
run-endocytosis2_baseline_zero_diffusion0000-0006,12.8,1363,1.3987597448906322,1.5262087625990066
run-endocytosis2_baseline_zero_diffusion0000-0007,12.8,461,1.332731037282853,1.5068760614849017
run-endocytosis2_baseline_zero_diffusion0000-0008,12.8,337,0.7744787132397803,1.5067073459341391
run-endocytosis2_baseline_zero_diffusion0000-0009,12.8,296,0.9522668071278442,1.4932880624410496
run-endocytosis2_baseline_zero_diffusion0000-0010,12.8,1336,1.2218333003088113,1.5082031285350261
run-endocytosis2_baseline_zero_diffusion0000-0011,12.8,37,1.245937081390928,1.3963290454620745
run-endocytosis2_baseline_zero_diffusion0000-0012,12.8,877,1.0900242553840467,1.5414423228294085
run-endocytosis2_baseline_zero_diffusion0000-0013,12.8,796,1.448740615026733,1.5295257243173241
run-endocytosis2_baseline_zero_diffusion0000-0014,12.8,799,1.262182928972767,1.5208627861364845
run-endocytosis2_baseline_zero_diffusion0000-0015,12.8,30,0.7412246659177181,1.29145974836545
run-endocytosis2_baseline_zero_diffusion0000-0016,12.8,292,1.2954327294396624,1.482823093864336
run-endocytosis2_baseline_zero_diffusion0000-0017,12.8,508,1.1708812049043564,1.5172510180540881
run-endocytosis2_baseline_zero_diffusion0000-0018,12.8,1091,0.9129566336312456,1.5201969627125045
run-endocytosis2_baseline_zero_diffusion0000-0019,12.8,1331,1.3207945930052687,1.489635231543503
run-endocytosis2_baseline_zero_diffusion0000-0020,12.8,12,0.8223111494930496,1.2640746965588243
run-endocytosis2_baseline_zero_diffusion0000-0021,12.8,1166,1.2715044323234184,1.518621592419387
run-endocytosis2_baseline_zero_diffusion0000-0022,12.8,1039,1.0136811858852084,1.5348292282070874
run-endocytosis2_baseline_zero_diffusion0000-0023,12.8,559,1.3856188251612869,1.532516467325188
run-endocytosis2_baseline_zero_diffusion0000-0024,12.8,107,1.1431709601596625,1.4798525312242856
run-endocytosis2_baseline_zero_diffusion0000-0025,12.8,351,0.9466601252457827,1.5019640906973348
run-endocytosis2_baseline_zero_diffusion0000-0026,12.8,7,0.01854972573749225,0.9496319116140276
run-endocytosis2_baseline_zero_diffusion0000-0027,12.8,207,0.4586882017483149,1.4685684271980686
run-endocytosis2_baseline_zero_diffusion0000-0028,12.8,561,1.2358946231968906,1.501389815715394
run-endocytosis2_baseline_zero_diffusion0000-0029,12.8,1297,1.3015010398074645,1.5365616261894552
run-endocytosis2_baseline_zero_diffusion0000-0030,12.8,898,1.265836571473308,1.523562294743716
run-endocytosis2_baseline_zero_diffusion0000-0031,12.8,654,0.9869514935065973,1.4993186021555616
run-endocytosis2_baseline_zero_diffusion0000-0032,12.8,1238,1.3481079771018076,1.5303544222150076
run-endocytosis2_baseline_zero_diffusion0000-0033,12.8,220,1.2250616748037024,1.5063041458447075
run-endocytosis2_baseline_zero_diffusion0000-0034,12.8,45,0.9530025790918222,1.3590591999076138
run-endocytosis2_baseline_zero_diffusion0000-0035,12.8,7,0.22638259105565162,1.080425412113504
run-endocytosis2_baseline_zero_diffusion0000-0037,12.8,120,0.7324010157462691,1.3937970438458556
run-endocytosis2_baseline_zero_diffusion0000-0038,12.8,99,1.183467032455903,1.471733829169705
run-endocytosis2_baseline_zero_diffusion0000-0039,12.8,98,1.0768482977207405,1.4844411229424532
run-endocytosis2_baseline_zero_diffusion0000-0040,12.8,320,1.008311408645208,1.523345210167333
run-endocytosis2_baseline_zero_diffusion0000-0041,12.8,838,1.3532800600212294,1.5067109959355203
run-endocytosis2_baseline_zero_diffusion0000-0042,12.8,795,1.0248845679670366,1.4594188067604523
run-endocytosis2_baseline_zero_diffusion0000-0043,12.8,18,0.7031577889875396,1.2913375454526637
run-endocytosis2_baseline_zero_diffusion0000-0044,12.8,1350,1.3455783432168884,1.5301394934706731
run-endocytosis2_baseline_zero_diffusion0000-0046,12.8,258,1.315298336547466,1.469702919095121
run-endocytosis2_baseline_zero_diffusion0000-0047,12.8,669,0.9553931629013509,1.5179666801110048
run-endocytosis2_baseline_zero_diffusion0000-0048,12.8,675,1.1378149034527791,1.5318345920729872
run-endocytosis2_baseline_zero_diffusion0000-0049,12.8,19,1.1997544594634215,1.1503288706372712
run-endocytosis2_baseline_zero_diffusion0000-0000,12.9,17,1.2923887473163824,1.2672423766867515
run-endocytosis2_baseline_zero_diffusion0000-0001,12.9,391,1.3177469317968704,1.460095219737725
run-endocytosis2_baseline_zero_diffusion0000-0002,12.9,596,1.2315459198944494,1.523212648121472
run-endocytosis2_baseline_zero_diffusion0000-0003,12.9,1269,1.4136144631510876,1.5388945365383413
run-endocytosis2_baseline_zero_diffusion0000-0004,12.9,405,0.9652768661286768,1.5256004958457101
run-endocytosis2_baseline_zero_diffusion0000-0005,12.9,469,1.0310997270759792,1.51941507598468
run-endocytosis2_baseline_zero_diffusion0000-0006,12.9,1375,1.4577239293079378,1.5058076818026902
run-endocytosis2_baseline_zero_diffusion0000-0007,12.9,467,1.2921222742563632,1.5269046221451619
run-endocytosis2_baseline_zero_diffusion0000-0008,12.9,342,0.82261901246713,1.5172589951720874
run-endocytosis2_baseline_zero_diffusion0000-0009,12.9,296,1.033903045185956,1.4859431446857585
run-endocytosis2_baseline_zero_diffusion0000-0010,12.9,1336,1.2121297711909063,1.5384941775830612
run-endocytosis2_baseline_zero_diffusion0000-0011,12.9,37,1.2479064131267215,1.4399973555162398
run-endocytosis2_baseline_zero_diffusion0000-0012,12.9,891,1.146170920541692,1.5160914747766032
run-endocytosis2_baseline_zero_diffusion0000-0013,12.9,821,1.4572707553697783,1.5291861369544424
run-endocytosis2_baseline_zero_diffusion0000-0014,12.9,801,1.2298823598409077,1.52663918207037
run-endocytosis2_baseline_zero_diffusion0000-0015,12.9,30,0.7523087257765184,1.398756955128869
run-endocytosis2_baseline_zero_diffusion0000-0016,12.9,292,1.2965867354064444,1.4713111512563237
run-endocytosis2_baseline_zero_diffusion0000-0017,12.9,510,1.2248737302779373,1.5140668399588737
run-endocytosis2_baseline_zero_diffusion0000-0018,12.9,1102,0.9504724061474734,1.5067307397144099
run-endocytosis2_baseline_zero_diffusion0000-0019,12.9,1340,1.3267780958376423,1.5300285481095197
run-endocytosis2_baseline_zero_diffusion0000-0020,12.9,12,0.8529087053567931,0.8824904857215748
run-endocytosis2_baseline_zero_diffusion0000-0021,12.9,1176,1.2476446411318114,1.5262932575119943
run-endocytosis2_baseline_zero_diffusion0000-0022,12.9,1047,1.0249891261441926,1.5300001315137335
run-endocytosis2_baseline_zero_diffusion0000-0023,12.9,564,1.3650075260200532,1.5225293654319318
run-endocytosis2_baseline_zero_diffusion0000-0024,12.9,107,1.134110346138965,1.4329417207161368
run-endocytosis2_baseline_zero_diffusion0000-0025,12.9,359,0.9239817752778579,1.5266485050044731
run-endocytosis2_baseline_zero_diffusion0000-0026,12.9,7,0.021592791974641035,0.7563068718909405
run-endocytosis2_baseline_zero_diffusion0000-0027,12.9,207,0.5357250596301828,1.4455133223167709
run-endocytosis2_baseline_zero_diffusion0000-0028,12.9,366,1.2966528703621183,1.4928269040382414
run-endocytosis2_baseline_zero_diffusion0000-0029,12.9,1307,1.2942426780682512,1.542746891722655
run-endocytosis2_baseline_zero_diffusion0000-0030,12.9,898,1.2893779696717387,1.5218068123698785
run-endocytosis2_baseline_zero_diffusion0000-0031,12.9,674,0.981370447392734,1.5292969304969155
run-endocytosis2_baseline_zero_diffusion0000-0032,12.9,1243,1.3900423886330289,1.5381585800670567
run-endocytosis2_baseline_zero_diffusion0000-0033,12.9,220,1.231749450573633,1.487099346242123
run-endocytosis2_baseline_zero_diffusion0000-0034,12.9,45,0.9132405981211114,1.392050947137032
run-endocytosis2_baseline_zero_diffusion0000-0035,12.9,7,0.16370556501837608,0.8399534503324106
run-endocytosis2_baseline_zero_diffusion0000-0037,12.9,120,0.7644816624574132,1.4623874805144075
run-endocytosis2_baseline_zero_diffusion0000-0038,12.9,104,1.236791989507036,1.4741674781755532
run-endocytosis2_baseline_zero_diffusion0000-0039,12.9,98,1.0483677698259406,1.440414320368101
run-endocytosis2_baseline_zero_diffusion0000-0040,12.9,321,1.0140369281460107,1.486146455127237
run-endocytosis2_baseline_zero_diffusion0000-0041,12.9,848,1.3665651604033282,1.531048299032216
run-endocytosis2_baseline_zero_diffusion0000-0042,12.9,800,1.057462595795636,1.4773403271402632
run-endocytosis2_baseline_zero_diffusion0000-0043,12.9,18,0.7146035806541491,1.3570232645032037
run-endocytosis2_baseline_zero_diffusion0000-0044,12.9,1389,1.3214804224890568,1.5351172662751027
run-endocytosis2_baseline_zero_diffusion0000-0046,12.9,262,1.2572491507596097,1.4657600455541844
run-endocytosis2_baseline_zero_diffusion0000-0047,12.9,691,0.9733636233910801,1.5030895656484744
run-endocytosis2_baseline_zero_diffusion0000-0048,12.9,675,1.1421085536794489,1.5238265277693102
run-endocytosis2_baseline_zero_diffusion0000-0049,12.9,19,1.2055096364259104,1.1869915228555805
run-endocytosis2_baseline_zero_diffusion0000-0000,13.0,17,1.296131050619511,1.206847605182798
run-endocytosis2_baseline_zero_diffusion0000-0001,13.0,403,1.2663041205976608,1.4613191744334901
run-endocytosis2_baseline_zero_diffusion0000-0002,13.0,599,1.2351686913302613,1.485277339877595
run-endocytosis2_baseline_zero_diffusion0000-0003,13.0,1276,1.3689299609435146,1.5390929064916896
run-endocytosis2_baseline_zero_diffusion0000-0004,13.0,410,1.0462408950974889,1.4847213877902163
run-endocytosis2_baseline_zero_diffusion0000-0005,13.0,472,1.0347380405043598,1.449203112279523
run-endocytosis2_baseline_zero_diffusion0000-0006,13.0,1377,1.4298152548691756,1.5400346193813261
run-endocytosis2_baseline_zero_diffusion0000-0007,13.0,468,1.307536021045201,1.4914673365447644
run-endocytosis2_baseline_zero_diffusion0000-0008,13.0,342,0.9101849360114767,1.4754541198386892
run-endocytosis2_baseline_zero_diffusion0000-0009,13.0,300,0.972718680486543,1.4914470380263258
run-endocytosis2_baseline_zero_diffusion0000-0010,13.0,1336,1.2533967611920842,1.5301577154855552
run-endocytosis2_baseline_zero_diffusion0000-0011,13.0,37,1.254240242648149,1.2436223938739246
run-endocytosis2_baseline_zero_diffusion0000-0012,13.0,907,1.1408253912346007,1.5345692546366796
run-endocytosis2_baseline_zero_diffusion0000-0013,13.0,844,1.4282101084471357,1.4832085964278998
run-endocytosis2_baseline_zero_diffusion0000-0014,13.0,807,1.263376762164444,1.541368898393044
run-endocytosis2_baseline_zero_diffusion0000-0015,13.0,30,0.7308391841949823,1.4474446072615734
run-endocytosis2_baseline_zero_diffusion0000-0016,13.0,292,1.2477680857038675,1.4651658987929264
run-endocytosis2_baseline_zero_diffusion0000-0017,13.0,510,1.239751329499382,1.4367791721102385
run-endocytosis2_baseline_zero_diffusion0000-0018,13.0,1125,0.882222092637591,1.5136114882406473
run-endocytosis2_baseline_zero_diffusion0000-0019,13.0,1346,1.336912813283346,1.5312770707282284
run-endocytosis2_baseline_zero_diffusion0000-0020,13.0,12,0.8513836883154622,1.2564171860410784
run-endocytosis2_baseline_zero_diffusion0000-0021,13.0,1181,1.2949205339163843,1.5167542872378412
run-endocytosis2_baseline_zero_diffusion0000-0022,13.0,1055,1.0034925978217977,1.5341964828564185
run-endocytosis2_baseline_zero_diffusion0000-0023,13.0,569,1.3343932892797163,1.5042786364896297
run-endocytosis2_baseline_zero_diffusion0000-0024,13.0,107,1.1286840881834206,1.4494936898468642
run-endocytosis2_baseline_zero_diffusion0000-0025,13.0,359,0.9657241496792832,1.4716303894842564
run-endocytosis2_baseline_zero_diffusion0000-0026,13.0,7,0.01504535158361775,0.9206021816527045
run-endocytosis2_baseline_zero_diffusion0000-0027,13.0,207,0.5288225607762731,1.4643521775978892
run-endocytosis2_baseline_zero_diffusion0000-0028,13.0,369,1.1810900063205299,1.4906466598219443
run-endocytosis2_baseline_zero_diffusion0000-0029,13.0,1317,1.3003116896676756,1.5133816156646955
run-endocytosis2_baseline_zero_diffusion0000-0030,13.0,908,1.282268335929749,1.5268177798672897
run-endocytosis2_baseline_zero_diffusion0000-0031,13.0,693,1.0003980067022913,1.53143694341525
run-endocytosis2_baseline_zero_diffusion0000-0032,13.0,1245,1.4161628793499565,1.5235099921188773
run-endocytosis2_baseline_zero_diffusion0000-0033,13.0,226,1.1466799421499432,1.429071517056261
run-endocytosis2_baseline_zero_diffusion0000-0034,13.0,45,1.0541784156253882,1.3559137374371566
run-endocytosis2_baseline_zero_diffusion0000-0035,13.0,7,0.03647807901812161,1.3176959801449781
run-endocytosis2_baseline_zero_diffusion0000-0037,13.0,120,0.7782286585923374,1.4273530024501468
run-endocytosis2_baseline_zero_diffusion0000-0038,13.0,104,1.2726557807279169,1.3884939378052619
run-endocytosis2_baseline_zero_diffusion0000-0039,13.0,98,1.0805890207811266,1.4075757243289857
run-endocytosis2_baseline_zero_diffusion0000-0040,13.0,327,0.966941460805667,1.5142436159837331
run-endocytosis2_baseline_zero_diffusion0000-0041,13.0,848,1.3752981995030318,1.5320483538790086
run-endocytosis2_baseline_zero_diffusion0000-0042,13.0,800,1.122906975755646,1.5237373695249432
run-endocytosis2_baseline_zero_diffusion0000-0043,13.0,18,0.6994430914839889,1.2743836445473384
run-endocytosis2_baseline_zero_diffusion0000-0044,13.0,1399,1.2969345376367145,1.522489471552275
run-endocytosis2_baseline_zero_diffusion0000-0046,13.0,262,1.2462566384312437,1.518377544779998
run-endocytosis2_baseline_zero_diffusion0000-0047,13.0,716,0.9908166128384823,1.5170480461762093
run-endocytosis2_baseline_zero_diffusion0000-0048,13.0,675,1.1419399283908425,1.4909802441166093
run-endocytosis2_baseline_zero_diffusion0000-0049,13.0,19,1.2323586495889454,1.3164703520536556
run-endocytosis2_baseline_zero_diffusion0000-0000,13.1,17,1.2755912791729282,1.37784147807292
run-endocytosis2_baseline_zero_diffusion0000-0001,13.1,410,1.3104742130338822,1.5201687144854403
run-endocytosis2_baseline_zero_diffusion0000-0002,13.1,616,1.1947104732338625,1.5160361223578762
run-endocytosis2_baseline_zero_diffusion0000-0003,13.1,1287,1.3489760700892903,1.543417601464926
run-endocytosis2_baseline_zero_diffusion0000-0004,13.1,416,1.0343646013732763,1.5085549899213364
run-endocytosis2_baseline_zero_diffusion0000-0005,13.1,387,1.2515544824167657,1.4685578222157745
run-endocytosis2_baseline_zero_diffusion0000-0006,13.1,1377,1.4313467412112764,1.5348749628828973
run-endocytosis2_baseline_zero_diffusion0000-0007,13.1,468,1.2741265525431347,1.497157648417142
run-endocytosis2_baseline_zero_diffusion0000-0008,13.1,345,0.9111186104674781,1.443024369816217
run-endocytosis2_baseline_zero_diffusion0000-0009,13.1,306,1.1150352201738114,1.481140855039975
run-endocytosis2_baseline_zero_diffusion0000-0010,13.1,1336,1.2757842671049473,1.530397086803699
run-endocytosis2_baseline_zero_diffusion0000-0011,13.1,37,1.2590428007963101,1.3708552570872807
run-endocytosis2_baseline_zero_diffusion0000-0012,13.1,924,1.1256408294823261,1.5335784510938963
run-endocytosis2_baseline_zero_diffusion0000-0013,13.1,882,1.4173856788539827,1.5272384691291616
run-endocytosis2_baseline_zero_diffusion0000-0014,13.1,807,1.222422975896174,1.494898701582628
run-endocytosis2_baseline_zero_diffusion0000-0015,13.1,30,0.754337078809722,1.3426276194168778
run-endocytosis2_baseline_zero_diffusion0000-0016,13.1,284,1.233987583654564,1.470693469005916
run-endocytosis2_baseline_zero_diffusion0000-0017,13.1,510,1.2246742925714766,1.5035060428438969
run-endocytosis2_baseline_zero_diffusion0000-0018,13.1,1135,0.8842238967320237,1.4925533278804675
run-endocytosis2_baseline_zero_diffusion0000-0019,13.1,1349,1.3652770275094217,1.511864801694498
run-endocytosis2_baseline_zero_diffusion0000-0020,13.1,12,0.8264931268921956,1.04266637462855
run-endocytosis2_baseline_zero_diffusion0000-0021,13.1,1190,1.2716218927739085,1.5329301938612347
run-endocytosis2_baseline_zero_diffusion0000-0022,13.1,1060,0.9937682540422694,1.517548028215327
run-endocytosis2_baseline_zero_diffusion0000-0023,13.1,574,1.3050608283710297,1.5077386197953486
run-endocytosis2_baseline_zero_diffusion0000-0024,13.1,107,1.1097918738208388,1.4620938309750606
run-endocytosis2_baseline_zero_diffusion0000-0025,13.1,364,1.0755238963004419,1.50923799490115
run-endocytosis2_baseline_zero_diffusion0000-0026,13.1,7,0.02076411467810546,1.1091179929832036
run-endocytosis2_baseline_zero_diffusion0000-0027,13.1,207,0.47786380997229205,1.5019095400507116
run-endocytosis2_baseline_zero_diffusion0000-0028,13.1,368,1.1825814965666148,1.511332225106394
run-endocytosis2_baseline_zero_diffusion0000-0029,13.1,1321,1.3300125193650005,1.5182095257503523
run-endocytosis2_baseline_zero_diffusion0000-0030,13.1,915,1.301195595630741,1.5137614725031292
run-endocytosis2_baseline_zero_diffusion0000-0031,13.1,710,0.9902774382027894,1.5186049004864755
run-endocytosis2_baseline_zero_diffusion0000-0032,13.1,1245,1.4105532455089516,1.5257857143820208
run-endocytosis2_baseline_zero_diffusion0000-0033,13.1,235,1.111847042714672,1.4097862392102405
run-endocytosis2_baseline_zero_diffusion0000-0034,13.1,45,1.02047858824144,1.4012905513955425
run-endocytosis2_baseline_zero_diffusion0000-0035,13.1,7,0.1132015367410808,1.0431407752135904
run-endocytosis2_baseline_zero_diffusion0000-0037,13.1,123,0.7878346970497278,1.467088912959057
run-endocytosis2_baseline_zero_diffusion0000-0038,13.1,104,1.1918648205075442,1.4172439342271435
run-endocytosis2_baseline_zero_diffusion0000-0039,13.1,98,1.055630568626261,1.394452012360095
run-endocytosis2_baseline_zero_diffusion0000-0040,13.1,334,0.9398588383211051,1.5064472951021015
run-endocytosis2_baseline_zero_diffusion0000-0041,13.1,854,1.3751857739404394,1.535634064003873
run-endocytosis2_baseline_zero_diffusion0000-0042,13.1,800,1.1304529242364572,1.5366085671058591
run-endocytosis2_baseline_zero_diffusion0000-0043,13.1,18,0.6836383229389987,1.2817676307101258
run-endocytosis2_baseline_zero_diffusion0000-0044,13.1,1409,1.2998127010840432,1.5429967584941773
run-endocytosis2_baseline_zero_diffusion0000-0046,13.1,265,1.2391945875456871,1.4731752348461633
run-endocytosis2_baseline_zero_diffusion0000-0047,13.1,748,0.9858472362454033,1.53823972184793
run-endocytosis2_baseline_zero_diffusion0000-0048,13.1,675,1.13613767505395,1.5061773305279877
run-endocytosis2_baseline_zero_diffusion0000-0049,13.1,19,1.2339233142373618,1.24666952355966
run-endocytosis2_baseline_zero_diffusion0000-0000,13.2,17,1.2700890065609227,1.2609944604261314
run-endocytosis2_baseline_zero_diffusion0000-0001,13.2,423,1.3133393409506662,1.5024736119528674
run-endocytosis2_baseline_zero_diffusion0000-0002,13.2,626,1.1144703550480812,1.5253942541091947
run-endocytosis2_baseline_zero_diffusion0000-0003,13.2,1301,1.338144151848703,1.5375610626739349
run-endocytosis2_baseline_zero_diffusion0000-0004,13.2,421,1.042380984285291,1.5129888646105647
run-endocytosis2_baseline_zero_diffusion0000-0005,13.2,387,1.1988497636513322,1.4905985517200917
run-endocytosis2_baseline_zero_diffusion0000-0006,13.2,1380,1.4305564706612195,1.520303142538932
run-endocytosis2_baseline_zero_diffusion0000-0007,13.2,468,1.2973971795052215,1.4719096781125764
run-endocytosis2_baseline_zero_diffusion0000-0008,13.2,345,0.9950336444636099,1.4779186369686406
run-endocytosis2_baseline_zero_diffusion0000-0009,13.2,317,1.0195744519089336,1.487264115318516
run-endocytosis2_baseline_zero_diffusion0000-0010,13.2,1336,1.2724684456044617,1.5249021282209894
run-endocytosis2_baseline_zero_diffusion0000-0011,13.2,37,1.2467870364719307,1.3673966756744045
run-endocytosis2_baseline_zero_diffusion0000-0012,13.2,944,1.1428541766675058,1.5368094329564679
run-endocytosis2_baseline_zero_diffusion0000-0013,13.2,920,1.4667598049380504,1.5036885378656262
run-endocytosis2_baseline_zero_diffusion0000-0014,13.2,811,1.2804773795685218,1.5285260283637376
run-endocytosis2_baseline_zero_diffusion0000-0015,13.2,30,0.7498091704746717,1.348781045171386
run-endocytosis2_baseline_zero_diffusion0000-0016,13.2,284,1.2741615069779237,1.3773550821523397
run-endocytosis2_baseline_zero_diffusion0000-0017,13.2,510,1.2233636367730378,1.5008121460865373
run-endocytosis2_baseline_zero_diffusion0000-0018,13.2,1145,0.8920580515548344,1.5255730453570655
run-endocytosis2_baseline_zero_diffusion0000-0019,13.2,1349,1.356734309613278,1.5011030094528959
run-endocytosis2_baseline_zero_diffusion0000-0020,13.2,12,0.8530891117638532,1.1633359007714703
run-endocytosis2_baseline_zero_diffusion0000-0021,13.2,1195,1.3058258857518903,1.5220938851880432
run-endocytosis2_baseline_zero_diffusion0000-0022,13.2,1068,1.0027365276433726,1.5289031914001208
run-endocytosis2_baseline_zero_diffusion0000-0023,13.2,577,1.3712976442546185,1.5244253392890468
run-endocytosis2_baseline_zero_diffusion0000-0024,13.2,109,1.151461062274603,1.4562922658245945
run-endocytosis2_baseline_zero_diffusion0000-0025,13.2,370,1.110158686862126,1.4679262781663998
run-endocytosis2_baseline_zero_diffusion0000-0026,13.2,7,0.017635450783258344,1.0965609695770397
run-endocytosis2_baseline_zero_diffusion0000-0027,13.2,207,0.5497939265409775,1.4777585914954354
run-endocytosis2_baseline_zero_diffusion0000-0028,13.2,373,1.1366302524075038,1.492572859919925
run-endocytosis2_baseline_zero_diffusion0000-0029,13.2,1321,1.2879490469115593,1.5208742105417579
run-endocytosis2_baseline_zero_diffusion0000-0030,13.2,930,1.327964191314504,1.5440902675359365
run-endocytosis2_baseline_zero_diffusion0000-0031,13.2,728,1.0196801254772518,1.5396373546044932
run-endocytosis2_baseline_zero_diffusion0000-0032,13.2,1250,1.3972968743802916,1.5069558508559193
run-endocytosis2_baseline_zero_diffusion0000-0033,13.2,243,1.1750743937113595,1.4823948506423987
run-endocytosis2_baseline_zero_diffusion0000-0034,13.2,45,1.01416641869762,1.3257070488714628
run-endocytosis2_baseline_zero_diffusion0000-0035,13.2,7,0.06451885819534287,1.141556636235305
run-endocytosis2_baseline_zero_diffusion0000-0037,13.2,131,0.7593160278530149,1.3916516563141703
run-endocytosis2_baseline_zero_diffusion0000-0038,13.2,164,1.232461302789474,1.5119366166713895
run-endocytosis2_baseline_zero_diffusion0000-0039,13.2,104,1.1303749199913966,1.467574657313344
run-endocytosis2_baseline_zero_diffusion0000-0040,13.2,339,0.9846448128515667,1.5159061484472351
run-endocytosis2_baseline_zero_diffusion0000-0041,13.2,861,1.382748514418146,1.5231323180865801
run-endocytosis2_baseline_zero_diffusion0000-0042,13.2,800,1.0972072545724725,1.5371824492834065
run-endocytosis2_baseline_zero_diffusion0000-0043,13.2,18,0.674030020398939,1.1026338153559354
run-endocytosis2_baseline_zero_diffusion0000-0044,13.2,1414,1.3233685190083704,1.5404449230740194
run-endocytosis2_baseline_zero_diffusion0000-0046,13.2,271,1.194531548913997,1.3858294009546455
run-endocytosis2_baseline_zero_diffusion0000-0047,13.2,782,1.040622847612459,1.5157650645565526
run-endocytosis2_baseline_zero_diffusion0000-0048,13.2,675,1.1104603219038256,1.501730100361722
run-endocytosis2_baseline_zero_diffusion0000-0049,13.2,19,1.2362607538854884,1.233986658516233
run-endocytosis2_baseline_zero_diffusion0000-0000,13.3,17,1.2491790754374008,1.2793006984784991
run-endocytosis2_baseline_zero_diffusion0000-0001,13.3,428,1.2926597208820727,1.469897225642434
run-endocytosis2_baseline_zero_diffusion0000-0002,13.3,635,1.103785925291932,1.5117201120005157
run-endocytosis2_baseline_zero_diffusion0000-0003,13.3,1313,1.320278362602056,1.5360741479511897
run-endocytosis2_baseline_zero_diffusion0000-0004,13.3,422,1.050128494284843,1.4830257728096015
run-endocytosis2_baseline_zero_diffusion0000-0005,13.3,387,1.1913396634790856,1.4703796763143533
run-endocytosis2_baseline_zero_diffusion0000-0006,13.3,1393,1.3997295649693076,1.5408648180620035
run-endocytosis2_baseline_zero_diffusion0000-0007,13.3,468,1.3084749797518473,1.521791241020642
run-endocytosis2_baseline_zero_diffusion0000-0008,13.3,345,0.9602900225647412,1.509305550629054
run-endocytosis2_baseline_zero_diffusion0000-0009,13.3,322,0.9337275406857599,1.4983243412299856
run-endocytosis2_baseline_zero_diffusion0000-0010,13.3,1336,1.2497630997320524,1.5082395787995555
run-endocytosis2_baseline_zero_diffusion0000-0011,13.3,37,1.2648352716159479,1.1191419330867376
run-endocytosis2_baseline_zero_diffusion0000-0012,13.3,955,1.1397083098854854,1.530065009415836
run-endocytosis2_baseline_zero_diffusion0000-0013,13.3,941,1.442943694288163,1.4725400302480118
run-endocytosis2_baseline_zero_diffusion0000-0014,13.3,820,1.242403601898597,1.5311151322488585
run-endocytosis2_baseline_zero_diffusion0000-0015,13.3,30,0.7678802034796339,1.3083632176413653
run-endocytosis2_baseline_zero_diffusion0000-0016,13.3,310,1.184761952047764,1.5047468228947527
run-endocytosis2_baseline_zero_diffusion0000-0017,13.3,510,1.2587157119863845,1.4981714386042047
run-endocytosis2_baseline_zero_diffusion0000-0018,13.3,1152,0.8816409240163989,1.525189881270587
run-endocytosis2_baseline_zero_diffusion0000-0019,13.3,1349,1.348024560871473,1.5516133798245528
run-endocytosis2_baseline_zero_diffusion0000-0020,13.3,12,0.8154653179088005,1.170475882387644
run-endocytosis2_baseline_zero_diffusion0000-0021,13.3,1195,1.2856002959321455,1.529859070873987
run-endocytosis2_baseline_zero_diffusion0000-0022,13.3,1071,1.0237135482524848,1.519264244677908
run-endocytosis2_baseline_zero_diffusion0000-0023,13.3,577,1.390119609459906,1.4982296079279638
run-endocytosis2_baseline_zero_diffusion0000-0024,13.3,109,1.1459964868202843,1.428488996178518
run-endocytosis2_baseline_zero_diffusion0000-0025,13.3,374,1.1068653359316747,1.5007857240541325
run-endocytosis2_baseline_zero_diffusion0000-0026,13.3,7,0.015266279719908127,0.6758602838147121
run-endocytosis2_baseline_zero_diffusion0000-0027,13.3,212,0.4829158969255085,1.4260386466575232
run-endocytosis2_baseline_zero_diffusion0000-0028,13.3,369,1.2258097930235954,1.479550440041513
run-endocytosis2_baseline_zero_diffusion0000-0029,13.3,1321,1.2892717222116938,1.5284172369115756
run-endocytosis2_baseline_zero_diffusion0000-0030,13.3,944,1.3384077658018554,1.521955356321435
run-endocytosis2_baseline_zero_diffusion0000-0031,13.3,739,1.0899631786885016,1.5002012650094858
run-endocytosis2_baseline_zero_diffusion0000-0032,13.3,1256,1.389962869409039,1.553646384604738
run-endocytosis2_baseline_zero_diffusion0000-0033,13.3,248,1.1615774688301264,1.4498177793073093
run-endocytosis2_baseline_zero_diffusion0000-0034,13.3,45,0.8427831360734223,1.3516201662677494
run-endocytosis2_baseline_zero_diffusion0000-0035,13.3,7,0.05751143499729028,1.150141528731449
run-endocytosis2_baseline_zero_diffusion0000-0037,13.3,139,0.8452088774947225,1.3922490552167224
run-endocytosis2_baseline_zero_diffusion0000-0038,13.3,164,1.2394556045963898,1.4977987213874848
run-endocytosis2_baseline_zero_diffusion0000-0039,13.3,108,1.116315688805324,1.3965321459222526
run-endocytosis2_baseline_zero_diffusion0000-0040,13.3,344,0.9883841689209789,1.4854345758746705
run-endocytosis2_baseline_zero_diffusion0000-0041,13.3,872,1.3847628894081234,1.5236592513886065
run-endocytosis2_baseline_zero_diffusion0000-0042,13.3,800,1.1377817699458042,1.525700993586962
run-endocytosis2_baseline_zero_diffusion0000-0043,13.3,18,0.6710109262782902,1.2681615992296666
run-endocytosis2_baseline_zero_diffusion0000-0044,13.3,1419,1.3528467908445743,1.5123948629907527
run-endocytosis2_baseline_zero_diffusion0000-0046,13.3,275,1.2585940450433843,1.4762430193468385
run-endocytosis2_baseline_zero_diffusion0000-0047,13.3,813,1.1010534443390796,1.5029775110679406
run-endocytosis2_baseline_zero_diffusion0000-0048,13.3,679,1.1471137590119551,1.5375081130376897
run-endocytosis2_baseline_zero_diffusion0000-0049,13.3,19,1.2161247065687666,1.2977591241291857
run-endocytosis2_baseline_zero_diffusion0000-0000,13.4,17,1.2004480114163107,1.3066797303681126
run-endocytosis2_baseline_zero_diffusion0000-0001,13.4,437,1.2672369918776263,1.4566614878419608
run-endocytosis2_baseline_zero_diffusion0000-0002,13.4,640,1.1150720162787031,1.4967968364298652
run-endocytosis2_baseline_zero_diffusion0000-0003,13.4,1318,1.371116838413998,1.5433117780475638
run-endocytosis2_baseline_zero_diffusion0000-0004,13.4,422,1.0558091889469345,1.470515301675215
run-endocytosis2_baseline_zero_diffusion0000-0005,13.4,387,1.21212319948726,1.5046500391844808
run-endocytosis2_baseline_zero_diffusion0000-0006,13.4,1416,1.4201752781982164,1.5476933769221346
run-endocytosis2_baseline_zero_diffusion0000-0007,13.4,468,1.2701060690820842,1.5298015035327481
run-endocytosis2_baseline_zero_diffusion0000-0008,13.4,351,1.0034915168741088,1.5102533058794039
run-endocytosis2_baseline_zero_diffusion0000-0009,13.4,322,1.0125655852745723,1.4985538873711384
run-endocytosis2_baseline_zero_diffusion0000-0010,13.4,1336,1.2700091210235263,1.5348904305339133
run-endocytosis2_baseline_zero_diffusion0000-0011,13.4,37,1.2741143970995303,1.4033838125504259
run-endocytosis2_baseline_zero_diffusion0000-0012,13.4,927,1.1745097450997168,1.5387675687274878
run-endocytosis2_baseline_zero_diffusion0000-0013,13.4,969,1.4336338644892799,1.5022766666073795
run-endocytosis2_baseline_zero_diffusion0000-0014,13.4,837,1.2526202788341452,1.5091346299196498
run-endocytosis2_baseline_zero_diffusion0000-0015,13.4,30,0.7655659582915488,1.3669850584704535
run-endocytosis2_baseline_zero_diffusion0000-0016,13.4,313,1.0783072546348333,1.478361948752384
run-endocytosis2_baseline_zero_diffusion0000-0017,13.4,510,1.2492399631364113,1.5249256351841136
run-endocytosis2_baseline_zero_diffusion0000-0018,13.4,1157,0.8813694480709166,1.5371938699114807
run-endocytosis2_baseline_zero_diffusion0000-0019,13.4,1349,1.3653127771362252,1.542425942138514
run-endocytosis2_baseline_zero_diffusion0000-0020,13.4,12,0.8307966599616599,0.8620935646659711
run-endocytosis2_baseline_zero_diffusion0000-0021,13.4,1195,1.2695614202911465,1.5162228895378533
run-endocytosis2_baseline_zero_diffusion0000-0022,13.4,1071,1.0225508107234398,1.5220964857879569
run-endocytosis2_baseline_zero_diffusion0000-0023,13.4,587,1.3541828027152911,1.4941590251342558
run-endocytosis2_baseline_zero_diffusion0000-0024,13.4,109,1.1891303232911787,1.3938523631572128
run-endocytosis2_baseline_zero_diffusion0000-0025,13.4,385,1.142485667360571,1.4490586657619104
run-endocytosis2_baseline_zero_diffusion0000-0026,13.4,7,0.0021940313201620487,0.49712466097832286
run-endocytosis2_baseline_zero_diffusion0000-0027,13.4,212,0.539812264932098,1.4861911266894046
run-endocytosis2_baseline_zero_diffusion0000-0028,13.4,592,1.221367648701948,1.5139274360648678
run-endocytosis2_baseline_zero_diffusion0000-0029,13.4,1321,1.3484418561642633,1.5045815581600333
run-endocytosis2_baseline_zero_diffusion0000-0030,13.4,959,1.341202422661219,1.53206579395343
run-endocytosis2_baseline_zero_diffusion0000-0031,13.4,746,1.1206273182958582,1.5371297745803816
run-endocytosis2_baseline_zero_diffusion0000-0032,13.4,1265,1.336438175112456,1.5316820615776428
run-endocytosis2_baseline_zero_diffusion0000-0033,13.4,253,1.132673433137562,1.4913234696672586
run-endocytosis2_baseline_zero_diffusion0000-0034,13.4,45,0.9208262006481469,1.42321594307426
run-endocytosis2_baseline_zero_diffusion0000-0035,13.4,7,0.12638742477090936,0.9681100288166108
run-endocytosis2_baseline_zero_diffusion0000-0037,13.4,147,0.8046156988523226,1.4348705387536589
run-endocytosis2_baseline_zero_diffusion0000-0038,13.4,164,1.255593868122882,1.447961117587668
run-endocytosis2_baseline_zero_diffusion0000-0039,13.4,108,1.0243637329883113,1.4544874446077312
run-endocytosis2_baseline_zero_diffusion0000-0040,13.4,346,0.9569931403445342,1.4991679688052242
run-endocytosis2_baseline_zero_diffusion0000-0041,13.4,877,1.4010005933859708,1.5343714151208885
run-endocytosis2_baseline_zero_diffusion0000-0042,13.4,800,1.0966970006144905,1.5253287318446067
run-endocytosis2_baseline_zero_diffusion0000-0043,13.4,18,0.6839371769735523,1.361634862849852
run-endocytosis2_baseline_zero_diffusion0000-0044,13.4,1428,1.360329163816445,1.5063078059180612
run-endocytosis2_baseline_zero_diffusion0000-0046,13.4,277,1.1794141377918415,1.4902184917072439
run-endocytosis2_baseline_zero_diffusion0000-0047,13.4,838,1.1420594505553234,1.5376292402696707
run-endocytosis2_baseline_zero_diffusion0000-0048,13.4,684,1.1291916607711865,1.5337405517911178
run-endocytosis2_baseline_zero_diffusion0000-0049,13.4,19,1.2453805830207385,1.3617343490097131
run-endocytosis2_baseline_zero_diffusion0000-0000,13.5,17,1.200885556650693,1.2400889687333763
run-endocytosis2_baseline_zero_diffusion0000-0001,13.5,444,1.2534155177772812,1.4746988541501234
run-endocytosis2_baseline_zero_diffusion0000-0002,13.5,633,1.1279002200955504,1.5343395273243823
run-endocytosis2_baseline_zero_diffusion0000-0003,13.5,1322,1.3526109685696277,1.5209113817595776
run-endocytosis2_baseline_zero_diffusion0000-0004,13.5,422,1.0749708134339047,1.5190492551636363
run-endocytosis2_baseline_zero_diffusion0000-0005,13.5,387,1.1635602826720848,1.4756462871689136
run-endocytosis2_baseline_zero_diffusion0000-0006,13.5,1431,1.4449415341164311,1.5251303202135584
run-endocytosis2_baseline_zero_diffusion0000-0007,13.5,468,1.2568802089403017,1.5084359028274308
run-endocytosis2_baseline_zero_diffusion0000-0008,13.5,355,0.9211472173380948,1.4918045862754552
run-endocytosis2_baseline_zero_diffusion0000-0009,13.5,322,1.0161904048613142,1.500284061183171
run-endocytosis2_baseline_zero_diffusion0000-0010,13.5,1336,1.3053502196711482,1.5261157642401817
run-endocytosis2_baseline_zero_diffusion0000-0011,13.5,37,1.2764389797755806,1.2328320089846543
run-endocytosis2_baseline_zero_diffusion0000-0012,13.5,935,1.1844958182499201,1.5174550249163727
run-endocytosis2_baseline_zero_diffusion0000-0013,13.5,993,1.4409360476417004,1.5397798158606233
run-endocytosis2_baseline_zero_diffusion0000-0014,13.5,849,1.2697411608455782,1.50566465512433
run-endocytosis2_baseline_zero_diffusion0000-0015,13.5,30,0.7568424864615005,1.291073617468939
run-endocytosis2_baseline_zero_diffusion0000-0016,13.5,319,1.0844604520783023,1.4671922450469213
run-endocytosis2_baseline_zero_diffusion0000-0017,13.5,516,1.2341942718803933,1.5139231215765416
run-endocytosis2_baseline_zero_diffusion0000-0018,13.5,1165,0.8678539229445736,1.5301134042806648
run-endocytosis2_baseline_zero_diffusion0000-0019,13.5,1353,1.3347386065059232,1.5353499931848913
run-endocytosis2_baseline_zero_diffusion0000-0020,13.5,12,0.7987990416787035,1.0955220475149015
run-endocytosis2_baseline_zero_diffusion0000-0021,13.5,1195,1.2616538305336351,1.5463423749307457
run-endocytosis2_baseline_zero_diffusion0000-0022,13.5,1083,1.0212213304249567,1.5304496133694137
run-endocytosis2_baseline_zero_diffusion0000-0023,13.5,597,1.346391311180747,1.4722641358639377
run-endocytosis2_baseline_zero_diffusion0000-0024,13.5,109,1.1555710301523618,1.4900008003392837
run-endocytosis2_baseline_zero_diffusion0000-0025,13.5,387,1.165664593817996,1.5070365920506874
run-endocytosis2_baseline_zero_diffusion0000-0026,13.5,7,0.005545131988111018,1.0562600825869135
run-endocytosis2_baseline_zero_diffusion0000-0027,13.5,212,0.5273774297025571,1.5101253467458087
run-endocytosis2_baseline_zero_diffusion0000-0028,13.5,373,1.3243932357873751,1.4914124249097942
run-endocytosis2_baseline_zero_diffusion0000-0029,13.5,1325,1.3270595526363773,1.5447188244966672
run-endocytosis2_baseline_zero_diffusion0000-0030,13.5,975,1.3471396252054033,1.522372857950037
run-endocytosis2_baseline_zero_diffusion0000-0031,13.5,755,1.1128158398653982,1.5105228182246644
run-endocytosis2_baseline_zero_diffusion0000-0032,13.5,1275,1.306834104148595,1.5225927329375792
run-endocytosis2_baseline_zero_diffusion0000-0033,13.5,258,1.1602308634577052,1.4961443648799058
run-endocytosis2_baseline_zero_diffusion0000-0034,13.5,45,0.9162566734856852,1.3950839313678671
run-endocytosis2_baseline_zero_diffusion0000-0035,13.5,7,0.06594057054587754,0.9814148732831635
run-endocytosis2_baseline_zero_diffusion0000-0037,13.5,149,0.7527539789290324,1.350748617847589
run-endocytosis2_baseline_zero_diffusion0000-0038,13.5,164,1.3136080734361928,1.4566487758785016
run-endocytosis2_baseline_zero_diffusion0000-0039,13.5,108,1.0286197931824073,1.3566986689859701
run-endocytosis2_baseline_zero_diffusion0000-0040,13.5,348,0.975830044967569,1.4944819799944484
run-endocytosis2_baseline_zero_diffusion0000-0041,13.5,884,1.3705304947323151,1.5340989355374404
run-endocytosis2_baseline_zero_diffusion0000-0042,13.5,800,1.1600329966795204,1.5220924727478642
run-endocytosis2_baseline_zero_diffusion0000-0043,13.5,18,0.7181172464484338,1.2532499195024873
run-endocytosis2_baseline_zero_diffusion0000-0044,13.5,1429,1.3469561006183088,1.5309806056686113
run-endocytosis2_baseline_zero_diffusion0000-0046,13.5,277,1.0621858011929164,1.456620529289242
run-endocytosis2_baseline_zero_diffusion0000-0047,13.5,860,1.1300910871791108,1.5235139357320848
run-endocytosis2_baseline_zero_diffusion0000-0048,13.5,688,1.140898345199171,1.5299878983857769
run-endocytosis2_baseline_zero_diffusion0000-0049,13.5,19,1.2502856500788704,1.2959965678205227
run-endocytosis2_baseline_zero_diffusion0000-0000,13.6,17,1.3370373091077776,1.2726273594580888
run-endocytosis2_baseline_zero_diffusion0000-0001,13.6,453,1.2571868546883445,1.5244087161707647
run-endocytosis2_baseline_zero_diffusion0000-0002,13.6,668,1.1639589216108213,1.524929584964137
run-endocytosis2_baseline_zero_diffusion0000-0003,13.6,1322,1.3146819392391307,1.542741813453175
run-endocytosis2_baseline_zero_diffusion0000-0004,13.6,426,1.1002508507620423,1.4952154419164296
run-endocytosis2_baseline_zero_diffusion0000-0005,13.6,387,1.1612093044421554,1.5313670982430272
run-endocytosis2_baseline_zero_diffusion0000-0006,13.6,1438,1.4470108550271947,1.5448803328931886
run-endocytosis2_baseline_zero_diffusion0000-0007,13.6,473,1.2290683178956963,1.4593297739423206
run-endocytosis2_baseline_zero_diffusion0000-0008,13.6,360,0.8573036744215153,1.5169332208070947
run-endocytosis2_baseline_zero_diffusion0000-0009,13.6,327,1.0324152443392771,1.449594417061521
run-endocytosis2_baseline_zero_diffusion0000-0010,13.6,1336,1.2966099994327474,1.543313228094961
run-endocytosis2_baseline_zero_diffusion0000-0011,13.6,37,1.2657604224646641,1.34970951046309
run-endocytosis2_baseline_zero_diffusion0000-0012,13.6,947,1.2021829175107437,1.4981980462050322
run-endocytosis2_baseline_zero_diffusion0000-0013,13.6,1020,1.4408315590402418,1.499140011874167
run-endocytosis2_baseline_zero_diffusion0000-0014,13.6,856,1.2508290606792825,1.5160336441724385
run-endocytosis2_baseline_zero_diffusion0000-0015,13.6,30,0.7705096147148978,1.421184873103837
run-endocytosis2_baseline_zero_diffusion0000-0016,13.6,333,1.0903667110383832,1.483577855044081
run-endocytosis2_baseline_zero_diffusion0000-0017,13.6,523,1.2632744863062613,1.5222000277838532
run-endocytosis2_baseline_zero_diffusion0000-0018,13.6,1177,0.9116231118893942,1.5305193770411658
run-endocytosis2_baseline_zero_diffusion0000-0019,13.6,1356,1.3421235006540981,1.5310531256471391
run-endocytosis2_baseline_zero_diffusion0000-0020,13.6,12,0.8067528084929698,1.0545226060652877
run-endocytosis2_baseline_zero_diffusion0000-0021,13.6,1199,1.2820924343098128,1.5307406544660735
run-endocytosis2_baseline_zero_diffusion0000-0022,13.6,1099,1.0141085047241643,1.5251876942235123
run-endocytosis2_baseline_zero_diffusion0000-0023,13.6,598,1.3351648832890404,1.508624598432626
run-endocytosis2_baseline_zero_diffusion0000-0024,13.6,109,1.2440333890699884,1.4370713079181012
run-endocytosis2_baseline_zero_diffusion0000-0025,13.6,391,1.1951503370589573,1.5305369460619849
run-endocytosis2_baseline_zero_diffusion0000-0026,13.6,7,0.01715207293534804,1.2814013309267938
run-endocytosis2_baseline_zero_diffusion0000-0027,13.6,219,0.4657603154805574,1.5138276003547095
run-endocytosis2_baseline_zero_diffusion0000-0028,13.6,601,1.2658197405502956,1.5180056791693455
run-endocytosis2_baseline_zero_diffusion0000-0029,13.6,1330,1.2845345130458803,1.5274427899012588
run-endocytosis2_baseline_zero_diffusion0000-0030,13.6,992,1.3294513855697905,1.5239596918184293
run-endocytosis2_baseline_zero_diffusion0000-0031,13.6,767,1.1278794160049497,1.5377889010666246
run-endocytosis2_baseline_zero_diffusion0000-0032,13.6,1282,1.3065375316989687,1.5155049874971727
run-endocytosis2_baseline_zero_diffusion0000-0033,13.6,263,1.2128008925465434,1.5093142610091774
run-endocytosis2_baseline_zero_diffusion0000-0034,13.6,45,0.935830063833187,1.3857164409845089
run-endocytosis2_baseline_zero_diffusion0000-0035,13.6,7,0.07025971196406755,1.18797205339171
run-endocytosis2_baseline_zero_diffusion0000-0037,13.6,154,0.7037520362987257,1.4965360077914958
run-endocytosis2_baseline_zero_diffusion0000-0038,13.6,164,1.3531571017440691,1.3976539783759117
run-endocytosis2_baseline_zero_diffusion0000-0039,13.6,108,1.033928120631035,1.4365866047353104
run-endocytosis2_baseline_zero_diffusion0000-0040,13.6,364,0.9543329892162649,1.478383356342742
run-endocytosis2_baseline_zero_diffusion0000-0041,13.6,892,1.361402767028622,1.5419391056676326
run-endocytosis2_baseline_zero_diffusion0000-0042,13.6,800,1.17345945064991,1.5048905943605613
run-endocytosis2_baseline_zero_diffusion0000-0043,13.6,18,0.7207014550821959,1.1415790594158324
run-endocytosis2_baseline_zero_diffusion0000-0044,13.6,1434,1.3572603356443056,1.521915291783525
run-endocytosis2_baseline_zero_diffusion0000-0046,13.6,282,1.0629571569182608,1.5077233073711405
run-endocytosis2_baseline_zero_diffusion0000-0047,13.6,891,1.1539414687004164,1.5174217125022853
run-endocytosis2_baseline_zero_diffusion0000-0048,13.6,688,1.1498707301954452,1.4977579605548226
run-endocytosis2_baseline_zero_diffusion0000-0049,13.6,19,1.2507505756054473,1.2563392130713682
run-endocytosis2_baseline_zero_diffusion0000-0000,13.7,17,1.3378483888537858,1.3283969191841027
run-endocytosis2_baseline_zero_diffusion0000-0001,13.7,467,1.2302228305950835,1.5306861105989495
run-endocytosis2_baseline_zero_diffusion0000-0002,13.7,673,1.193816653031815,1.5391528032395452
run-endocytosis2_baseline_zero_diffusion0000-0003,13.7,1328,1.3472042562802389,1.5308480239904763
run-endocytosis2_baseline_zero_diffusion0000-0004,13.7,430,1.081107771405857,1.5088237942339546
run-endocytosis2_baseline_zero_diffusion0000-0005,13.7,387,1.158898092679015,1.5017985991058296
run-endocytosis2_baseline_zero_diffusion0000-0006,13.7,1450,1.4670734555653704,1.5252112492072336
run-endocytosis2_baseline_zero_diffusion0000-0007,13.7,478,1.2370398488311114,1.518684621025817
run-endocytosis2_baseline_zero_diffusion0000-0008,13.7,365,0.9602801330205981,1.5257750576342297
run-endocytosis2_baseline_zero_diffusion0000-0009,13.7,329,1.0503950508058737,1.4753908616420335
run-endocytosis2_baseline_zero_diffusion0000-0010,13.7,1336,1.3276934934450075,1.50838316502816
run-endocytosis2_baseline_zero_diffusion0000-0011,13.7,37,1.263368342756379,1.3536024564356914
run-endocytosis2_baseline_zero_diffusion0000-0012,13.7,963,1.143083287922598,1.5147113242441859
run-endocytosis2_baseline_zero_diffusion0000-0013,13.7,1040,1.4346622475041808,1.534088083079605
run-endocytosis2_baseline_zero_diffusion0000-0014,13.7,866,1.2779155260641464,1.5233140874952502
run-endocytosis2_baseline_zero_diffusion0000-0015,13.7,30,0.7445540233492032,1.259475530710831
run-endocytosis2_baseline_zero_diffusion0000-0016,13.7,346,1.0821914735015066,1.5112372237379954
run-endocytosis2_baseline_zero_diffusion0000-0017,13.7,531,1.227553845638874,1.5113383112107575
run-endocytosis2_baseline_zero_diffusion0000-0018,13.7,1178,0.859048575711717,1.5339575013936724
run-endocytosis2_baseline_zero_diffusion0000-0019,13.7,1356,1.3646780617531424,1.5461404377125196
run-endocytosis2_baseline_zero_diffusion0000-0020,13.7,12,0.8331499227254513,1.121917007355099
run-endocytosis2_baseline_zero_diffusion0000-0021,13.7,1199,1.2539792012185653,1.5321806631522559
run-endocytosis2_baseline_zero_diffusion0000-0022,13.7,1112,0.9860993020942665,1.5247087128660397
run-endocytosis2_baseline_zero_diffusion0000-0023,13.7,602,1.356561327142696,1.482096366001248
run-endocytosis2_baseline_zero_diffusion0000-0024,13.7,109,1.262251491224625,1.3651486974350948
run-endocytosis2_baseline_zero_diffusion0000-0025,13.7,397,1.2040502106191737,1.4559300366736752
run-endocytosis2_baseline_zero_diffusion0000-0026,13.7,7,0.016727388111664965,0.9731417564249267
run-endocytosis2_baseline_zero_diffusion0000-0027,13.7,224,0.527982092139889,1.4801768816088001
run-endocytosis2_baseline_zero_diffusion0000-0028,13.7,380,1.3693681433511826,1.5058004269091025
run-endocytosis2_baseline_zero_diffusion0000-0029,13.7,1335,1.3012875409667848,1.533413330716874
run-endocytosis2_baseline_zero_diffusion0000-0030,13.7,1016,1.3344097346834363,1.5285475180657466
run-endocytosis2_baseline_zero_diffusion0000-0031,13.7,774,1.1046059571295785,1.522521200959167
run-endocytosis2_baseline_zero_diffusion0000-0032,13.7,1292,1.2973369296280055,1.5221722660838977
run-endocytosis2_baseline_zero_diffusion0000-0033,13.7,268,1.1948493292768503,1.4615840654385701
run-endocytosis2_baseline_zero_diffusion0000-0034,13.7,45,0.8839957848849377,1.3770978839128687
run-endocytosis2_baseline_zero_diffusion0000-0035,13.7,7,0.07487878067112219,1.0639252121703513
run-endocytosis2_baseline_zero_diffusion0000-0037,13.7,155,0.7845615160025253,1.472117552058916
run-endocytosis2_baseline_zero_diffusion0000-0038,13.7,164,1.2944846293682477,1.4860619739905647
run-endocytosis2_baseline_zero_diffusion0000-0039,13.7,108,0.9725859566529715,1.492219395695318
run-endocytosis2_baseline_zero_diffusion0000-0040,13.7,366,1.0247919120352207,1.5090830874268022
run-endocytosis2_baseline_zero_diffusion0000-0041,13.7,895,1.3022258999966012,1.5286662953880903
run-endocytosis2_baseline_zero_diffusion0000-0042,13.7,800,1.1042311279425265,1.5169807608139763
run-endocytosis2_baseline_zero_diffusion0000-0043,13.7,18,0.6896967584754138,1.3258154296825193
run-endocytosis2_baseline_zero_diffusion0000-0044,13.7,1451,1.3214445626614135,1.527437235914052
run-endocytosis2_baseline_zero_diffusion0000-0046,13.7,287,1.1458628024665216,1.5213376407265264
run-endocytosis2_baseline_zero_diffusion0000-0047,13.7,905,1.1428741454714193,1.512591513462021
run-endocytosis2_baseline_zero_diffusion0000-0048,13.7,688,1.1436529712790193,1.5172379661588593
run-endocytosis2_baseline_zero_diffusion0000-0049,13.7,19,1.2427433617897272,1.3098535702909018
run-endocytosis2_baseline_zero_diffusion0000-0000,13.8,17,1.3443588801159045,1.3566495979258357
run-endocytosis2_baseline_zero_diffusion0000-0001,13.8,487,1.2059723685429167,1.4980760512639573
run-endocytosis2_baseline_zero_diffusion0000-0002,13.8,683,1.21596677385492,1.5131101608783748
run-endocytosis2_baseline_zero_diffusion0000-0003,13.8,1332,1.3432259906941004,1.5468032777523038
run-endocytosis2_baseline_zero_diffusion0000-0004,13.8,440,1.0755067705731944,1.4846222751115281
run-endocytosis2_baseline_zero_diffusion0000-0005,13.8,387,1.1814398782313287,1.497463180979181
run-endocytosis2_baseline_zero_diffusion0000-0006,13.8,1451,1.4783645865333788,1.5404141087185894
run-endocytosis2_baseline_zero_diffusion0000-0007,13.8,489,1.1710895904010457,1.5134133582948213
run-endocytosis2_baseline_zero_diffusion0000-0008,13.8,373,0.9795320608243459,1.5133208921920582
run-endocytosis2_baseline_zero_diffusion0000-0009,13.8,329,0.984695850923337,1.512787311627923
run-endocytosis2_baseline_zero_diffusion0000-0010,13.8,1336,1.3028284451288814,1.5390900013224371
run-endocytosis2_baseline_zero_diffusion0000-0011,13.8,37,1.2838304946518961,1.4136859750512896
run-endocytosis2_baseline_zero_diffusion0000-0012,13.8,975,1.1463477246118323,1.4704247603858922
run-endocytosis2_baseline_zero_diffusion0000-0013,13.8,1055,1.3924126814597226,1.5168452591653103
run-endocytosis2_baseline_zero_diffusion0000-0014,13.8,871,1.2215381970763681,1.5255868011574423
run-endocytosis2_baseline_zero_diffusion0000-0015,13.8,30,0.7870033166659096,1.4153477864896398
run-endocytosis2_baseline_zero_diffusion0000-0016,13.8,369,1.0678030285320383,1.4775115499324383
run-endocytosis2_baseline_zero_diffusion0000-0017,13.8,538,1.2149944916151372,1.5270870148422433
run-endocytosis2_baseline_zero_diffusion0000-0018,13.8,1179,0.836722786680786,1.5244061456667073
run-endocytosis2_baseline_zero_diffusion0000-0019,13.8,1356,1.3818628301708098,1.5128469567249188
run-endocytosis2_baseline_zero_diffusion0000-0020,13.8,12,0.8498654929290157,1.105911235773992
run-endocytosis2_baseline_zero_diffusion0000-0021,13.8,1203,1.2814551873018003,1.5336196928588128
run-endocytosis2_baseline_zero_diffusion0000-0022,13.8,1116,1.0253504311165689,1.5357116241737112
run-endocytosis2_baseline_zero_diffusion0000-0023,13.8,606,1.3384909522312818,1.5326653616995534
run-endocytosis2_baseline_zero_diffusion0000-0024,13.8,109,1.2039784424029478,1.4350575927671603
run-endocytosis2_baseline_zero_diffusion0000-0025,13.8,402,1.1647201061271393,1.4985494037194582
run-endocytosis2_baseline_zero_diffusion0000-0026,13.8,7,0.024303251889881583,0.931139168154785
run-endocytosis2_baseline_zero_diffusion0000-0027,13.8,225,0.4979628225603574,1.4736492801873275
run-endocytosis2_baseline_zero_diffusion0000-0028,13.8,617,1.234230767502015,1.5355268224356358
run-endocytosis2_baseline_zero_diffusion0000-0029,13.8,1347,1.2596650725803569,1.5380101862659596
run-endocytosis2_baseline_zero_diffusion0000-0030,13.8,1029,1.3392794953847043,1.5304547843630605
run-endocytosis2_baseline_zero_diffusion0000-0031,13.8,782,1.1092538578152216,1.5188359400109197
run-endocytosis2_baseline_zero_diffusion0000-0032,13.8,1298,1.3116557074612287,1.5231211215647569
run-endocytosis2_baseline_zero_diffusion0000-0033,13.8,270,1.105942449862605,1.4862346877444044
run-endocytosis2_baseline_zero_diffusion0000-0034,13.8,45,0.8930836955512973,1.32287826270309
run-endocytosis2_baseline_zero_diffusion0000-0035,13.8,7,0.0632292483159369,1.1353071141221802
run-endocytosis2_baseline_zero_diffusion0000-0037,13.8,155,0.7523650160884485,1.4720621076947802
run-endocytosis2_baseline_zero_diffusion0000-0038,13.8,164,1.2581988976727605,1.487536657072466
run-endocytosis2_baseline_zero_diffusion0000-0039,13.8,108,1.0418151094844368,1.3755527772524272
run-endocytosis2_baseline_zero_diffusion0000-0040,13.8,366,1.0052095840370567,1.5121405260855567
run-endocytosis2_baseline_zero_diffusion0000-0041,13.8,895,1.3131451181391713,1.4719744283337166
run-endocytosis2_baseline_zero_diffusion0000-0042,13.8,800,1.172752342984588,1.533940176300415
run-endocytosis2_baseline_zero_diffusion0000-0043,13.8,18,0.6914403969500454,1.1458596806635146
run-endocytosis2_baseline_zero_diffusion0000-0044,13.8,1457,1.31352236579347,1.5312928001368564
run-endocytosis2_baseline_zero_diffusion0000-0046,13.8,296,1.0494219275509635,1.501877865409735
run-endocytosis2_baseline_zero_diffusion0000-0047,13.8,912,1.0953272081505125,1.530754930469644
run-endocytosis2_baseline_zero_diffusion0000-0048,13.8,697,1.137338695408019,1.507587264140183
run-endocytosis2_baseline_zero_diffusion0000-0049,13.8,19,1.2355082949537248,1.358335734187798
run-endocytosis2_baseline_zero_diffusion0000-0000,13.9,17,1.352127784765776,1.3021431387427653
run-endocytosis2_baseline_zero_diffusion0000-0001,13.9,508,1.213213189175692,1.4987539661345728
run-endocytosis2_baseline_zero_diffusion0000-0002,13.9,693,1.2432220581274673,1.5088818455049784
run-endocytosis2_baseline_zero_diffusion0000-0003,13.9,1337,1.3417065811359727,1.5338029991156459
run-endocytosis2_baseline_zero_diffusion0000-0004,13.9,445,1.0427225419692652,1.500913497557638
run-endocytosis2_baseline_zero_diffusion0000-0005,13.9,387,1.1743176591588118,1.5022700315473774
run-endocytosis2_baseline_zero_diffusion0000-0006,13.9,1455,1.4685430444581833,1.5425938051036527
run-endocytosis2_baseline_zero_diffusion0000-0007,13.9,496,1.2016453299295033,1.5135747418281316
run-endocytosis2_baseline_zero_diffusion0000-0008,13.9,381,1.0181709688588807,1.5017361746694702
run-endocytosis2_baseline_zero_diffusion0000-0009,13.9,329,1.0517161359738885,1.4702900369635337
run-endocytosis2_baseline_zero_diffusion0000-0010,13.9,1336,1.3105329598097406,1.5411167055057768
run-endocytosis2_baseline_zero_diffusion0000-0011,13.9,37,1.2859055747331567,1.28383370042175
run-endocytosis2_baseline_zero_diffusion0000-0012,13.9,992,1.1380712303852314,1.536073579702531
run-endocytosis2_baseline_zero_diffusion0000-0013,13.9,1081,1.375978966496615,1.512730862486495
run-endocytosis2_baseline_zero_diffusion0000-0014,13.9,871,1.2386992135049475,1.5174674668190213
run-endocytosis2_baseline_zero_diffusion0000-0015,13.9,30,0.7601965597004025,1.4120437635598473
run-endocytosis2_baseline_zero_diffusion0000-0016,13.9,387,1.0412082181373166,1.4961131572615574
run-endocytosis2_baseline_zero_diffusion0000-0017,13.9,538,1.2652730172363762,1.5270009375613323
run-endocytosis2_baseline_zero_diffusion0000-0018,13.9,1179,0.8077248673981814,1.5389171120178866
run-endocytosis2_baseline_zero_diffusion0000-0019,13.9,1359,1.3882580124020019,1.5403211148110192
run-endocytosis2_baseline_zero_diffusion0000-0020,13.9,12,0.8081940986632081,0.9432006142862324
run-endocytosis2_baseline_zero_diffusion0000-0021,13.9,1208,1.2172458497005902,1.5350500925290982
run-endocytosis2_baseline_zero_diffusion0000-0022,13.9,1138,1.076554804446101,1.536853386644501
run-endocytosis2_baseline_zero_diffusion0000-0023,13.9,608,1.3593027103833695,1.5156620716402247
run-endocytosis2_baseline_zero_diffusion0000-0024,13.9,109,1.2412658187253385,1.4469025073582549
run-endocytosis2_baseline_zero_diffusion0000-0025,13.9,407,1.2153005395984162,1.49771410290557
run-endocytosis2_baseline_zero_diffusion0000-0026,13.9,7,0.016339064032470096,1.1471371260514038
run-endocytosis2_baseline_zero_diffusion0000-0027,13.9,225,0.5695089816257135,1.4046390051104671
run-endocytosis2_baseline_zero_diffusion0000-0028,13.9,626,1.2235320336152526,1.4842761807639075
run-endocytosis2_baseline_zero_diffusion0000-0029,13.9,1353,1.2796612114825223,1.5451676316979355
run-endocytosis2_baseline_zero_diffusion0000-0030,13.9,1037,1.3540070798815385,1.5398787887319056
run-endocytosis2_baseline_zero_diffusion0000-0031,13.9,784,1.0939251457741053,1.525481960036393
run-endocytosis2_baseline_zero_diffusion0000-0032,13.9,1303,1.306616141050891,1.52371646154537
run-endocytosis2_baseline_zero_diffusion0000-0033,13.9,270,1.1292763002766928,1.4769098748838683
run-endocytosis2_baseline_zero_diffusion0000-0034,13.9,45,0.8931501165145244,1.3978987178017936
run-endocytosis2_baseline_zero_diffusion0000-0035,13.9,7,0.14506780023219257,0.6568873323596773
run-endocytosis2_baseline_zero_diffusion0000-0037,13.9,155,0.8720506292656343,1.4540666013740995
run-endocytosis2_baseline_zero_diffusion0000-0038,13.9,164,1.1786301759807511,1.4867325838319625
run-endocytosis2_baseline_zero_diffusion0000-0039,13.9,108,1.0244618762766633,1.4560817145508615
run-endocytosis2_baseline_zero_diffusion0000-0040,13.9,374,0.9321570242146106,1.4931956600986163
run-endocytosis2_baseline_zero_diffusion0000-0041,13.9,895,1.3441445838869088,1.5329281639011203
run-endocytosis2_baseline_zero_diffusion0000-0042,13.9,800,1.1609713569100004,1.5291462916012657
run-endocytosis2_baseline_zero_diffusion0000-0043,13.9,18,0.6812255934521478,1.156310167683309
run-endocytosis2_baseline_zero_diffusion0000-0044,13.9,1462,1.324956041558828,1.501625741443548
run-endocytosis2_baseline_zero_diffusion0000-0046,13.9,310,1.097119594288938,1.4853832773456916
run-endocytosis2_baseline_zero_diffusion0000-0047,13.9,917,1.0671220439325957,1.501204874641043
run-endocytosis2_baseline_zero_diffusion0000-0048,13.9,701,1.1808565019813808,1.508549487332364
run-endocytosis2_baseline_zero_diffusion0000-0049,13.9,19,1.2328448089468487,1.1302035210119898
run-endocytosis2_baseline_zero_diffusion0000-0000,14.0,17,1.3114247059388895,1.2992342207898404
run-endocytosis2_baseline_zero_diffusion0000-0001,14.0,519,1.2284101166579657,1.5263479675114746
run-endocytosis2_baseline_zero_diffusion0000-0002,14.0,699,1.2155563677771302,1.5157834078999104
run-endocytosis2_baseline_zero_diffusion0000-0003,14.0,1345,1.3137285741491485,1.5418334650943601
run-endocytosis2_baseline_zero_diffusion0000-0004,14.0,454,1.0064562772401802,1.5129139761603827
run-endocytosis2_baseline_zero_diffusion0000-0005,14.0,387,1.2239242794071903,1.501613069497801
run-endocytosis2_baseline_zero_diffusion0000-0006,14.0,1462,1.4738910358516304,1.5047719530010628
run-endocytosis2_baseline_zero_diffusion0000-0007,14.0,506,1.2020762438540933,1.5186323846981098
run-endocytosis2_baseline_zero_diffusion0000-0008,14.0,381,1.0176360361658179,1.4906569963263465
run-endocytosis2_baseline_zero_diffusion0000-0009,14.0,333,0.9950363796941085,1.5118273594082834
run-endocytosis2_baseline_zero_diffusion0000-0010,14.0,1336,1.331900638116194,1.539784667657518
run-endocytosis2_baseline_zero_diffusion0000-0011,14.0,37,1.2707705058712508,1.2541305108555223
run-endocytosis2_baseline_zero_diffusion0000-0012,14.0,1011,1.111187905477422,1.5298692407954557
run-endocytosis2_baseline_zero_diffusion0000-0013,14.0,1092,1.3318856271305823,1.5422789031382147
run-endocytosis2_baseline_zero_diffusion0000-0014,14.0,871,1.2830687839906931,1.527328546151797
run-endocytosis2_baseline_zero_diffusion0000-0015,14.0,30,0.759795988956361,1.3862708374561798
run-endocytosis2_baseline_zero_diffusion0000-0016,14.0,402,0.9792059014402781,1.4470166697300597
run-endocytosis2_baseline_zero_diffusion0000-0017,14.0,538,1.2874657824093954,1.4513592578877876
run-endocytosis2_baseline_zero_diffusion0000-0018,14.0,1197,0.8071040901332048,1.53071803737684
run-endocytosis2_baseline_zero_diffusion0000-0019,14.0,1373,1.3924881241234315,1.515739527954041
run-endocytosis2_baseline_zero_diffusion0000-0020,14.0,12,0.8257236951033852,1.2640684571733176
run-endocytosis2_baseline_zero_diffusion0000-0021,14.0,1215,1.226388524119494,1.5239526099965466
run-endocytosis2_baseline_zero_diffusion0000-0022,14.0,1154,1.0831634235188092,1.5336772728517745
run-endocytosis2_baseline_zero_diffusion0000-0023,14.0,608,1.3345114089824224,1.5289183408162672
run-endocytosis2_baseline_zero_diffusion0000-0024,14.0,109,1.2989804273065804,1.4467026335152253
run-endocytosis2_baseline_zero_diffusion0000-0025,14.0,409,1.1907104077161776,1.5246240017865755
run-endocytosis2_baseline_zero_diffusion0000-0026,14.0,7,0.007227346159119241,1.0323815730883685
run-endocytosis2_baseline_zero_diffusion0000-0027,14.0,230,0.5378181661677073,1.47901756716458
run-endocytosis2_baseline_zero_diffusion0000-0028,14.0,641,1.2202620425078021,1.5396950910694516
run-endocytosis2_baseline_zero_diffusion0000-0029,14.0,1363,1.291255147773544,1.5334279395043635
run-endocytosis2_baseline_zero_diffusion0000-0030,14.0,1046,1.3586221287225642,1.5226030163921866
run-endocytosis2_baseline_zero_diffusion0000-0031,14.0,789,1.060421290431153,1.496699728196166
run-endocytosis2_baseline_zero_diffusion0000-0032,14.0,1308,1.3178077527276755,1.5326604155905648
run-endocytosis2_baseline_zero_diffusion0000-0033,14.0,276,1.0989957497988956,1.5146900453065681
run-endocytosis2_baseline_zero_diffusion0000-0034,14.0,45,0.9205213130431683,1.421390639155712
run-endocytosis2_baseline_zero_diffusion0000-0035,14.0,7,0.06590795016383377,1.000429438771647
run-endocytosis2_baseline_zero_diffusion0000-0037,14.0,155,0.8164548595473086,1.4499025512962243
run-endocytosis2_baseline_zero_diffusion0000-0038,14.0,164,1.3436216875061227,1.374689337888144
run-endocytosis2_baseline_zero_diffusion0000-0039,14.0,108,1.0982414370577014,1.4511700867427813
run-endocytosis2_baseline_zero_diffusion0000-0040,14.0,389,0.9239288418105224,1.4593401972975277
run-endocytosis2_baseline_zero_diffusion0000-0041,14.0,900,1.3190876643074267,1.5300663191456634
run-endocytosis2_baseline_zero_diffusion0000-0042,14.0,803,1.0709407392067916,1.526473289621526
run-endocytosis2_baseline_zero_diffusion0000-0043,14.0,18,0.7173832582355062,1.3084726750056064
run-endocytosis2_baseline_zero_diffusion0000-0044,14.0,1467,1.300670660571631,1.549575350429707
run-endocytosis2_baseline_zero_diffusion0000-0046,14.0,318,1.069270907265412,1.4835622700359907
run-endocytosis2_baseline_zero_diffusion0000-0047,14.0,920,1.0726983006395412,1.5410354013472047
run-endocytosis2_baseline_zero_diffusion0000-0048,14.0,712,1.206272858566359,1.5311507942006055
run-endocytosis2_baseline_zero_diffusion0000-0049,14.0,19,1.2476440070373387,1.1882453106468418
run-endocytosis2_baseline_zero_diffusion0000-0000,14.1,17,1.306256122994594,1.2933703149968565
run-endocytosis2_baseline_zero_diffusion0000-0001,14.1,524,1.187244614542565,1.5144962388551726
run-endocytosis2_baseline_zero_diffusion0000-0002,14.1,699,1.2060266427162398,1.5179193467257115
run-endocytosis2_baseline_zero_diffusion0000-0003,14.1,1345,1.3455356665499487,1.5092957917607814
run-endocytosis2_baseline_zero_diffusion0000-0004,14.1,462,1.040870989252951,1.508701930669976
run-endocytosis2_baseline_zero_diffusion0000-0005,14.1,387,1.1817451373088064,1.4869876678468446
run-endocytosis2_baseline_zero_diffusion0000-0006,14.1,1463,1.437195040878357,1.5394914373011193
run-endocytosis2_baseline_zero_diffusion0000-0007,14.1,518,1.2329792987813923,1.4649899190257099
run-endocytosis2_baseline_zero_diffusion0000-0008,14.1,381,1.0557768812777462,1.5074675119381615
run-endocytosis2_baseline_zero_diffusion0000-0009,14.1,341,0.9554613307090024,1.4752595988092345
run-endocytosis2_baseline_zero_diffusion0000-0010,14.1,1336,1.3128744698746875,1.539364556381954
run-endocytosis2_baseline_zero_diffusion0000-0011,14.1,37,1.1297213457353494,1.2884208642972945
run-endocytosis2_baseline_zero_diffusion0000-0012,14.1,1033,1.1394535478061316,1.4957390168972093
run-endocytosis2_baseline_zero_diffusion0000-0013,14.1,1102,1.3602610421077825,1.5260660435750126
run-endocytosis2_baseline_zero_diffusion0000-0014,14.1,871,1.2385852287022296,1.5367989150516257
run-endocytosis2_baseline_zero_diffusion0000-0015,14.1,30,0.747494657069796,1.41050595865176
run-endocytosis2_baseline_zero_diffusion0000-0016,14.1,417,1.004764313343045,1.5159957520453002
run-endocytosis2_baseline_zero_diffusion0000-0017,14.1,540,1.2488779739351763,1.5220276891453177
run-endocytosis2_baseline_zero_diffusion0000-0018,14.1,1212,0.8485704753609278,1.5242687899378748
run-endocytosis2_baseline_zero_diffusion0000-0019,14.1,1382,1.3591522687742035,1.5003340611904812
run-endocytosis2_baseline_zero_diffusion0000-0020,14.1,12,0.8136207804636404,1.0917316150136862
run-endocytosis2_baseline_zero_diffusion0000-0021,14.1,1219,1.2283251230000665,1.5184510982484496
run-endocytosis2_baseline_zero_diffusion0000-0022,14.1,1169,1.104871842090781,1.4976443847083811
run-endocytosis2_baseline_zero_diffusion0000-0023,14.1,603,1.343686335648813,1.484066023670815
run-endocytosis2_baseline_zero_diffusion0000-0024,14.1,109,1.280625657587974,1.4440734379498712
run-endocytosis2_baseline_zero_diffusion0000-0025,14.1,413,1.2380583885353982,1.5231567721973458
run-endocytosis2_baseline_zero_diffusion0000-0026,14.1,7,0.008902758882639361,1.0361607387460046
run-endocytosis2_baseline_zero_diffusion0000-0027,14.1,231,0.5007091448259751,1.4348845539673485
run-endocytosis2_baseline_zero_diffusion0000-0028,14.1,650,1.2372566319301985,1.523296954188235
run-endocytosis2_baseline_zero_diffusion0000-0029,14.1,1368,1.299499304017338,1.5402911622224804
run-endocytosis2_baseline_zero_diffusion0000-0030,14.1,1054,1.3204715269433211,1.5184768576030536
run-endocytosis2_baseline_zero_diffusion0000-0031,14.1,801,1.032025695593147,1.525736475989376
run-endocytosis2_baseline_zero_diffusion0000-0032,14.1,1313,1.3314199356855,1.5309759063343007
run-endocytosis2_baseline_zero_diffusion0000-0033,14.1,279,1.1055042740882146,1.4996785240663213
run-endocytosis2_baseline_zero_diffusion0000-0034,14.1,45,0.9111871052345979,1.3501923327559453
run-endocytosis2_baseline_zero_diffusion0000-0035,14.1,7,0.07924574411910101,0.8837026474679892
run-endocytosis2_baseline_zero_diffusion0000-0037,14.1,155,0.9023096800102619,1.475646514871562
run-endocytosis2_baseline_zero_diffusion0000-0038,14.1,164,1.3657385357321332,1.4345503709354417
run-endocytosis2_baseline_zero_diffusion0000-0039,14.1,108,1.0483687718921928,1.4612110591871472
run-endocytosis2_baseline_zero_diffusion0000-0040,14.1,415,0.9144875543493449,1.5148578624254296
run-endocytosis2_baseline_zero_diffusion0000-0041,14.1,910,1.3374072429071941,1.5228136643591532
run-endocytosis2_baseline_zero_diffusion0000-0042,14.1,803,1.0397394060540253,1.5216406373831526
run-endocytosis2_baseline_zero_diffusion0000-0043,14.1,18,0.7393140137025135,1.3014914376596864
run-endocytosis2_baseline_zero_diffusion0000-0044,14.1,1467,1.2999972946330436,1.5205007772682049
run-endocytosis2_baseline_zero_diffusion0000-0046,14.1,327,0.9862988571485984,1.516023122899148
run-endocytosis2_baseline_zero_diffusion0000-0047,14.1,922,1.080985937908432,1.52108145869864
run-endocytosis2_baseline_zero_diffusion0000-0048,14.1,730,1.1858338368976111,1.4842044559294885
run-endocytosis2_baseline_zero_diffusion0000-0049,14.1,19,1.2477194053204608,1.1937270401659548
run-endocytosis2_baseline_zero_diffusion0000-0000,14.2,17,1.333853605008762,1.365716823430445
run-endocytosis2_baseline_zero_diffusion0000-0001,14.2,535,1.244850587486787,1.5294005744125676
run-endocytosis2_baseline_zero_diffusion0000-0002,14.2,699,1.2367414621925394,1.5058141430549645
run-endocytosis2_baseline_zero_diffusion0000-0003,14.2,1351,1.3127254634798853,1.534732057844693
run-endocytosis2_baseline_zero_diffusion0000-0004,14.2,463,1.048227912964487,1.5018427123922435
run-endocytosis2_baseline_zero_diffusion0000-0005,14.2,387,1.2377066527695788,1.5227937760539072
run-endocytosis2_baseline_zero_diffusion0000-0006,14.2,1463,1.435786741618062,1.5395763445945254
run-endocytosis2_baseline_zero_diffusion0000-0007,14.2,523,1.1833948671554517,1.5044004715424806
run-endocytosis2_baseline_zero_diffusion0000-0008,14.2,381,1.0592315822469387,1.4865573558391982
run-endocytosis2_baseline_zero_diffusion0000-0009,14.2,346,0.9640955847894238,1.4079866634413005
run-endocytosis2_baseline_zero_diffusion0000-0010,14.2,1336,1.3444390182929267,1.5191173444572863
run-endocytosis2_baseline_zero_diffusion0000-0011,14.2,37,1.2013943800941775,1.3925328879301788
run-endocytosis2_baseline_zero_diffusion0000-0012,14.2,1053,1.1672755954342109,1.492265491330281
run-endocytosis2_baseline_zero_diffusion0000-0013,14.2,1117,1.3763520441300967,1.5220315202440475
run-endocytosis2_baseline_zero_diffusion0000-0014,14.2,871,1.2217979451172551,1.5187124978124413
run-endocytosis2_baseline_zero_diffusion0000-0015,14.2,30,0.7402916506011282,1.364018031554951
run-endocytosis2_baseline_zero_diffusion0000-0016,14.2,433,1.0304416252839863,1.5064520385354103
run-endocytosis2_baseline_zero_diffusion0000-0017,14.2,541,1.235871215099663,1.5214217661223473
run-endocytosis2_baseline_zero_diffusion0000-0018,14.2,1220,0.8808418400871604,1.5425926203861822
run-endocytosis2_baseline_zero_diffusion0000-0019,14.2,1385,1.4050118844835084,1.5053473373703818
run-endocytosis2_baseline_zero_diffusion0000-0020,14.2,12,0.8579066420031262,0.6964045664683103
run-endocytosis2_baseline_zero_diffusion0000-0021,14.2,1219,1.2339320598614885,1.5289972315390319
run-endocytosis2_baseline_zero_diffusion0000-0022,14.2,1184,1.0983099463936,1.5462454604136255
run-endocytosis2_baseline_zero_diffusion0000-0023,14.2,603,1.375123977055003,1.5340461795299276
run-endocytosis2_baseline_zero_diffusion0000-0024,14.2,109,1.2406426706730447,1.4459273269879922
run-endocytosis2_baseline_zero_diffusion0000-0025,14.2,422,1.2109376959978198,1.5294792795860308
run-endocytosis2_baseline_zero_diffusion0000-0026,14.2,7,0.023938672415963813,0.8627124621379315
run-endocytosis2_baseline_zero_diffusion0000-0027,14.2,231,0.4782546779599395,1.5003928014780696
run-endocytosis2_baseline_zero_diffusion0000-0028,14.2,660,1.2109048998458611,1.486074373060381
run-endocytosis2_baseline_zero_diffusion0000-0029,14.2,1373,1.3291729465007034,1.534798819368857
run-endocytosis2_baseline_zero_diffusion0000-0030,14.2,1059,1.3262326687621069,1.5339265126215431
run-endocytosis2_baseline_zero_diffusion0000-0031,14.2,822,1.0572666879877632,1.5156065795328553
run-endocytosis2_baseline_zero_diffusion0000-0032,14.2,1315,1.3387362098524767,1.4796180520870577
run-endocytosis2_baseline_zero_diffusion0000-0033,14.2,279,1.1213589188008055,1.5085516646544992
run-endocytosis2_baseline_zero_diffusion0000-0034,14.2,45,0.8900130978336566,1.270445064132332
run-endocytosis2_baseline_zero_diffusion0000-0035,14.2,7,0.07892507226683554,1.121894618802577
run-endocytosis2_baseline_zero_diffusion0000-0037,14.2,155,0.8607258966327564,1.3712321118200705
run-endocytosis2_baseline_zero_diffusion0000-0038,14.2,164,1.3155710991222807,1.485783073203104
run-endocytosis2_baseline_zero_diffusion0000-0039,14.2,108,1.0493855028906665,1.4212867401324962
run-endocytosis2_baseline_zero_diffusion0000-0040,14.2,450,0.8224920250777508,1.4856307689698187
run-endocytosis2_baseline_zero_diffusion0000-0041,14.2,923,1.3429430887409917,1.5361433777549405
run-endocytosis2_baseline_zero_diffusion0000-0042,14.2,803,1.075330181613718,1.5207955643176378
run-endocytosis2_baseline_zero_diffusion0000-0043,14.2,18,0.7100544683258754,1.3650794814439076
run-endocytosis2_baseline_zero_diffusion0000-0044,14.2,1467,1.3138502036016626,1.5232109212469793
run-endocytosis2_baseline_zero_diffusion0000-0045,14.2,47,0.3618241122468904,1.3871936110750733
run-endocytosis2_baseline_zero_diffusion0000-0046,14.2,333,0.902785374528859,1.5054033939009124
run-endocytosis2_baseline_zero_diffusion0000-0047,14.2,933,1.0744825701918974,1.5275809983106017
run-endocytosis2_baseline_zero_diffusion0000-0048,14.2,737,1.1725403985869365,1.5230208005053945
run-endocytosis2_baseline_zero_diffusion0000-0049,14.2,19,1.2367827857945908,1.2755522820730105
run-endocytosis2_baseline_zero_diffusion0000-0000,14.3,17,1.3247339474506996,1.2664148132238446
run-endocytosis2_baseline_zero_diffusion0000-0001,14.3,553,1.2580079978169338,1.5204038032771108
run-endocytosis2_baseline_zero_diffusion0000-0002,14.3,702,1.2826590483938904,1.5380758688565062
run-endocytosis2_baseline_zero_diffusion0000-0003,14.3,1356,1.240645177901328,1.513262996082642
run-endocytosis2_baseline_zero_diffusion0000-0004,14.3,470,1.0104591207894609,1.5075423311464426
run-endocytosis2_baseline_zero_diffusion0000-0005,14.3,387,1.221657808110006,1.5008800395079227
run-endocytosis2_baseline_zero_diffusion0000-0006,14.3,1468,1.4736627199779366,1.532838186687757
run-endocytosis2_baseline_zero_diffusion0000-0007,14.3,525,1.1827581021565443,1.4883609338827868
run-endocytosis2_baseline_zero_diffusion0000-0008,14.3,381,1.0154854780820515,1.5046156771594252
run-endocytosis2_baseline_zero_diffusion0000-0009,14.3,347,0.9499451528804602,1.515600008446127
run-endocytosis2_baseline_zero_diffusion0000-0010,14.3,1336,1.3626444421935506,1.5296717957569068
run-endocytosis2_baseline_zero_diffusion0000-0011,14.3,37,1.233267943630696,1.3054239791521702
run-endocytosis2_baseline_zero_diffusion0000-0012,14.3,1037,1.1731644282026044,1.5420378215817034
run-endocytosis2_baseline_zero_diffusion0000-0013,14.3,1134,1.3563381560708667,1.5212797337888795
run-endocytosis2_baseline_zero_diffusion0000-0014,14.3,886,1.2416130736459867,1.5201896304712266
run-endocytosis2_baseline_zero_diffusion0000-0015,14.3,30,0.7612803881441139,1.401929513655103
run-endocytosis2_baseline_zero_diffusion0000-0016,14.3,450,0.9964572756360246,1.5238352483126292
run-endocytosis2_baseline_zero_diffusion0000-0017,14.3,541,1.2612547008098696,1.5321216296544369
run-endocytosis2_baseline_zero_diffusion0000-0018,14.3,1224,0.8773971153779866,1.5133395480361007
run-endocytosis2_baseline_zero_diffusion0000-0019,14.3,1393,1.3734286239857418,1.5333267100484846
run-endocytosis2_baseline_zero_diffusion0000-0020,14.3,12,0.7602187820805605,1.2413067782314888
run-endocytosis2_baseline_zero_diffusion0000-0021,14.3,1219,1.252005765250804,1.5366801008848865
run-endocytosis2_baseline_zero_diffusion0000-0022,14.3,1202,1.1062888775531672,1.5247478699565333
run-endocytosis2_baseline_zero_diffusion0000-0023,14.3,613,1.3850987851280079,1.4630319651920125
run-endocytosis2_baseline_zero_diffusion0000-0024,14.3,109,1.2370943527797154,1.3998976175636098
run-endocytosis2_baseline_zero_diffusion0000-0025,14.3,437,1.2106649814136627,1.4952843826925293
run-endocytosis2_baseline_zero_diffusion0000-0026,14.3,7,0.008411138611458702,1.057634413427773
run-endocytosis2_baseline_zero_diffusion0000-0027,14.3,231,0.6369565032881447,1.4734915031014253
run-endocytosis2_baseline_zero_diffusion0000-0028,14.3,606,1.261596589303316,1.5113130105687513
run-endocytosis2_baseline_zero_diffusion0000-0029,14.3,1378,1.3277768357740285,1.529008088914011
run-endocytosis2_baseline_zero_diffusion0000-0030,14.3,1068,1.4123535229485602,1.541348867582328
run-endocytosis2_baseline_zero_diffusion0000-0031,14.3,834,1.072653836842647,1.544935365115196
run-endocytosis2_baseline_zero_diffusion0000-0032,14.3,1322,1.338492620546625,1.53413607991773
run-endocytosis2_baseline_zero_diffusion0000-0033,14.3,279,1.1144209737164545,1.478848546762882
run-endocytosis2_baseline_zero_diffusion0000-0034,14.3,45,0.9124641686473064,1.3995040875474989
run-endocytosis2_baseline_zero_diffusion0000-0035,14.3,7,0.1205262713111106,1.150080660270686
run-endocytosis2_baseline_zero_diffusion0000-0037,14.3,155,0.8768608732325771,1.5043407313916581
run-endocytosis2_baseline_zero_diffusion0000-0038,14.3,164,1.3151011080265425,1.3498384327016892
run-endocytosis2_baseline_zero_diffusion0000-0039,14.3,111,0.9981485320070027,1.4243633123385337
run-endocytosis2_baseline_zero_diffusion0000-0040,14.3,477,0.9445326457568184,1.5258728565826347
run-endocytosis2_baseline_zero_diffusion0000-0041,14.3,928,1.3266946484014093,1.5219600873278858
run-endocytosis2_baseline_zero_diffusion0000-0042,14.3,803,1.0661868955376619,1.5313508444326895
run-endocytosis2_baseline_zero_diffusion0000-0043,14.3,18,0.7134695299435251,1.108929537570369
run-endocytosis2_baseline_zero_diffusion0000-0044,14.3,1471,1.309921335159989,1.5418040066001752
run-endocytosis2_baseline_zero_diffusion0000-0045,14.3,47,0.21550304126533382,1.3785388148030875
run-endocytosis2_baseline_zero_diffusion0000-0046,14.3,340,0.8316653761856043,1.4944587451048235
run-endocytosis2_baseline_zero_diffusion0000-0047,14.3,948,1.1273042779579667,1.5095454421976457
run-endocytosis2_baseline_zero_diffusion0000-0048,14.3,746,1.2121172964789697,1.4687642880056906
run-endocytosis2_baseline_zero_diffusion0000-0049,14.3,19,1.2410828626481094,1.2590282570114046
run-endocytosis2_baseline_zero_diffusion0000-0000,14.4,17,1.319550148587226,1.2898757178393805
run-endocytosis2_baseline_zero_diffusion0000-0001,14.4,567,1.3346342999090712,1.5224239709624103
run-endocytosis2_baseline_zero_diffusion0000-0002,14.4,706,1.2879717338482246,1.4887856752435902
run-endocytosis2_baseline_zero_diffusion0000-0003,14.4,1359,1.266165470449697,1.5367571403477907
run-endocytosis2_baseline_zero_diffusion0000-0004,14.4,480,1.010137769139825,1.5222905583361745
run-endocytosis2_baseline_zero_diffusion0000-0005,14.4,387,1.1924707472075624,1.4907118154579748
run-endocytosis2_baseline_zero_diffusion0000-0006,14.4,1483,1.4556567537885157,1.523506598562109
run-endocytosis2_baseline_zero_diffusion0000-0007,14.4,525,1.1607742097990947,1.534593009239725
run-endocytosis2_baseline_zero_diffusion0000-0008,14.4,381,1.0380929561336452,1.4541464767316539
run-endocytosis2_baseline_zero_diffusion0000-0009,14.4,347,0.9557453881235403,1.5152950166944776
run-endocytosis2_baseline_zero_diffusion0000-0010,14.4,1336,1.3605485200077378,1.5366300207645849
run-endocytosis2_baseline_zero_diffusion0000-0011,14.4,37,1.1981083586754935,1.2141271191858718
run-endocytosis2_baseline_zero_diffusion0000-0012,14.4,1056,1.1711514959911082,1.4864307994107293
run-endocytosis2_baseline_zero_diffusion0000-0013,14.4,1152,1.3688550102911727,1.537597959705741
run-endocytosis2_baseline_zero_diffusion0000-0014,14.4,894,1.2391501820981765,1.5289611029027341
run-endocytosis2_baseline_zero_diffusion0000-0015,14.4,30,0.732577669945463,1.3435598521168
run-endocytosis2_baseline_zero_diffusion0000-0016,14.4,473,0.9685704766977004,1.5275744634273258
run-endocytosis2_baseline_zero_diffusion0000-0017,14.4,541,1.2493929382246405,1.4931112627657208
run-endocytosis2_baseline_zero_diffusion0000-0018,14.4,1233,0.8908562078786008,1.5321921493691772
run-endocytosis2_baseline_zero_diffusion0000-0019,14.4,1402,1.3434438092814656,1.538115586799193
run-endocytosis2_baseline_zero_diffusion0000-0020,14.4,12,0.7779155748074301,0.8106345100059785
run-endocytosis2_baseline_zero_diffusion0000-0021,14.4,1222,1.2530367895217616,1.4941271896957082
run-endocytosis2_baseline_zero_diffusion0000-0022,14.4,1224,1.1518806147960416,1.5346422197447103
run-endocytosis2_baseline_zero_diffusion0000-0023,14.4,623,1.3991826775109373,1.4918762166900046
run-endocytosis2_baseline_zero_diffusion0000-0024,14.4,109,1.2478108472404288,1.495954892009641
run-endocytosis2_baseline_zero_diffusion0000-0025,14.4,443,1.2129806986501006,1.515689119678617
run-endocytosis2_baseline_zero_diffusion0000-0026,14.4,7,0.018187757263370852,1.0626011854697441
run-endocytosis2_baseline_zero_diffusion0000-0027,14.4,231,0.6278351162733378,1.4925910842529806
run-endocytosis2_baseline_zero_diffusion0000-0028,14.4,610,1.2657779670439961,1.5157708510494978
run-endocytosis2_baseline_zero_diffusion0000-0029,14.4,1379,1.308783285075327,1.5379659979774436
run-endocytosis2_baseline_zero_diffusion0000-0030,14.4,1079,1.4193231251741671,1.540127014117796
run-endocytosis2_baseline_zero_diffusion0000-0031,14.4,839,1.092507212997655,1.4994568318822417
run-endocytosis2_baseline_zero_diffusion0000-0032,14.4,1326,1.301675995088471,1.5409854260227067
run-endocytosis2_baseline_zero_diffusion0000-0033,14.4,289,1.0874904241120977,1.494823400408544
run-endocytosis2_baseline_zero_diffusion0000-0034,14.4,45,0.8844586487299845,1.380583925716979
run-endocytosis2_baseline_zero_diffusion0000-0035,14.4,7,0.090373552045111,1.2182681205290988
run-endocytosis2_baseline_zero_diffusion0000-0037,14.4,157,0.9268078103888144,1.4423302511651561
run-endocytosis2_baseline_zero_diffusion0000-0038,14.4,164,1.2898361136297325,1.4752278150897669
run-endocytosis2_baseline_zero_diffusion0000-0039,14.4,111,0.9695076184351326,1.3652248098883428
run-endocytosis2_baseline_zero_diffusion0000-0040,14.4,495,0.9693529860982008,1.5294332317705086
run-endocytosis2_baseline_zero_diffusion0000-0041,14.4,931,1.303237762179755,1.5394939200719782
run-endocytosis2_baseline_zero_diffusion0000-0042,14.4,803,1.098651500392444,1.521782216300688
run-endocytosis2_baseline_zero_diffusion0000-0043,14.4,18,0.6935861097410219,1.2959664003676394
run-endocytosis2_baseline_zero_diffusion0000-0044,14.4,1476,1.3354829158812147,1.5343409564439325
run-endocytosis2_baseline_zero_diffusion0000-0045,14.4,47,0.3062174652958236,1.368267423451234
run-endocytosis2_baseline_zero_diffusion0000-0046,14.4,356,0.8540760786625692,1.49103494547893
run-endocytosis2_baseline_zero_diffusion0000-0047,14.4,958,1.1125683605627574,1.5104335133747395
run-endocytosis2_baseline_zero_diffusion0000-0048,14.4,753,1.2211557043621135,1.496778691067847
run-endocytosis2_baseline_zero_diffusion0000-0049,14.4,19,1.247009072871556,1.271178441656697
run-endocytosis2_baseline_zero_diffusion0000-0000,14.5,17,1.2907452339598398,1.06212401602927
run-endocytosis2_baseline_zero_diffusion0000-0001,14.5,588,1.3728090755829558,1.5173390883293436
run-endocytosis2_baseline_zero_diffusion0000-0002,14.5,709,1.2208455536891423,1.5243010073646674
run-endocytosis2_baseline_zero_diffusion0000-0003,14.5,1359,1.2774086799764792,1.5298795947874664
run-endocytosis2_baseline_zero_diffusion0000-0004,14.5,490,0.9767153221660693,1.5061653026531934
run-endocytosis2_baseline_zero_diffusion0000-0005,14.5,387,1.1812692810471552,1.5352147567700039
run-endocytosis2_baseline_zero_diffusion0000-0006,14.5,1493,1.4398989992739566,1.5434869322288296
run-endocytosis2_baseline_zero_diffusion0000-0007,14.5,525,1.238819147575016,1.517446579511898
run-endocytosis2_baseline_zero_diffusion0000-0008,14.5,381,1.0301619706444076,1.513542042507691
run-endocytosis2_baseline_zero_diffusion0000-0009,14.5,347,1.0136109328208707,1.470133483806863
run-endocytosis2_baseline_zero_diffusion0000-0010,14.5,1336,1.3767335581398785,1.5307085796113908
run-endocytosis2_baseline_zero_diffusion0000-0011,14.5,37,1.2100087725796094,1.3505628838203054
run-endocytosis2_baseline_zero_diffusion0000-0012,14.5,1080,1.255165283441678,1.5131578979034888
run-endocytosis2_baseline_zero_diffusion0000-0013,14.5,1178,1.3455222998005465,1.4928178572231272
run-endocytosis2_baseline_zero_diffusion0000-0014,14.5,902,1.2576303497224939,1.5184559526249453
run-endocytosis2_baseline_zero_diffusion0000-0015,14.5,30,0.7552766378705632,1.371237955551667
run-endocytosis2_baseline_zero_diffusion0000-0016,14.5,292,1.1795752904179206,1.5183867329310827
run-endocytosis2_baseline_zero_diffusion0000-0017,14.5,541,1.2258258982066392,1.5117969748691387
run-endocytosis2_baseline_zero_diffusion0000-0018,14.5,1246,0.9074582089815149,1.498920607013829
run-endocytosis2_baseline_zero_diffusion0000-0019,14.5,1409,1.351095576923561,1.5401672685570664
run-endocytosis2_baseline_zero_diffusion0000-0020,14.5,12,0.7726436141163218,1.0418830401490924
run-endocytosis2_baseline_zero_diffusion0000-0021,14.5,1225,1.2375479966460508,1.5447586801227984
run-endocytosis2_baseline_zero_diffusion0000-0022,14.5,1241,1.1546230683165786,1.515197775539959
run-endocytosis2_baseline_zero_diffusion0000-0023,14.5,638,1.3840397237645923,1.5134819979841632
run-endocytosis2_baseline_zero_diffusion0000-0024,14.5,109,1.3081116571481548,1.3919619307285243
run-endocytosis2_baseline_zero_diffusion0000-0025,14.5,449,1.2293420109599924,1.490017781205422
run-endocytosis2_baseline_zero_diffusion0000-0026,14.5,7,-0.0058267407931196225,1.1506981733639987
run-endocytosis2_baseline_zero_diffusion0000-0027,14.5,231,0.6010444617782978,1.5092557029944307
run-endocytosis2_baseline_zero_diffusion0000-0028,14.5,615,1.2888020218228222,1.527694792138456
run-endocytosis2_baseline_zero_diffusion0000-0029,14.5,1379,1.3519260910642659,1.526143491649269
run-endocytosis2_baseline_zero_diffusion0000-0030,14.5,1084,1.3824249067866048,1.5308345684951352
run-endocytosis2_baseline_zero_diffusion0000-0031,14.5,847,1.1057893123998324,1.540173735335963
run-endocytosis2_baseline_zero_diffusion0000-0032,14.5,1331,1.3220192503487578,1.5434828885995842
run-endocytosis2_baseline_zero_diffusion0000-0033,14.5,307,1.0703639295247165,1.502335519713163
run-endocytosis2_baseline_zero_diffusion0000-0034,14.5,45,0.8855053416741457,1.242226247527848
run-endocytosis2_baseline_zero_diffusion0000-0035,14.5,7,0.08663122582614102,1.0558031712287423
run-endocytosis2_baseline_zero_diffusion0000-0037,14.5,157,0.8672890795899814,1.4493035230510043
run-endocytosis2_baseline_zero_diffusion0000-0038,14.5,164,1.2900076343085267,1.4447474458800385
run-endocytosis2_baseline_zero_diffusion0000-0039,14.5,111,0.9935183771362314,1.4659662148768713
run-endocytosis2_baseline_zero_diffusion0000-0040,14.5,515,1.0466373209082653,1.5067675681017103
run-endocytosis2_baseline_zero_diffusion0000-0041,14.5,931,1.326556575629562,1.5461166670820436
run-endocytosis2_baseline_zero_diffusion0000-0042,14.5,803,1.1417953954170028,1.5031333569127177
run-endocytosis2_baseline_zero_diffusion0000-0043,14.5,18,0.697839710199825,1.3751180829951308
run-endocytosis2_baseline_zero_diffusion0000-0044,14.5,1477,1.2936369363139781,1.5120811295505785
run-endocytosis2_baseline_zero_diffusion0000-0045,14.5,53,0.3101823293910777,1.329358575923115
run-endocytosis2_baseline_zero_diffusion0000-0046,14.5,357,0.7573947084572501,1.4804553767033801
run-endocytosis2_baseline_zero_diffusion0000-0047,14.5,967,1.0936445835119708,1.517817855692345
run-endocytosis2_baseline_zero_diffusion0000-0048,14.5,756,1.2346336298995142,1.5233479885898025
run-endocytosis2_baseline_zero_diffusion0000-0049,14.5,19,1.2269145594855417,1.3103090582546377
run-endocytosis2_baseline_zero_diffusion0000-0000,14.6,17,1.2957379494440855,1.2445473040122474
run-endocytosis2_baseline_zero_diffusion0000-0001,14.6,609,1.3523668395727113,1.541133644208132
run-endocytosis2_baseline_zero_diffusion0000-0002,14.6,709,1.2001723396635164,1.5215437412608304
run-endocytosis2_baseline_zero_diffusion0000-0003,14.6,1362,1.2814988540779724,1.512259275000237
run-endocytosis2_baseline_zero_diffusion0000-0004,14.6,506,0.9811231877013744,1.518982337992446
run-endocytosis2_baseline_zero_diffusion0000-0005,14.6,387,1.2091514481943657,1.52971138291874
run-endocytosis2_baseline_zero_diffusion0000-0006,14.6,1503,1.440529327535081,1.5467139085229034
run-endocytosis2_baseline_zero_diffusion0000-0007,14.6,525,1.2672048815261332,1.4974154682891967
run-endocytosis2_baseline_zero_diffusion0000-0008,14.6,384,1.0221574121836423,1.501885083943878
run-endocytosis2_baseline_zero_diffusion0000-0009,14.6,347,1.1333577083519502,1.5067749799708514
run-endocytosis2_baseline_zero_diffusion0000-0010,14.6,1336,1.3729864361928965,1.519824281522137
run-endocytosis2_baseline_zero_diffusion0000-0011,14.6,37,1.2132719503754457,1.3919570767044944
run-endocytosis2_baseline_zero_diffusion0000-0012,14.6,1090,1.2578985293192682,1.5255599345297113
run-endocytosis2_baseline_zero_diffusion0000-0013,14.6,1199,1.390966207306206,1.5335171693787701
run-endocytosis2_baseline_zero_diffusion0000-0014,14.6,902,1.2384526795725836,1.5144545567158798
run-endocytosis2_baseline_zero_diffusion0000-0015,14.6,30,0.763107522828909,1.3358340110584275
run-endocytosis2_baseline_zero_diffusion0000-0016,14.6,516,0.9750024461923755,1.5272104893301455
run-endocytosis2_baseline_zero_diffusion0000-0017,14.6,541,1.2402451516419508,1.499319405542209
run-endocytosis2_baseline_zero_diffusion0000-0018,14.6,1252,0.9046242037162916,1.5411116789822714
run-endocytosis2_baseline_zero_diffusion0000-0019,14.6,1412,1.3493847435018984,1.5331490872310563
run-endocytosis2_baseline_zero_diffusion0000-0020,14.6,12,0.7652684203018449,1.1519222511518312
run-endocytosis2_baseline_zero_diffusion0000-0021,14.6,1230,1.2746962404780424,1.5251144281516895
run-endocytosis2_baseline_zero_diffusion0000-0022,14.6,1266,1.1883738169763296,1.5372430787031541
run-endocytosis2_baseline_zero_diffusion0000-0023,14.6,653,1.3331887058856902,1.5137307851646218
run-endocytosis2_baseline_zero_diffusion0000-0024,14.6,109,1.2616050523226539,1.445914835230502
run-endocytosis2_baseline_zero_diffusion0000-0025,14.6,463,1.273819380063738,1.5007628112423377
run-endocytosis2_baseline_zero_diffusion0000-0026,14.6,7,0.010526445499144721,1.128352437316141
run-endocytosis2_baseline_zero_diffusion0000-0027,14.6,238,0.6297656795160587,1.469257203711696
run-endocytosis2_baseline_zero_diffusion0000-0028,14.6,625,1.2809092247114136,1.5193712061240832
run-endocytosis2_baseline_zero_diffusion0000-0029,14.6,1385,1.3590715674690246,1.5371483191528654
run-endocytosis2_baseline_zero_diffusion0000-0030,14.6,1086,1.4096681571033058,1.5409879846654315
run-endocytosis2_baseline_zero_diffusion0000-0031,14.6,857,1.0757642194653316,1.53666981225791
run-endocytosis2_baseline_zero_diffusion0000-0032,14.6,1334,1.3405587132607446,1.5354437392710667
run-endocytosis2_baseline_zero_diffusion0000-0033,14.6,324,1.0971075055372674,1.5149965116343176
run-endocytosis2_baseline_zero_diffusion0000-0034,14.6,45,0.9021166701505333,1.3092916046802128
run-endocytosis2_baseline_zero_diffusion0000-0035,14.6,7,0.09044144636420226,1.1355268744607874
run-endocytosis2_baseline_zero_diffusion0000-0037,14.6,160,0.8900124249317077,1.4148440267163827
run-endocytosis2_baseline_zero_diffusion0000-0038,14.6,164,1.30584142403057,1.4937908586268862
run-endocytosis2_baseline_zero_diffusion0000-0039,14.6,111,0.9990285185847039,1.4069227419524888
run-endocytosis2_baseline_zero_diffusion0000-0040,14.6,532,1.0692699207348602,1.5336173732086356
run-endocytosis2_baseline_zero_diffusion0000-0041,14.6,931,1.3264753844842943,1.52392562509378
run-endocytosis2_baseline_zero_diffusion0000-0042,14.6,809,1.0607307819194083,1.49415328770023
run-endocytosis2_baseline_zero_diffusion0000-0043,14.6,18,0.7012806175619879,1.2608055532105178
run-endocytosis2_baseline_zero_diffusion0000-0044,14.6,1467,1.3064138423247258,1.5205883737987367
run-endocytosis2_baseline_zero_diffusion0000-0045,14.6,53,0.21638819616346794,1.2417213781627614
run-endocytosis2_baseline_zero_diffusion0000-0046,14.6,357,0.806628094917833,1.5098351356909094
run-endocytosis2_baseline_zero_diffusion0000-0047,14.6,973,1.0875237504251944,1.5264891614071656
run-endocytosis2_baseline_zero_diffusion0000-0048,14.6,766,1.2330579667202344,1.522439699374996
run-endocytosis2_baseline_zero_diffusion0000-0049,14.6,19,1.229867670494924,1.1070728837857955
run-endocytosis2_baseline_zero_diffusion0000-0000,14.7,17,1.2872134931140942,1.2147087951627067
run-endocytosis2_baseline_zero_diffusion0000-0001,14.7,631,1.3935741675717077,1.5336209305314399
run-endocytosis2_baseline_zero_diffusion0000-0002,14.7,709,1.2067031989170782,1.5083462199915976
run-endocytosis2_baseline_zero_diffusion0000-0003,14.7,1368,1.2818524354015297,1.5344096724240253
run-endocytosis2_baseline_zero_diffusion0000-0004,14.7,517,1.0529678060800904,1.5051942364589865
run-endocytosis2_baseline_zero_diffusion0000-0005,14.7,387,1.1297968732033374,1.4944557706068968
run-endocytosis2_baseline_zero_diffusion0000-0006,14.7,1511,1.4326324186384303,1.541114229353658
run-endocytosis2_baseline_zero_diffusion0000-0007,14.7,531,1.2174625369302212,1.506131394446653
run-endocytosis2_baseline_zero_diffusion0000-0008,14.7,390,1.0690915678927067,1.5249316238161028
run-endocytosis2_baseline_zero_diffusion0000-0009,14.7,347,1.1252114955259,1.5107536703640907
run-endocytosis2_baseline_zero_diffusion0000-0010,14.7,1336,1.3555603050411518,1.5344121750808415
run-endocytosis2_baseline_zero_diffusion0000-0011,14.7,37,1.207141944899612,1.3104383979034355
run-endocytosis2_baseline_zero_diffusion0000-0012,14.7,1097,1.2798577607335113,1.5391877519408637
run-endocytosis2_baseline_zero_diffusion0000-0013,14.7,1217,1.3746056595566007,1.5255850010137806
run-endocytosis2_baseline_zero_diffusion0000-0014,14.7,907,1.2638480586552259,1.5008476111531288
run-endocytosis2_baseline_zero_diffusion0000-0015,14.7,30,0.7633401634199894,1.313558991019839
run-endocytosis2_baseline_zero_diffusion0000-0016,14.7,537,0.9593653751296953,1.5000432453244106
run-endocytosis2_baseline_zero_diffusion0000-0017,14.7,547,1.2016800260288711,1.4994791284640867
run-endocytosis2_baseline_zero_diffusion0000-0018,14.7,1253,0.9310741200631769,1.4648627265143102
run-endocytosis2_baseline_zero_diffusion0000-0019,14.7,1415,1.3246204432783337,1.534832794843793
run-endocytosis2_baseline_zero_diffusion0000-0020,14.7,12,0.792731432501203,1.2737463378291078
run-endocytosis2_baseline_zero_diffusion0000-0021,14.7,1232,1.2633879962714867,1.5207979239498703
run-endocytosis2_baseline_zero_diffusion0000-0022,14.7,1280,1.2256524881630257,1.5442801897663834
run-endocytosis2_baseline_zero_diffusion0000-0023,14.7,659,1.351705373151285,1.501983756202642
run-endocytosis2_baseline_zero_diffusion0000-0024,14.7,109,1.3318659960988477,1.3554273384560172
run-endocytosis2_baseline_zero_diffusion0000-0025,14.7,466,1.3094079873742563,1.51547377987419
run-endocytosis2_baseline_zero_diffusion0000-0026,14.7,7,-0.003091245849051072,1.176979523913316
run-endocytosis2_baseline_zero_diffusion0000-0027,14.7,248,0.6579803446108761,1.4309667460570945
run-endocytosis2_baseline_zero_diffusion0000-0028,14.7,630,1.3091037322303163,1.4916131554671235
run-endocytosis2_baseline_zero_diffusion0000-0029,14.7,1395,1.3811146850641587,1.5225913547405627
run-endocytosis2_baseline_zero_diffusion0000-0030,14.7,1102,1.435354996912422,1.488440967177469
run-endocytosis2_baseline_zero_diffusion0000-0031,14.7,875,1.0986681511635554,1.5369040401576026
run-endocytosis2_baseline_zero_diffusion0000-0032,14.7,1334,1.4160980132709815,1.5489723245585232
run-endocytosis2_baseline_zero_diffusion0000-0033,14.7,333,1.0568688846865801,1.474416873716242
run-endocytosis2_baseline_zero_diffusion0000-0034,14.7,33,1.0605381789823285,1.3429928879681705
run-endocytosis2_baseline_zero_diffusion0000-0035,14.7,7,0.12694148175757825,0.7630604622275898
run-endocytosis2_baseline_zero_diffusion0000-0037,14.7,160,0.841039381580471,1.4586705434325564
run-endocytosis2_baseline_zero_diffusion0000-0038,14.7,166,1.3238269158672034,1.5242453406559822
run-endocytosis2_baseline_zero_diffusion0000-0039,14.7,111,0.9771221326518537,1.457256374345546
run-endocytosis2_baseline_zero_diffusion0000-0040,14.7,546,1.0922891129449916,1.5148858519872475
run-endocytosis2_baseline_zero_diffusion0000-0041,14.7,931,1.2988577364738016,1.5182172371455078
run-endocytosis2_baseline_zero_diffusion0000-0042,14.7,809,1.0466084955212127,1.5298253253012322
run-endocytosis2_baseline_zero_diffusion0000-0043,14.7,18,0.6861134414474882,1.2981291870069596
run-endocytosis2_baseline_zero_diffusion0000-0044,14.7,1477,1.320077900561625,1.5249509943445234
run-endocytosis2_baseline_zero_diffusion0000-0045,14.7,61,0.11626978029704182,1.4405691861604382
run-endocytosis2_baseline_zero_diffusion0000-0046,14.7,361,0.8114440567087398,1.4701928525788153
run-endocytosis2_baseline_zero_diffusion0000-0047,14.7,987,1.1144940260378282,1.533218807690683
run-endocytosis2_baseline_zero_diffusion0000-0048,14.7,770,1.22053289750347,1.5095427004343267
run-endocytosis2_baseline_zero_diffusion0000-0049,14.7,19,1.2184738515311957,1.392457506948734
run-endocytosis2_baseline_zero_diffusion0000-0000,14.8,17,1.2911344288900666,1.2263985554919623
run-endocytosis2_baseline_zero_diffusion0000-0001,14.8,623,1.442433851954887,1.5347730248944795
run-endocytosis2_baseline_zero_diffusion0000-0002,14.8,711,1.1396942811255344,1.5183717910329944
run-endocytosis2_baseline_zero_diffusion0000-0003,14.8,1373,1.2899169512519475,1.5230627572191033
run-endocytosis2_baseline_zero_diffusion0000-0004,14.8,531,1.0504511828924141,1.5076603215310327
run-endocytosis2_baseline_zero_diffusion0000-0005,14.8,387,1.0765042157385332,1.4642246923061644
run-endocytosis2_baseline_zero_diffusion0000-0006,14.8,1511,1.4509882223617334,1.5336303517481429
run-endocytosis2_baseline_zero_diffusion0000-0007,14.8,542,1.167952434351476,1.5107429317083092
run-endocytosis2_baseline_zero_diffusion0000-0008,14.8,399,1.0461443088977473,1.521860974480533
run-endocytosis2_baseline_zero_diffusion0000-0009,14.8,352,1.1043852965679173,1.4952964150985075
run-endocytosis2_baseline_zero_diffusion0000-0010,14.8,1336,1.3162405796974135,1.5319721254017675
run-endocytosis2_baseline_zero_diffusion0000-0011,14.8,37,1.2003993531373096,1.3824941728175324
run-endocytosis2_baseline_zero_diffusion0000-0012,14.8,1106,1.2345975646109661,1.5229048803724903
run-endocytosis2_baseline_zero_diffusion0000-0013,14.8,1227,1.3505571979825877,1.5250547388447961
run-endocytosis2_baseline_zero_diffusion0000-0014,14.8,912,1.286538572013458,1.5059367693162204
run-endocytosis2_baseline_zero_diffusion0000-0015,14.8,30,0.7592370007559751,1.2454017005515896
run-endocytosis2_baseline_zero_diffusion0000-0016,14.8,565,0.9537163619079735,1.5342973170076277
run-endocytosis2_baseline_zero_diffusion0000-0017,14.8,555,1.2110220932148814,1.523660005597453
run-endocytosis2_baseline_zero_diffusion0000-0018,14.8,1253,0.9063563541788412,1.5295208086231182
run-endocytosis2_baseline_zero_diffusion0000-0019,14.8,1415,1.3640152790171691,1.5466716448229292
run-endocytosis2_baseline_zero_diffusion0000-0020,14.8,12,0.785227741092384,1.3232627706766453
run-endocytosis2_baseline_zero_diffusion0000-0021,14.8,1232,1.25728123219827,1.540228228379448
run-endocytosis2_baseline_zero_diffusion0000-0022,14.8,1295,1.215665588920156,1.532270215280246
run-endocytosis2_baseline_zero_diffusion0000-0023,14.8,665,1.3453003893341544,1.5095018312474915
run-endocytosis2_baseline_zero_diffusion0000-0024,14.8,109,1.3414027493871512,1.467238326064272
run-endocytosis2_baseline_zero_diffusion0000-0025,14.8,480,1.354913275274124,1.5141787618612916
run-endocytosis2_baseline_zero_diffusion0000-0026,14.8,7,0.019257574948001954,1.2202051252329145
run-endocytosis2_baseline_zero_diffusion0000-0027,14.8,249,0.6041556067280647,1.4745740463375216
run-endocytosis2_baseline_zero_diffusion0000-0028,14.8,641,1.3255708187407227,1.5453876352736677
run-endocytosis2_baseline_zero_diffusion0000-0029,14.8,1405,1.4235084891989414,1.5106629751455054
run-endocytosis2_baseline_zero_diffusion0000-0030,14.8,1129,1.3293079080653,1.5146450412933246
run-endocytosis2_baseline_zero_diffusion0000-0031,14.8,885,1.07695865799219,1.5326839805064147
run-endocytosis2_baseline_zero_diffusion0000-0032,14.8,1334,1.3826431522519589,1.53789028476163
run-endocytosis2_baseline_zero_diffusion0000-0033,14.8,333,1.0699269945538545,1.5015480385113178
run-endocytosis2_baseline_zero_diffusion0000-0034,14.8,33,1.0600919965889986,1.192500265269177
run-endocytosis2_baseline_zero_diffusion0000-0035,14.8,7,0.09696919925372072,0.9899170469169946
run-endocytosis2_baseline_zero_diffusion0000-0037,14.8,160,0.8827347819653657,1.4407965229152186
run-endocytosis2_baseline_zero_diffusion0000-0038,14.8,166,1.2448273867432726,1.4210636934603285
run-endocytosis2_baseline_zero_diffusion0000-0039,14.8,113,0.9894259879426065,1.384995529465958
run-endocytosis2_baseline_zero_diffusion0000-0040,14.8,573,1.120897089353345,1.5012439722921762
run-endocytosis2_baseline_zero_diffusion0000-0041,14.8,931,1.2883701414302746,1.5156691182719992
run-endocytosis2_baseline_zero_diffusion0000-0042,14.8,809,1.0466831965071681,1.4507316233755225
run-endocytosis2_baseline_zero_diffusion0000-0043,14.8,18,0.7023551732948994,1.3232384704304248
run-endocytosis2_baseline_zero_diffusion0000-0044,14.8,1489,1.3215291343458773,1.5117770532737553
run-endocytosis2_baseline_zero_diffusion0000-0045,14.8,67,0.2406265977021267,1.398503695229051
run-endocytosis2_baseline_zero_diffusion0000-0046,14.8,370,0.809484098197079,1.507473479535653
run-endocytosis2_baseline_zero_diffusion0000-0047,14.8,1004,1.107411602810208,1.5285715066514622
run-endocytosis2_baseline_zero_diffusion0000-0048,14.8,776,1.2211314538084423,1.5294547454829606
run-endocytosis2_baseline_zero_diffusion0000-0049,14.8,19,1.2272485991530062,1.2751213599068705
run-endocytosis2_baseline_zero_diffusion0000-0000,14.9,17,1.300478038890793,1.1508257687107137
run-endocytosis2_baseline_zero_diffusion0000-0001,14.9,628,1.432943407699152,1.4847890426545565
run-endocytosis2_baseline_zero_diffusion0000-0002,14.9,716,1.0936715982976632,1.530981369912354
run-endocytosis2_baseline_zero_diffusion0000-0003,14.9,1378,1.2692301047682242,1.515057368857098
run-endocytosis2_baseline_zero_diffusion0000-0004,14.9,549,1.0872927962736685,1.5362399575613015
run-endocytosis2_baseline_zero_diffusion0000-0005,14.9,387,1.1315963155116642,1.5194716701754207
run-endocytosis2_baseline_zero_diffusion0000-0006,14.9,1515,1.476910686558048,1.5412387534827177
run-endocytosis2_baseline_zero_diffusion0000-0007,14.9,553,1.1877904706359161,1.5201024374908882
run-endocytosis2_baseline_zero_diffusion0000-0008,14.9,405,1.0990367584382583,1.5043183036859846
run-endocytosis2_baseline_zero_diffusion0000-0009,14.9,352,1.0849650152008792,1.507804592989221
run-endocytosis2_baseline_zero_diffusion0000-0010,14.9,1336,1.3697394781953205,1.5359966663813494
run-endocytosis2_baseline_zero_diffusion0000-0011,14.9,37,1.2093580757419358,1.1769169247591678
run-endocytosis2_baseline_zero_diffusion0000-0012,14.9,664,1.352295409697977,1.517810309977444
run-endocytosis2_baseline_zero_diffusion0000-0013,14.9,1236,1.417431022243531,1.531903920837693
run-endocytosis2_baseline_zero_diffusion0000-0014,14.9,923,1.2843801633225131,1.5168952130813838
run-endocytosis2_baseline_zero_diffusion0000-0015,14.9,30,0.6519397766208324,1.2391921841707325
run-endocytosis2_baseline_zero_diffusion0000-0016,14.9,579,0.9172582837864046,1.5291124408703518
run-endocytosis2_baseline_zero_diffusion0000-0017,14.9,563,1.2523058055363365,1.5254587882241157
run-endocytosis2_baseline_zero_diffusion0000-0018,14.9,1253,0.8995465810707646,1.5206004770868395
run-endocytosis2_baseline_zero_diffusion0000-0019,14.9,1415,1.3275335210370032,1.527511923924713
run-endocytosis2_baseline_zero_diffusion0000-0020,14.9,12,0.7915494418455631,1.2713445165264319
run-endocytosis2_baseline_zero_diffusion0000-0021,14.9,1232,1.251276056124363,1.541406049760952
run-endocytosis2_baseline_zero_diffusion0000-0022,14.9,1296,1.1957141738728503,1.5213056019563478
run-endocytosis2_baseline_zero_diffusion0000-0023,14.9,665,1.3616108186710254,1.5071652606681643
run-endocytosis2_baseline_zero_diffusion0000-0024,14.9,109,1.2631835736838064,1.4210263714203386
run-endocytosis2_baseline_zero_diffusion0000-0025,14.9,488,1.3790278522016028,1.4888596448980527
run-endocytosis2_baseline_zero_diffusion0000-0026,14.9,7,0.005349485600681714,1.182539676478495
run-endocytosis2_baseline_zero_diffusion0000-0027,14.9,249,0.5889731361921979,1.5048245736834653
run-endocytosis2_baseline_zero_diffusion0000-0028,14.9,646,1.2819893673382556,1.4943976810397066
run-endocytosis2_baseline_zero_diffusion0000-0029,14.9,1410,1.398306603398125,1.5410239301487407
run-endocytosis2_baseline_zero_diffusion0000-0030,14.9,1147,1.390553060463387,1.5372478632261426
run-endocytosis2_baseline_zero_diffusion0000-0031,14.9,892,1.0700314363730052,1.503932993772818
run-endocytosis2_baseline_zero_diffusion0000-0032,14.9,1334,1.3788416502194172,1.5410394592898031
run-endocytosis2_baseline_zero_diffusion0000-0033,14.9,333,1.0851448481768915,1.4833358771430993
run-endocytosis2_baseline_zero_diffusion0000-0034,14.9,33,1.051540311514258,1.3438211056751976
run-endocytosis2_baseline_zero_diffusion0000-0035,14.9,7,0.08650419145842303,0.9599736220133108
run-endocytosis2_baseline_zero_diffusion0000-0037,14.9,160,0.9074001185365873,1.5050542128925652
run-endocytosis2_baseline_zero_diffusion0000-0038,14.9,170,1.3092124548954442,1.4443306731466417
run-endocytosis2_baseline_zero_diffusion0000-0039,14.9,117,0.9701176557404994,1.4932928232629379
run-endocytosis2_baseline_zero_diffusion0000-0040,14.9,599,1.1393321376181509,1.4870537433546969
run-endocytosis2_baseline_zero_diffusion0000-0041,14.9,931,1.3130940444531098,1.5374392354594166
run-endocytosis2_baseline_zero_diffusion0000-0042,14.9,811,1.0500606179703746,1.5272525910561576
run-endocytosis2_baseline_zero_diffusion0000-0043,14.9,18,0.6720898483200745,1.3294807078586035
run-endocytosis2_baseline_zero_diffusion0000-0044,14.9,1496,1.2796433486722512,1.4910138134148065
run-endocytosis2_baseline_zero_diffusion0000-0045,14.9,73,0.2393453169105595,1.4075624548779073
run-endocytosis2_baseline_zero_diffusion0000-0046,14.9,375,0.8599457741098347,1.5078711403962046
run-endocytosis2_baseline_zero_diffusion0000-0047,14.9,1014,1.0949251821026502,1.5392588109549326
run-endocytosis2_baseline_zero_diffusion0000-0048,14.9,794,1.2242469952981976,1.5322598584226725
run-endocytosis2_baseline_zero_diffusion0000-0049,14.9,19,1.2348646970976598,1.3371175734117517
run-endocytosis2_baseline_zero_diffusion0000-0000,15.0,17,1.3012953354974455,1.3555171723216886
run-endocytosis2_baseline_zero_diffusion0000-0001,15.0,640,1.447263995469107,1.5180968334481988
run-endocytosis2_baseline_zero_diffusion0000-0002,15.0,725,1.0781014639028752,1.539922293959868
run-endocytosis2_baseline_zero_diffusion0000-0003,15.0,1381,1.3374029210921226,1.5373708910350194
run-endocytosis2_baseline_zero_diffusion0000-0004,15.0,561,1.0414673385441882,1.4970953382465833
run-endocytosis2_baseline_zero_diffusion0000-0005,15.0,387,1.1211922058008033,1.4992901315664393
run-endocytosis2_baseline_zero_diffusion0000-0006,15.0,1520,1.467607098281729,1.5207677384844502
run-endocytosis2_baseline_zero_diffusion0000-0007,15.0,560,1.1396830537048848,1.5245819036319805
run-endocytosis2_baseline_zero_diffusion0000-0008,15.0,410,1.083860797213132,1.486928256782731
run-endocytosis2_baseline_zero_diffusion0000-0009,15.0,352,1.0600182374740421,1.4741302744941471
run-endocytosis2_baseline_zero_diffusion0000-0010,15.0,1336,1.3756522369933515,1.505474188456763
run-endocytosis2_baseline_zero_diffusion0000-0011,15.0,41,1.2939220735661463,1.3558350435658788
run-endocytosis2_baseline_zero_diffusion0000-0012,15.0,669,1.3152545037981604,1.5348879752012405
run-endocytosis2_baseline_zero_diffusion0000-0013,15.0,1244,1.4025657870540775,1.537982894049426
run-endocytosis2_baseline_zero_diffusion0000-0014,15.0,933,1.3308987975546314,1.52875389695222
run-endocytosis2_baseline_zero_diffusion0000-0015,15.0,30,0.6587936524361786,1.1879954484364892
run-endocytosis2_baseline_zero_diffusion0000-0016,15.0,590,0.961254268071866,1.5092371510443103
run-endocytosis2_baseline_zero_diffusion0000-0017,15.0,571,1.2486189295705281,1.5164629270454006
run-endocytosis2_baseline_zero_diffusion0000-0018,15.0,1258,0.8901531819841967,1.5505024258996973
run-endocytosis2_baseline_zero_diffusion0000-0019,15.0,1415,1.3264854223031617,1.5173823570246112
run-endocytosis2_baseline_zero_diffusion0000-0020,15.0,12,0.7648402065535705,1.2338302803683696
run-endocytosis2_baseline_zero_diffusion0000-0021,15.0,1241,1.2394409111332676,1.5431243308582643
run-endocytosis2_baseline_zero_diffusion0000-0022,15.0,1296,1.1727639599194393,1.5364745032140472
run-endocytosis2_baseline_zero_diffusion0000-0023,15.0,669,1.3673670596971865,1.5126548688595058
run-endocytosis2_baseline_zero_diffusion0000-0024,15.0,109,1.3126699576116734,1.4490288494499999
run-endocytosis2_baseline_zero_diffusion0000-0025,15.0,497,1.4024087740329807,1.4818212319046797
run-endocytosis2_baseline_zero_diffusion0000-0026,15.0,7,0.004679145734024948,0.9217512398451583
run-endocytosis2_baseline_zero_diffusion0000-0027,15.0,249,0.6340544699263692,1.4897600717107014
run-endocytosis2_baseline_zero_diffusion0000-0028,15.0,651,1.2809768205393628,1.5035293876845728
run-endocytosis2_baseline_zero_diffusion0000-0029,15.0,1418,1.3696118099148202,1.540979220089804
run-endocytosis2_baseline_zero_diffusion0000-0030,15.0,1162,1.3153530804337503,1.5392436945530865
run-endocytosis2_baseline_zero_diffusion0000-0031,15.0,905,1.0177111821845068,1.5196660245432092
run-endocytosis2_baseline_zero_diffusion0000-0032,15.0,1334,1.3793246027400312,1.5288739361213044
run-endocytosis2_baseline_zero_diffusion0000-0033,15.0,339,1.1031578342870574,1.4868032067458896
run-endocytosis2_baseline_zero_diffusion0000-0034,15.0,33,1.0557159147551476,1.3064469024230605
run-endocytosis2_baseline_zero_diffusion0000-0035,15.0,7,0.10685213023020523,0.9693448011777654
run-endocytosis2_baseline_zero_diffusion0000-0037,15.0,160,0.8716840565384615,1.4825102654052635
run-endocytosis2_baseline_zero_diffusion0000-0038,15.0,175,1.2849563133336623,1.5051895272233078
run-endocytosis2_baseline_zero_diffusion0000-0039,15.0,117,0.9752004970386877,1.410248344470192
run-endocytosis2_baseline_zero_diffusion0000-0040,15.0,613,1.1184711585921459,1.536396618864075
run-endocytosis2_baseline_zero_diffusion0000-0041,15.0,931,1.376670197415953,1.5319872610372138
run-endocytosis2_baseline_zero_diffusion0000-0042,15.0,811,0.9928297298030728,1.480663784799828
run-endocytosis2_baseline_zero_diffusion0000-0043,15.0,18,0.6764520017850613,1.239457153444532
run-endocytosis2_baseline_zero_diffusion0000-0044,15.0,1504,1.328661868484894,1.546685264374576
run-endocytosis2_baseline_zero_diffusion0000-0045,15.0,76,0.22567344574149084,1.380660781339343
run-endocytosis2_baseline_zero_diffusion0000-0046,15.0,393,0.9591618772080952,1.5025794484091926
run-endocytosis2_baseline_zero_diffusion0000-0047,15.0,1017,1.081093077090719,1.5383715633956645
run-endocytosis2_baseline_zero_diffusion0000-0048,15.0,812,1.1621310276186136,1.4925936288602069
run-endocytosis2_baseline_zero_diffusion0000-0049,15.0,19,1.242099143254602,1.3263840282571386
